pdb_id,step,sigma,n_samples,ca_rmsd_to_final_mean,ca_rmsd_to_final_sd,ca_rmsd_to_native_mean,ca_rmsd_to_native_sd,ca_rmsd_step_delta_mean
7RTR,1,2485.54,5,2461.6146,13.0151,2461.5963,12.9899,
7RTR,2,2412.94,5,2161.2282,29.2866,2161.2098,29.2452,2612.2913
7RTR,3,2342.16,5,2066.4429,19.4327,2066.4436,19.4241,2447.7308
7RTR,4,2273.18,5,1985.2314,19.5419,1985.2507,19.5546,2375.7204
7RTR,5,2205.94,5,1903.2558,23.9798,1903.3030,23.9731,2276.5410
7RTR,6,2140.41,5,1865.6027,34.2258,1865.5946,34.2020,2183.5241
7RTR,7,2076.56,5,1785.4690,39.6954,1785.5513,39.6916,2112.3050
7RTR,8,2014.35,5,1739.2049,33.3602,1739.1928,33.4078,2097.2891
7RTR,9,1953.74,5,1721.0838,18.3257,1721.1065,18.3491,1985.9473
7RTR,10,1894.71,5,1651.7499,50.8887,1651.7562,50.8949,1957.0392
7RTR,11,1837.2,5,1580.1204,32.0428,1580.1293,32.0303,1871.1982
7RTR,12,1781.21,5,1557.1700,20.8716,1557.1629,20.8356,1817.7437
7RTR,13,1726.68,5,1484.4111,23.2471,1484.4266,23.2422,1783.0951
7RTR,14,1673.58,5,1456.7084,31.2587,1456.6470,31.2801,1713.8902
7RTR,15,1621.9,5,1395.5814,18.5332,1395.5711,18.5252,1646.0899
7RTR,16,1571.58,5,1344.9279,22.8253,1344.9099,22.8208,1598.8736
7RTR,17,1522.62,5,1299.3772,20.5516,1299.3161,20.5685,1544.5681
7RTR,18,1474.96,5,1275.0905,22.1807,1275.1057,22.1692,1503.4766
7RTR,19,1428.59,5,1222.4721,20.2637,1222.5092,20.2750,1469.7399
7RTR,20,1383.47,5,1187.9117,20.5607,1187.9179,20.5441,1391.3422
7RTR,21,1339.59,5,1156.2299,34.6054,1156.2308,34.5676,1352.6357
7RTR,22,1296.9,5,1127.7344,32.8858,1127.7935,32.8613,1340.2014
7RTR,23,1255.38,5,1090.6189,13.2564,1090.6284,13.2709,1292.8193
7RTR,24,1215,5,1056.5347,15.3783,1056.5499,15.3623,1244.6575
7RTR,25,1175.75,5,1011.7451,10.6633,1011.7664,10.6792,1211.1723
7RTR,26,1137.58,5,989.5017,30.7007,989.5296,30.6926,1169.9195
7RTR,27,1100.49,5,932.1156,12.0323,932.1450,12.0600,1133.3988
7RTR,28,1064.43,5,917.6474,11.7456,917.7048,11.7489,1081.7414
7RTR,29,1029.39,5,892.9030,10.5007,892.9169,10.4726,1054.5428
7RTR,30,995.349,5,859.0158,19.0408,859.0127,19.0382,1031.8557
7RTR,31,962.275,5,829.0341,15.5179,829.0567,15.5409,990.7930
7RTR,32,930.147,5,801.5038,13.4779,801.5925,13.4763,945.3117
7RTR,33,898.942,5,781.9354,6.9302,782.0045,6.9555,920.5664
7RTR,34,868.639,5,756.1496,13.2307,756.1755,13.2018,911.7789
7RTR,35,839.216,5,723.7556,9.1591,723.7894,9.1547,865.5615
7RTR,36,810.652,5,710.8013,8.3778,710.8301,8.3628,825.3418
7RTR,37,782.924,5,676.7654,9.4086,676.7730,9.4061,813.1364
7RTR,38,756.014,5,647.2663,11.5712,647.2572,11.6257,778.2000
7RTR,39,729.901,5,639.6999,17.2681,639.7275,17.2406,758.9840
7RTR,40,704.564,5,607.5335,11.4036,607.5873,11.4122,737.9950
7RTR,41,679.985,5,584.4517,4.7242,584.4720,4.7253,698.9359
7RTR,42,656.145,5,560.4821,5.7720,560.4726,5.7274,675.2079
7RTR,43,633.025,5,535.2364,5.8383,535.2746,5.8309,645.0832
7RTR,44,610.606,5,524.3581,2.4716,524.3269,2.4734,623.0670
7RTR,45,588.872,5,506.7760,10.9257,506.8284,10.9595,598.6986
7RTR,46,567.804,5,489.3464,7.3466,489.3566,7.3233,578.5550
7RTR,47,547.386,5,473.7443,3.6839,473.7618,3.6802,568.4337
7RTR,48,527.6,5,448.0548,5.5134,448.0576,5.5460,534.0871
7RTR,49,508.43,5,428.3332,11.9042,428.4376,11.8845,511.8440
7RTR,50,489.861,5,418.4553,9.4020,418.4664,9.3595,499.9023
7RTR,51,471.875,5,403.0899,2.9921,403.1257,2.9500,483.0571
7RTR,52,454.46,5,396.9814,7.4332,397.0122,7.4127,463.4423
7RTR,53,437.597,5,373.6487,10.8989,373.6731,10.8598,443.3872
7RTR,54,421.274,5,363.4913,11.9429,363.4711,11.9585,431.2217
7RTR,55,405.476,5,349.2371,6.5125,349.2562,6.5299,420.3676
7RTR,56,390.188,5,334.4623,4.9549,334.5171,4.9611,400.8650
7RTR,57,375.397,5,321.4134,5.6732,321.4357,5.6805,387.9566
7RTR,58,361.089,5,306.7659,4.9562,306.8115,4.9857,366.5627
7RTR,59,347.251,5,295.6985,7.0097,295.7174,7.0198,356.3638
7RTR,60,333.87,5,280.2593,5.4274,280.2526,5.4349,335.7053
7RTR,61,320.934,5,271.6203,2.7266,271.6444,2.7192,324.4517
7RTR,62,308.43,5,264.8350,4.2447,264.8419,4.2979,315.2996
7RTR,63,296.345,5,253.8415,4.4775,253.8717,4.4870,304.7735
7RTR,64,284.669,5,245.1905,1.8776,245.1924,1.8772,290.0481
7RTR,65,273.389,5,235.5573,4.0119,235.5719,4.0490,280.3458
7RTR,66,262.495,5,221.7401,4.7193,221.6965,4.7475,272.0403
7RTR,67,251.974,5,210.2463,2.7123,210.2438,2.6811,252.6979
7RTR,68,241.818,5,205.5083,2.2591,205.4912,2.2053,242.4252
7RTR,69,232.014,5,194.8995,2.4949,194.9097,2.5710,236.2153
7RTR,70,222.553,5,189.7917,3.8910,189.7925,3.8652,224.8442
7RTR,71,213.425,5,184.8492,4.2137,184.8184,4.2540,219.4176
7RTR,72,204.619,5,173.3571,3.2195,173.4005,3.2058,210.1766
7RTR,73,196.127,5,166.6794,1.8446,166.6893,1.8483,199.0869
7RTR,74,187.938,5,159.4883,3.2922,159.5343,3.2513,190.9122
7RTR,75,180.045,5,153.3364,5.3721,153.3399,5.3555,182.9468
7RTR,76,172.437,5,145.0767,3.0868,145.0637,3.0369,174.7569
7RTR,77,165.106,5,138.9004,3.3023,138.9233,3.3170,167.6103
7RTR,78,158.045,5,133.6416,0.6048,133.7001,0.5841,157.7567
7RTR,79,151.243,5,128.3184,1.1788,128.3444,1.1860,152.5165
7RTR,80,144.695,5,122.9653,2.9677,122.9755,2.9883,148.6799
7RTR,81,138.39,5,115.8217,2.6165,115.8200,2.6123,142.0679
7RTR,82,132.323,5,112.2560,1.8334,112.2860,1.8671,134.2386
7RTR,83,126.485,5,108.6989,2.5114,108.7602,2.5137,131.3002
7RTR,84,120.869,5,103.6380,1.3019,103.6942,1.3155,124.0754
7RTR,85,115.469,5,97.8680,2.2041,97.8994,2.2378,117.7853
7RTR,86,110.276,5,92.9380,1.1280,92.9742,1.1380,112.0275
7RTR,87,105.285,5,87.8963,1.1851,87.9103,1.1634,106.9116
7RTR,88,100.489,5,83.1407,2.1328,83.2077,2.1574,101.9791
7RTR,89,95.8813,5,80.0693,1.0331,80.1259,1.0508,95.7341
7RTR,90,91.4559,5,76.6853,0.8846,76.6954,0.9211,91.8590
7RTR,91,87.2068,5,72.8215,0.4921,72.8036,0.5315,88.3094
7RTR,92,83.1281,5,70.5715,1.5481,70.6433,1.5663,85.0265
7RTR,93,79.2139,5,67.1241,1.1207,67.1633,1.1361,81.3283
7RTR,94,75.4588,5,63.4352,1.4595,63.4935,1.4680,76.9331
7RTR,95,71.8574,5,60.2458,1.0276,60.2297,1.0010,72.2265
7RTR,96,68.4042,5,58.3245,1.2899,58.2978,1.3078,69.3440
7RTR,97,65.0944,5,54.8766,0.2671,54.8986,0.2615,67.6327
7RTR,98,61.9226,5,51.6563,1.1380,51.7203,1.1190,62.7317
7RTR,99,58.8844,5,49.5838,0.6823,49.6238,0.6865,60.0819
7RTR,100,55.9748,5,47.0054,0.5232,47.1096,0.5215,56.8847
7RTR,101,53.1893,5,43.8786,0.7139,43.9683,0.6602,53.6374
7RTR,102,50.5235,5,42.2348,0.4793,42.3518,0.5015,50.5340
7RTR,103,47.9731,5,40.7029,0.6255,40.7778,0.5717,48.2908
7RTR,104,45.5338,5,37.7559,0.5056,37.8276,0.5440,45.6360
7RTR,105,43.2016,5,36.6617,0.6552,36.7167,0.6912,43.5762
7RTR,106,40.9725,5,34.5394,0.7927,34.6087,0.7934,41.7813
7RTR,107,38.8428,5,32.0577,0.6176,32.1884,0.5803,39.4466
7RTR,108,36.8086,5,31.3257,0.1539,31.4272,0.1720,37.5750
7RTR,109,34.8665,5,28.8673,0.1969,28.9412,0.1977,35.2263
7RTR,110,33.0129,5,27.1765,0.3748,27.2623,0.3373,33.0875
7RTR,111,31.2443,5,26.1077,0.5682,26.1920,0.5344,31.5644
7RTR,112,29.5577,5,24.7688,0.1533,24.8383,0.1482,30.0338
7RTR,113,27.9497,5,23.0162,0.5285,23.0739,0.5203,27.9927
7RTR,114,26.4172,5,21.7419,0.1734,21.8610,0.1999,26.1983
7RTR,115,24.9573,5,20.6379,0.2617,20.7419,0.2918,24.7504
7RTR,116,23.5672,5,19.4261,0.1581,19.5272,0.1658,23.8756
7RTR,117,22.2439,5,18.5241,0.5400,18.6330,0.5356,22.2431
7RTR,118,20.9849,5,17.5363,0.2239,17.6499,0.2522,21.1407
7RTR,119,19.7874,5,16.3153,0.1000,16.4601,0.0940,19.7345
7RTR,120,18.649,5,15.4449,0.2069,15.6035,0.2398,18.7763
7RTR,121,17.5672,5,14.2924,0.4545,14.3981,0.4295,17.6619
7RTR,122,16.5396,5,13.6417,0.1615,13.7608,0.2370,16.5824
7RTR,123,15.564,5,12.8327,0.2457,12.9716,0.2643,15.3986
7RTR,124,14.6382,5,11.9955,0.2202,12.2645,0.2442,14.5960
7RTR,125,13.7599,5,11.2652,0.1617,11.5452,0.2411,13.8325
7RTR,126,12.9272,5,10.6748,0.2226,10.9076,0.2725,12.9161
7RTR,127,12.1381,5,10.1615,0.0667,10.3954,0.1172,12.1311
7RTR,128,11.3907,5,9.3221,0.1104,9.5654,0.1247,11.5069
7RTR,129,10.683,5,8.6646,0.2679,8.9019,0.2500,10.6227
7RTR,130,10.0134,5,8.1040,0.1512,8.3650,0.1793,10.0011
7RTR,131,9.38004,5,7.5703,0.1047,7.8891,0.0735,9.2323
7RTR,132,8.78137,5,7.0923,0.1214,7.4990,0.1399,8.5800
7RTR,133,8.21574,5,6.7201,0.0532,7.0826,0.1202,8.2395
7RTR,134,7.68164,5,6.2911,0.1054,6.6400,0.1664,7.7303
7RTR,135,7.17757,5,5.8396,0.0607,6.2256,0.0775,7.1590
7RTR,136,6.70213,5,5.3952,0.1008,5.8229,0.1264,6.6598
7RTR,137,6.25395,5,5.0997,0.1399,5.4914,0.0658,6.1993
7RTR,138,5.8317,5,4.8102,0.1262,5.2687,0.0893,5.8166
7RTR,139,5.43412,5,4.4716,0.0844,4.9678,0.0947,5.4834
7RTR,140,5.06001,5,4.0939,0.0586,4.6867,0.0844,5.0611
7RTR,141,4.7082,5,3.8282,0.1094,4.4637,0.1629,4.6920
7RTR,142,4.37757,5,3.5142,0.0595,4.1958,0.1220,4.3069
7RTR,143,4.06704,5,3.3347,0.0613,4.0669,0.0789,4.0243
7RTR,144,3.77558,5,3.0304,0.0752,3.8551,0.0572,3.7505
7RTR,145,3.50222,5,2.8474,0.0312,3.7007,0.1109,3.4230
7RTR,146,3.246,5,2.6414,0.0269,3.5811,0.1602,3.1983
7RTR,147,3.00601,5,2.4527,0.0465,3.4645,0.1326,3.0320
7RTR,148,2.7814,5,2.2635,0.0174,3.2804,0.1766,2.7526
7RTR,149,2.57133,5,2.1172,0.0579,3.1992,0.2147,2.5631
7RTR,150,2.37501,5,1.9348,0.0189,3.0880,0.1889,2.3866
7RTR,151,2.19168,5,1.7695,0.0139,2.9831,0.1938,2.1794
7RTR,152,2.02061,5,1.5958,0.0350,2.8920,0.2425,1.9947
7RTR,153,1.86112,5,1.5061,0.0189,2.8821,0.2346,1.8149
7RTR,154,1.71255,5,1.3862,0.0187,2.7851,0.2257,1.7065
7RTR,155,1.57426,5,1.2922,0.0416,2.7635,0.2681,1.5643
7RTR,156,1.44565,5,1.1729,0.0457,2.7094,0.2816,1.4456
7RTR,157,1.32616,5,1.0729,0.0177,2.6664,0.2871,1.3121
7RTR,158,1.21523,5,0.9798,0.0261,2.6352,0.2959,1.2076
7RTR,159,1.11236,5,0.8793,0.0174,2.5867,0.2987,1.1111
7RTR,160,1.01704,5,0.7872,0.0230,2.5636,0.2714,0.9893
7RTR,161,0.928804,5,0.6850,0.0200,2.5329,0.2707,0.1025
7RTR,162,0.847218,5,0.5948,0.0174,2.5089,0.2698,0.0904
7RTR,163,0.771854,5,0.5155,0.0151,2.4903,0.2689,0.0795
7RTR,164,0.702309,5,0.4460,0.0130,2.4760,0.2681,0.0698
7RTR,165,0.638207,5,0.3850,0.0113,2.4650,0.2673,0.0612
7RTR,166,0.579186,5,0.3316,0.0097,2.4564,0.2665,0.0536
7RTR,167,0.524908,5,0.2850,0.0083,2.4499,0.2657,0.0469
7RTR,168,0.475048,5,0.2445,0.0071,2.4449,0.2650,0.0408
7RTR,169,0.429305,5,0.2093,0.0060,2.4411,0.2643,0.0355
7RTR,170,0.38739,5,0.1788,0.0051,2.4382,0.2637,0.0308
7RTR,171,0.349033,5,0.1525,0.0043,2.4360,0.2633,0.0266
7RTR,172,0.313979,5,0.1298,0.0036,2.4343,0.2628,0.0231
7RTR,173,0.281986,5,0.1103,0.0030,2.4330,0.2624,0.0199
7RTR,174,0.252829,5,0.0936,0.0025,2.4320,0.2620,0.0171
7RTR,175,0.226295,5,0.0792,0.0021,2.4313,0.2617,0.0147
7RTR,176,0.202186,5,0.0671,0.0017,2.4307,0.2615,0.0126
7RTR,177,0.180312,5,0.0567,0.0014,2.4303,0.2613,0.0108
7RTR,178,0.160499,5,0.0480,0.0012,2.4299,0.2611,0.0092
7RTR,179,0.142582,5,0.0406,0.0010,2.4297,0.2610,0.0079
7RTR,180,0.126407,5,0.0344,0.0009,2.4295,0.2609,0.0067
7RTR,181,0.111832,5,0.0291,0.0007,2.4293,0.2608,0.0058
7RTR,182,0.0987208,5,0.0246,0.0006,2.4292,0.2608,0.0049
7RTR,183,0.0869503,5,0.0209,0.0005,2.4291,0.2606,0.0042
7RTR,184,0.0764038,5,0.0178,0.0005,2.4290,0.2606,0.0036
7RTR,185,0.0669735,5,0.0151,0.0004,2.4290,0.2606,0.0031
7RTR,186,0.0585587,5,0.0128,0.0004,2.4289,0.2605,0.0027
7RTR,187,0.0510671,5,0.0108,0.0003,2.4289,0.2605,0.0025
7RTR,188,0.0444124,5,0.0091,0.0003,2.4289,0.2604,0.0021
7RTR,189,0.0385154,5,0.0077,0.0003,2.4288,0.2604,0.0019
7RTR,190,0.0333026,5,0.0065,0.0004,2.4288,0.2604,0.0016
7RTR,191,0.0287066,5,0.0055,0.0004,2.4288,0.2604,0.0015
7RTR,192,0.0246654,5,0.0045,0.0004,2.4288,0.2604,0.0014
7RTR,193,0.021122,5,0.0037,0.0004,2.4288,0.2604,0.0013
7RTR,194,0.0180242,5,0.0030,0.0003,2.4288,0.2604,0.0012
7RTR,195,0.0153242,5,0.0024,0.0002,2.4288,0.2604,0.0011
7RTR,196,0.0129786,5,0.0019,0.0002,2.4288,0.2604,0.0010
7RTR,197,0.0109477,5,0.0015,0.0001,2.4288,0.2604,0.0009
7RTR,198,0.00919558,5,0.0011,0.0001,2.4287,0.2604,0.0008
7RTR,199,0.00768951,5,0.0007,0.0000,2.4287,0.2604,0.0007
7RTR,200,0.00640001,5,0.0000,0.0000,2.4287,0.2604,0.0007
6ZKZ,1,2485.54,5,2500.6457,26.2418,2500.6692,26.1604,
6ZKZ,2,2412.94,5,2131.2073,52.3642,2131.1756,52.4297,2639.3014
6ZKZ,3,2342.16,5,2047.5380,40.3566,2047.4954,40.3280,2410.9330
6ZKZ,4,2273.18,5,1993.1054,19.3157,1993.0683,19.2919,2359.7139
6ZKZ,5,2205.94,5,1927.5100,47.3561,1927.5219,47.3892,2296.7011
6ZKZ,6,2140.41,5,1840.1105,39.3351,1840.0685,39.3087,2211.8277
6ZKZ,7,2076.56,5,1803.9638,12.1284,1803.9300,12.1223,2078.1439
6ZKZ,8,2014.35,5,1751.1380,30.4439,1751.1290,30.4819,2103.1045
6ZKZ,9,1953.74,5,1688.0903,37.8798,1688.0502,37.8958,1997.8343
6ZKZ,10,1894.71,5,1639.5322,27.3244,1639.4944,27.3558,1938.2809
6ZKZ,11,1837.2,5,1607.2764,27.3334,1607.2584,27.3082,1882.5679
6ZKZ,12,1781.21,5,1553.6907,44.7238,1553.6432,44.7575,1837.8543
6ZKZ,13,1726.68,5,1490.5047,11.9397,1490.5106,11.9521,1767.7718
6ZKZ,14,1673.58,5,1474.9689,15.7170,1474.9787,15.7582,1724.6259
6ZKZ,15,1621.9,5,1407.9204,19.9614,1407.8873,19.9185,1666.7995
6ZKZ,16,1571.58,5,1369.2536,24.3485,1369.2209,24.3580,1613.1132
6ZKZ,17,1522.62,5,1317.8312,15.8381,1317.8308,15.8521,1567.0150
6ZKZ,18,1474.96,5,1299.6207,35.5664,1299.6084,35.5647,1506.3159
6ZKZ,19,1428.59,5,1257.2945,21.6352,1257.2920,21.6148,1481.0016
6ZKZ,20,1383.47,5,1206.3899,17.3050,1206.3661,17.2534,1456.6794
6ZKZ,21,1339.59,5,1156.9232,26.8724,1156.9215,26.8472,1374.2256
6ZKZ,22,1296.9,5,1122.1858,17.8289,1122.1631,17.8367,1313.0179
6ZKZ,23,1255.38,5,1090.2369,13.1162,1090.2488,13.0944,1290.6467
6ZKZ,24,1215,5,1032.4429,15.1264,1032.4475,15.0556,1240.5165
6ZKZ,25,1175.75,5,1015.9765,15.6119,1015.9749,15.6227,1206.9856
6ZKZ,26,1137.58,5,973.6406,22.8683,973.5811,22.8362,1158.8281
6ZKZ,27,1100.49,5,980.8398,18.1732,980.7939,18.1342,1119.9629
6ZKZ,28,1064.43,5,921.6044,23.7004,921.5324,23.6724,1102.4522
6ZKZ,29,1029.39,5,899.0020,16.4171,898.9768,16.4183,1065.7024
6ZKZ,30,995.349,5,864.1405,10.9632,864.1523,10.9866,1039.4077
6ZKZ,31,962.275,5,832.3530,13.2320,832.3219,13.1826,988.6704
6ZKZ,32,930.147,5,799.4022,13.5869,799.3698,13.6357,945.6202
6ZKZ,33,898.942,5,778.3819,17.4082,778.3654,17.4205,926.9894
6ZKZ,34,868.639,5,750.7654,15.3284,750.7323,15.2915,898.7685
6ZKZ,35,839.216,5,726.0745,12.8088,726.0733,12.8113,863.5757
6ZKZ,36,810.652,5,696.5516,10.7774,696.5233,10.7633,836.3938
6ZKZ,37,782.924,5,675.6737,15.8739,675.6816,15.8739,802.5197
6ZKZ,38,756.014,5,662.4060,12.3738,662.4511,12.3964,786.2919
6ZKZ,39,729.901,5,640.1618,9.5198,640.1521,9.5247,762.1860
6ZKZ,40,704.564,5,612.1908,12.4256,612.1879,12.4510,733.1822
6ZKZ,41,679.985,5,578.0160,11.8110,577.9919,11.7973,688.4696
6ZKZ,42,656.145,5,573.9062,10.0675,573.9064,10.0426,670.0394
6ZKZ,43,633.025,5,544.1181,9.6646,544.1009,9.7313,647.3199
6ZKZ,44,610.606,5,526.3581,12.5936,526.3592,12.6094,631.9708
6ZKZ,45,588.872,5,508.9208,9.2343,508.9119,9.2674,604.8953
6ZKZ,46,567.804,5,496.8147,8.0276,496.8189,8.0236,585.6898
6ZKZ,47,547.386,5,471.5652,9.4764,471.5611,9.4381,568.1903
6ZKZ,48,527.6,5,454.6438,4.5120,454.6529,4.5503,545.0245
6ZKZ,49,508.43,5,442.9595,6.7970,442.9356,6.8144,526.6551
6ZKZ,50,489.861,5,421.0104,11.1635,420.9686,11.1367,498.1888
6ZKZ,51,471.875,5,397.5776,8.9964,397.5691,8.9847,482.5905
6ZKZ,52,454.46,5,388.6758,4.9614,388.6261,5.0401,462.0353
6ZKZ,53,437.597,5,372.8692,6.1146,372.8491,6.0827,444.6908
6ZKZ,54,421.274,5,356.8429,5.0438,356.8302,5.0396,433.3561
6ZKZ,55,405.476,5,343.0168,5.4988,343.0187,5.4391,409.4851
6ZKZ,56,390.188,5,330.3231,5.4407,330.3073,5.4311,388.2084
6ZKZ,57,375.397,5,319.2565,6.9029,319.2455,6.9225,377.5202
6ZKZ,58,361.089,5,309.0919,3.3660,309.0519,3.3031,367.4687
6ZKZ,59,347.251,5,300.4283,5.1373,300.4688,5.1041,353.1117
6ZKZ,60,333.87,5,285.5314,2.6456,285.5574,2.6000,343.0665
6ZKZ,61,320.934,5,272.9516,5.0975,272.9448,5.1277,324.0497
6ZKZ,62,308.43,5,260.7464,4.1429,260.7029,4.1538,315.1251
6ZKZ,63,296.345,5,254.4359,6.3770,254.3997,6.4089,305.9028
6ZKZ,64,284.669,5,243.5652,3.1008,243.5894,3.0451,294.5701
6ZKZ,65,273.389,5,231.9319,5.4040,231.9466,5.4090,276.0201
6ZKZ,66,262.495,5,227.5022,2.3478,227.5339,2.3546,271.5902
6ZKZ,67,251.974,5,211.6761,2.3646,211.6715,2.3429,254.9632
6ZKZ,68,241.818,5,207.3526,2.5637,207.3874,2.5212,246.8189
6ZKZ,69,232.014,5,198.9009,3.4159,198.9214,3.3840,235.3450
6ZKZ,70,222.553,5,192.1695,2.1204,192.1505,2.1058,228.9341
6ZKZ,71,213.425,5,179.7892,2.5688,179.8352,2.5518,218.2167
6ZKZ,72,204.619,5,175.1260,3.1994,175.1159,3.1862,208.7155
6ZKZ,73,196.127,5,166.3541,4.0670,166.3717,4.0295,201.2665
6ZKZ,74,187.938,5,159.8682,1.4286,159.8824,1.4744,192.4468
6ZKZ,75,180.045,5,152.3776,1.2682,152.3952,1.2586,183.9654
6ZKZ,76,172.437,5,145.2767,2.8039,145.2999,2.8216,174.4012
6ZKZ,77,165.106,5,139.6296,2.6923,139.6663,2.7035,169.1881
6ZKZ,78,158.045,5,135.5803,1.9441,135.5978,1.9682,160.3339
6ZKZ,79,151.243,5,129.4465,1.9595,129.5337,1.9524,156.0965
6ZKZ,80,144.695,5,122.5950,2.9914,122.6255,3.0111,149.7673
6ZKZ,81,138.39,5,116.8796,2.6713,116.8983,2.6216,138.6591
6ZKZ,82,132.323,5,113.7622,1.6166,113.7751,1.6064,134.2542
6ZKZ,83,126.485,5,106.6076,1.9129,106.6270,1.9256,128.4243
6ZKZ,84,120.869,5,102.4490,1.6892,102.4568,1.6379,121.6934
6ZKZ,85,115.469,5,97.1406,2.8613,97.1227,2.8773,116.9064
6ZKZ,86,110.276,5,93.0184,1.8918,93.0124,1.8692,113.3224
6ZKZ,87,105.285,5,89.7656,0.9027,89.7915,0.9097,108.6716
6ZKZ,88,100.489,5,84.9277,1.0075,84.9177,1.0046,103.4850
6ZKZ,89,95.8813,5,80.4787,0.7759,80.4565,0.7487,98.0722
6ZKZ,90,91.4559,5,77.0286,1.5836,77.0309,1.5931,91.9908
6ZKZ,91,87.2068,5,75.0149,1.2390,75.0192,1.2152,90.1852
6ZKZ,92,83.1281,5,70.6200,0.9719,70.6133,1.0265,85.4736
6ZKZ,93,79.2139,5,67.1235,0.7549,67.1590,0.7177,80.6782
6ZKZ,94,75.4588,5,64.0027,0.9126,64.0745,0.9285,77.6182
6ZKZ,95,71.8574,5,59.5259,1.4282,59.5338,1.4436,72.8936
6ZKZ,96,68.4042,5,57.4776,0.7973,57.5174,0.7626,68.3328
6ZKZ,97,65.0944,5,54.8946,1.1955,54.8829,1.1850,66.8206
6ZKZ,98,61.9226,5,52.0932,1.1765,52.0693,1.2140,63.6654
6ZKZ,99,58.8844,5,49.3734,0.6704,49.4253,0.6654,60.2197
6ZKZ,100,55.9748,5,47.4056,0.6429,47.4590,0.6674,57.3750
6ZKZ,101,53.1893,5,44.2634,1.1131,44.3008,1.1105,54.4570
6ZKZ,102,50.5235,5,41.9741,0.6906,42.0351,0.7308,50.3483
6ZKZ,103,47.9731,5,39.2563,0.7199,39.3075,0.7643,48.1807
6ZKZ,104,45.5338,5,38.1193,0.7393,38.1943,0.7573,45.7226
6ZKZ,105,43.2016,5,36.1950,0.9976,36.2210,1.0402,43.3305
6ZKZ,106,40.9725,5,34.2258,0.5233,34.3366,0.5937,41.8439
6ZKZ,107,38.8428,5,32.3487,0.7775,32.4445,0.7891,39.2763
6ZKZ,108,36.8086,5,30.4531,0.4873,30.5729,0.4999,37.4083
6ZKZ,109,34.8665,5,28.8297,0.5614,28.8951,0.5368,35.1040
6ZKZ,110,33.0129,5,27.0389,0.6990,27.0842,0.6872,33.0104
6ZKZ,111,31.2443,5,25.8909,0.2281,25.9758,0.2497,30.6683
6ZKZ,112,29.5577,5,24.9775,0.4455,25.0489,0.4782,30.0607
6ZKZ,113,27.9497,5,23.4468,0.6900,23.5541,0.7050,28.1464
6ZKZ,114,26.4172,5,21.5966,0.3254,21.7140,0.3591,26.9451
6ZKZ,115,24.9573,5,20.8289,0.3845,20.9035,0.3693,25.1152
6ZKZ,116,23.5672,5,19.1307,0.2606,19.2311,0.2178,23.5264
6ZKZ,117,22.2439,5,18.4819,0.3229,18.5989,0.4093,21.9478
6ZKZ,118,20.9849,5,17.4518,0.3955,17.5554,0.4535,21.1332
6ZKZ,119,19.7874,5,16.3145,0.3006,16.4800,0.3228,20.2195
6ZKZ,120,18.649,5,15.5049,0.1807,15.6769,0.2454,18.6273
6ZKZ,121,17.5672,5,14.4869,0.3696,14.7166,0.4004,17.5761
6ZKZ,122,16.5396,5,13.7244,0.3055,13.9155,0.3289,16.7523
6ZKZ,123,15.564,5,13.0079,0.4070,13.1867,0.4409,15.6407
6ZKZ,124,14.6382,5,12.0610,0.3091,12.2696,0.3660,14.9293
6ZKZ,125,13.7599,5,11.4007,0.2016,11.6913,0.2386,13.9977
6ZKZ,126,12.9272,5,10.7045,0.1271,10.9456,0.2156,13.0743
6ZKZ,127,12.1381,5,9.9740,0.1914,10.2734,0.2072,12.2694
6ZKZ,128,11.3907,5,9.3798,0.1578,9.6401,0.2716,11.4436
6ZKZ,129,10.683,5,8.7375,0.1768,8.9788,0.1177,10.8178
6ZKZ,130,10.0134,5,8.0933,0.1275,8.4010,0.1263,9.8423
6ZKZ,131,9.38004,5,7.6407,0.0947,7.9172,0.2074,9.2427
6ZKZ,132,8.78137,5,7.1700,0.2582,7.4612,0.3334,8.6316
6ZKZ,133,8.21574,5,6.7438,0.1872,7.0306,0.2014,8.1219
6ZKZ,134,7.68164,5,6.2574,0.1811,6.5577,0.1703,7.6900
6ZKZ,135,7.17757,5,5.8384,0.1185,6.2022,0.1510,7.2125
6ZKZ,136,6.70213,5,5.4242,0.0185,5.8687,0.1080,6.6556
6ZKZ,137,6.25395,5,5.0820,0.1381,5.5625,0.1609,6.1588
6ZKZ,138,5.8317,5,4.7187,0.0358,5.2184,0.0989,5.8078
6ZKZ,139,5.43412,5,4.4914,0.1442,5.0289,0.1010,5.3976
6ZKZ,140,5.06001,5,4.0916,0.0999,4.6010,0.0856,5.0943
6ZKZ,141,4.7082,5,3.8014,0.0544,4.3314,0.1366,4.6625
6ZKZ,142,4.37757,5,3.6185,0.1085,4.2328,0.1403,4.3107
6ZKZ,143,4.06704,5,3.2534,0.0661,3.9237,0.1636,4.0507
6ZKZ,144,3.77558,5,3.0691,0.0437,3.8488,0.1930,3.6902
6ZKZ,145,3.50222,5,2.9074,0.0564,3.7261,0.1690,3.4619
6ZKZ,146,3.246,5,2.6710,0.0367,3.5618,0.1382,3.2570
6ZKZ,147,3.00601,5,2.4220,0.0624,3.3713,0.1164,2.9841
6ZKZ,148,2.7814,5,2.2523,0.0332,3.2031,0.1160,2.7669
6ZKZ,149,2.57133,5,2.0666,0.0363,3.0421,0.1321,2.5625
6ZKZ,150,2.37501,5,1.9426,0.0237,2.9786,0.1339,2.3318
6ZKZ,151,2.19168,5,1.7916,0.0249,2.8722,0.1065,2.2035
6ZKZ,152,2.02061,5,1.6233,0.0269,2.7647,0.1208,1.9848
6ZKZ,153,1.86112,5,1.4942,0.0243,2.7255,0.1101,1.8034
6ZKZ,154,1.71255,5,1.3812,0.0430,2.6832,0.1206,1.6916
6ZKZ,155,1.57426,5,1.2979,0.0183,2.6189,0.1194,1.5567
6ZKZ,156,1.44565,5,1.1683,0.0131,2.5742,0.1325,1.4221
6ZKZ,157,1.32616,5,1.0751,0.0163,2.5278,0.1118,1.3096
6ZKZ,158,1.21523,5,0.9651,0.0128,2.5281,0.1344,1.1997
6ZKZ,159,1.11236,5,0.8765,0.0165,2.4953,0.1422,1.0919
6ZKZ,160,1.01704,5,0.7877,0.0132,2.4747,0.1435,1.0068
6ZKZ,161,0.928804,5,0.6853,0.0116,2.4426,0.1457,0.1027
6ZKZ,162,0.847218,5,0.5950,0.0100,2.4175,0.1474,0.0906
6ZKZ,163,0.771854,5,0.5156,0.0087,2.3980,0.1488,0.0796
6ZKZ,164,0.702309,5,0.4458,0.0075,2.3828,0.1499,0.0701
6ZKZ,165,0.638207,5,0.3847,0.0065,2.3713,0.1506,0.0613
6ZKZ,166,0.579186,5,0.3313,0.0057,2.3625,0.1513,0.0537
6ZKZ,167,0.524908,5,0.2847,0.0049,2.3559,0.1518,0.0468
6ZKZ,168,0.475048,5,0.2441,0.0042,2.3508,0.1522,0.0409
6ZKZ,169,0.429305,5,0.2088,0.0036,2.3470,0.1525,0.0356
6ZKZ,170,0.38739,5,0.1782,0.0031,2.3443,0.1527,0.0308
6ZKZ,171,0.349033,5,0.1518,0.0026,2.3423,0.1529,0.0267
6ZKZ,172,0.313979,5,0.1290,0.0022,2.3409,0.1530,0.0231
6ZKZ,173,0.281986,5,0.1092,0.0018,2.3398,0.1531,0.0200
6ZKZ,174,0.252829,5,0.0924,0.0015,2.3389,0.1531,0.0171
6ZKZ,175,0.226295,5,0.0779,0.0013,2.3383,0.1532,0.0147
6ZKZ,176,0.202186,5,0.0656,0.0011,2.3379,0.1533,0.0127
6ZKZ,177,0.180312,5,0.0551,0.0009,2.3376,0.1533,0.0108
6ZKZ,178,0.160499,5,0.0462,0.0007,2.3374,0.1533,0.0092
6ZKZ,179,0.142582,5,0.0387,0.0005,2.3373,0.1534,0.0079
6ZKZ,180,0.126407,5,0.0323,0.0004,2.3372,0.1534,0.0067
6ZKZ,181,0.111832,5,0.0270,0.0004,2.3372,0.1534,0.0057
6ZKZ,182,0.0987208,5,0.0225,0.0003,2.3372,0.1534,0.0049
6ZKZ,183,0.0869503,5,0.0187,0.0002,2.3372,0.1534,0.0042
6ZKZ,184,0.0764038,5,0.0156,0.0002,2.3372,0.1534,0.0035
6ZKZ,185,0.0669735,5,0.0130,0.0002,2.3373,0.1534,0.0030
6ZKZ,186,0.0585587,5,0.0109,0.0002,2.3373,0.1534,0.0026
6ZKZ,187,0.0510671,5,0.0091,0.0001,2.3373,0.1534,0.0023
6ZKZ,188,0.0444124,5,0.0076,0.0001,2.3374,0.1534,0.0020
6ZKZ,189,0.0385154,5,0.0064,0.0001,2.3374,0.1534,0.0017
6ZKZ,190,0.0333026,5,0.0054,0.0001,2.3374,0.1534,0.0015
6ZKZ,191,0.0287066,5,0.0045,0.0001,2.3375,0.1534,0.0014
6ZKZ,192,0.0246654,5,0.0039,0.0001,2.3375,0.1534,0.0012
6ZKZ,193,0.021122,5,0.0033,0.0001,2.3375,0.1534,0.0011
6ZKZ,194,0.0180242,5,0.0026,0.0001,2.3375,0.1534,0.0011
6ZKZ,195,0.0153242,5,0.0022,0.0001,2.3375,0.1534,0.0010
6ZKZ,196,0.0129786,5,0.0018,0.0001,2.3375,0.1534,0.0009
6ZKZ,197,0.0109477,5,0.0014,0.0001,2.3376,0.1534,0.0008
6ZKZ,198,0.00919558,5,0.0010,0.0000,2.3376,0.1534,0.0008
6ZKZ,199,0.00768951,5,0.0007,0.0000,2.3376,0.1533,0.0007
6ZKZ,200,0.00640001,5,0.0000,0.0000,2.3376,0.1534,0.0007
7DZM,1,2485.54,5,2458.9807,14.0749,2458.9970,13.9174,
7DZM,2,2412.94,5,2124.1397,43.8900,2124.2416,44.0498,2638.3319
7DZM,3,2342.16,5,2034.1489,17.4981,2034.1306,17.4620,2415.0468
7DZM,4,2273.18,5,2015.1828,24.7046,2015.2387,24.7741,2357.0869
7DZM,5,2205.94,5,1934.3438,18.0453,1934.3219,18.1156,2350.1804
7DZM,6,2140.41,5,1876.3184,51.4572,1876.3916,51.5822,2189.4557
7DZM,7,2076.56,5,1804.0287,37.4282,1803.9515,37.4322,2155.5431
7DZM,8,2014.35,5,1740.2425,47.8600,1739.9519,47.8405,2072.9772
7DZM,9,1953.74,5,1709.6155,35.9912,1709.5563,36.2130,2014.0100
7DZM,10,1894.71,5,1660.6646,51.6633,1660.6644,51.8140,1963.6772
7DZM,11,1837.2,5,1610.2681,14.5448,1610.1573,14.4730,1900.8957
7DZM,12,1781.21,5,1562.8313,24.5363,1562.6355,24.6068,1854.4668
7DZM,13,1726.68,5,1504.7246,29.2108,1504.9600,29.0276,1762.8842
7DZM,14,1673.58,5,1466.3138,26.8261,1466.4097,26.9134,1729.2660
7DZM,15,1621.9,5,1420.4449,25.1686,1420.5144,25.0617,1675.7612
7DZM,16,1571.58,5,1372.6092,22.9554,1372.7922,23.1729,1631.4138
7DZM,17,1522.62,5,1329.3887,29.8158,1329.5591,29.7539,1546.4895
7DZM,18,1474.96,5,1287.9830,37.8916,1288.1553,37.8350,1520.2650
7DZM,19,1428.59,5,1246.2767,17.4139,1246.4248,17.5452,1462.6676
7DZM,20,1383.47,5,1211.3377,17.7714,1211.3635,17.7854,1415.5263
7DZM,21,1339.59,5,1181.6055,23.2842,1181.6047,23.3163,1405.3187
7DZM,22,1296.9,5,1116.2391,24.3475,1116.1919,24.3897,1331.5021
7DZM,23,1255.38,5,1090.3872,24.0508,1090.6879,23.8040,1278.2977
7DZM,24,1215,5,1054.8626,13.9631,1054.8490,14.0067,1240.0801
7DZM,25,1175.75,5,1018.6130,12.7211,1018.6373,12.6436,1214.7294
7DZM,26,1137.58,5,976.8106,16.3653,976.8687,16.2926,1174.3446
7DZM,27,1100.49,5,957.4008,13.9144,957.5915,13.7237,1135.7323
7DZM,28,1064.43,5,926.5977,19.6186,926.8311,19.4933,1100.5704
7DZM,29,1029.39,5,894.3582,16.1896,894.3650,15.9749,1055.2669
7DZM,30,995.349,5,868.9367,22.6311,868.8838,22.6408,1027.2288
7DZM,31,962.275,5,829.2072,12.0385,829.3190,12.1179,989.7956
7DZM,32,930.147,5,804.9021,15.3219,805.0592,15.3378,947.4006
7DZM,33,898.942,5,770.9549,5.0108,770.7904,4.7876,927.0972
7DZM,34,868.639,5,752.1947,10.6817,752.0410,10.5672,887.3749
7DZM,35,839.216,5,731.0086,9.0279,731.0177,9.0814,859.8756
7DZM,36,810.652,5,689.4545,13.8787,689.4809,13.6570,841.0309
7DZM,37,782.924,5,685.4537,15.3434,685.6582,15.3638,812.0866
7DZM,38,756.014,5,649.0434,9.7491,649.0441,9.7517,788.1755
7DZM,39,729.901,5,623.8899,13.7476,624.2469,13.7122,752.7146
7DZM,40,704.564,5,597.4425,5.2071,597.3968,5.4320,712.4025
7DZM,41,679.985,5,582.2368,7.2057,582.4732,7.3468,688.3956
7DZM,42,656.145,5,569.0331,7.1925,569.0534,7.2729,673.3076
7DZM,43,633.025,5,545.1028,6.8319,545.1675,6.9864,649.4349
7DZM,44,610.606,5,516.2253,1.9733,516.3264,2.1511,619.8189
7DZM,45,588.872,5,504.5718,8.8046,504.9670,8.5589,589.9454
7DZM,46,567.804,5,484.4257,7.4974,484.7814,7.4798,570.9924
7DZM,47,547.386,5,479.1307,4.8277,479.1926,4.8767,563.7166
7DZM,48,527.6,5,447.7451,9.7868,447.8352,9.8252,544.8634
7DZM,49,508.43,5,439.5787,10.0844,439.5430,10.1987,518.4302
7DZM,50,489.861,5,422.7636,8.9702,422.8083,8.6883,499.9139
7DZM,51,471.875,5,402.5087,12.0362,402.7673,12.0395,483.7250
7DZM,52,454.46,5,391.3176,5.7445,391.7278,5.6383,464.3159
7DZM,53,437.597,5,373.5483,2.3354,373.5955,2.2231,451.5867
7DZM,54,421.274,5,365.0117,4.6502,365.3755,4.2943,434.3015
7DZM,55,405.476,5,345.5101,2.4639,345.4076,2.7931,415.6859
7DZM,56,390.188,5,335.6213,7.2502,335.6164,7.0743,398.7670
7DZM,57,375.397,5,324.0475,4.3680,324.0328,4.5591,382.4636
7DZM,58,361.089,5,316.3170,5.5229,316.9167,5.2124,375.3126
7DZM,59,347.251,5,297.0861,3.6350,297.0914,3.7176,361.3035
7DZM,60,333.87,5,286.7463,6.1001,286.9607,6.2675,342.6307
7DZM,61,320.934,5,275.3333,6.0488,275.7637,6.0203,331.8106
7DZM,62,308.43,5,263.2596,4.9076,263.0542,4.9952,318.8469
7DZM,63,296.345,5,252.7988,6.3268,252.4828,6.5881,296.6437
7DZM,64,284.669,5,242.2421,3.4528,242.3088,3.4221,293.8529
7DZM,65,273.389,5,231.8269,2.3663,231.8643,2.4745,281.4885
7DZM,66,262.495,5,219.0689,3.9439,218.9503,4.1358,266.8361
7DZM,67,251.974,5,212.0100,7.5914,212.2445,7.6636,260.0219
7DZM,68,241.818,5,207.2753,4.9996,207.2470,4.9844,249.4860
7DZM,69,232.014,5,195.9791,4.6762,196.5827,4.3770,239.2451
7DZM,70,222.553,5,188.2104,3.1059,188.4848,3.0365,223.9861
7DZM,71,213.425,5,180.1080,3.3103,180.2574,3.3128,216.6229
7DZM,72,204.619,5,172.9491,0.3376,173.1564,0.4854,208.7764
7DZM,73,196.127,5,168.9126,2.8363,169.4083,2.5627,202.4016
7DZM,74,187.938,5,160.4436,2.7740,161.0532,2.4930,193.5861
7DZM,75,180.045,5,153.5779,2.7011,154.2703,2.3769,186.1500
7DZM,76,172.437,5,145.6867,1.0217,146.3806,0.8261,174.7379
7DZM,77,165.106,5,141.1195,1.6765,142.1072,2.1337,167.5628
7DZM,78,158.045,5,136.2508,4.2219,137.0202,4.2195,160.6910
7DZM,79,151.243,5,128.1144,1.1649,128.8886,1.8686,154.7334
7DZM,80,144.695,5,123.7570,2.3254,124.5505,1.8846,146.8658
7DZM,81,138.39,5,119.6689,1.3054,120.5100,0.8842,142.7142
7DZM,82,132.323,5,113.1675,1.9863,114.3843,1.8676,137.2427
7DZM,83,126.485,5,107.9798,1.9517,108.8743,1.8036,129.8730
7DZM,84,120.869,5,102.4481,1.5387,103.3538,1.7323,121.5510
7DZM,85,115.469,5,98.2248,1.6855,99.2643,1.2200,115.1905
7DZM,86,110.276,5,94.9755,1.9605,96.2557,2.1648,112.1157
7DZM,87,105.285,5,88.9356,1.3296,90.4586,1.5739,106.5207
7DZM,88,100.489,5,84.9365,2.0887,86.1341,1.4603,101.4093
7DZM,89,95.8813,5,81.7705,1.3909,82.9886,2.1827,96.5322
7DZM,90,91.4559,5,77.2366,1.9267,78.4696,2.4882,93.6941
7DZM,91,87.2068,5,74.2432,1.3984,75.7917,2.4517,88.2411
7DZM,92,83.1281,5,69.7386,0.6914,71.2151,0.5580,84.3761
7DZM,93,79.2139,5,67.0733,1.1564,69.2103,1.7819,80.6738
7DZM,94,75.4588,5,62.6285,1.4725,64.7396,1.2456,74.8778
7DZM,95,71.8574,5,60.1813,0.9289,62.4431,1.1565,71.3203
7DZM,96,68.4042,5,57.9472,1.1383,60.0827,2.4173,68.9801
7DZM,97,65.0944,5,54.1485,0.7442,56.7200,2.5582,66.2155
7DZM,98,61.9226,5,52.6071,0.5904,55.2209,1.9169,62.4753
7DZM,99,58.8844,5,49.2097,0.8032,51.7774,2.2373,59.2915
7DZM,100,55.9748,5,47.5693,0.6858,50.0350,1.8971,56.5104
7DZM,101,53.1893,5,45.1275,1.3874,47.7637,3.4078,54.1131
7DZM,102,50.5235,5,42.6264,0.8885,45.1592,2.5267,52.0214
7DZM,103,47.9731,5,40.1664,0.8858,43.4031,3.3363,49.1929
7DZM,104,45.5338,5,38.0164,1.2378,41.1200,3.0489,45.3814
7DZM,105,43.2016,5,35.4669,0.7272,38.6491,3.1286,43.7498
7DZM,106,40.9725,5,34.2124,0.8040,37.7175,2.4576,41.0535
7DZM,107,38.8428,5,32.5980,0.4382,36.1312,3.2092,39.6735
7DZM,108,36.8086,5,30.3373,0.4460,34.3866,3.1677,37.5909
7DZM,109,34.8665,5,28.8304,0.7053,32.9628,3.6900,34.5080
7DZM,110,33.0129,5,27.2135,0.3925,31.2488,3.3426,33.4759
7DZM,111,31.2443,5,26.1067,0.7451,30.6182,4.0010,31.1399
7DZM,112,29.5577,5,24.2990,0.4007,29.2218,4.0857,29.6336
7DZM,113,27.9497,5,23.0910,0.3682,28.0037,4.2361,28.0704
7DZM,114,26.4172,5,21.9986,0.3198,27.0612,3.9890,26.3568
7DZM,115,24.9573,5,20.4603,0.2267,25.9021,4.5863,25.2153
7DZM,116,23.5672,5,19.6267,0.4233,25.2198,4.2011,23.7790
7DZM,117,22.2439,5,18.2945,0.0614,24.0830,4.6999,22.5033
7DZM,118,20.9849,5,17.1932,0.1487,23.1540,4.8100,21.2226
7DZM,119,19.7874,5,16.8403,0.3769,23.0152,4.9365,19.9844
7DZM,120,18.649,5,15.2189,0.1711,21.7477,5.2843,18.9739
7DZM,121,17.5672,5,14.8063,0.1836,21.2954,5.2435,17.7872
7DZM,122,16.5396,5,13.7164,0.3504,20.7261,5.4059,16.8004
7DZM,123,15.564,5,12.9094,0.2387,20.0100,5.8557,15.5930
7DZM,124,14.6382,5,12.2504,0.1393,19.6812,6.0997,14.7435
7DZM,125,13.7599,5,11.2919,0.2722,19.0205,6.1001,13.9417
7DZM,126,12.9272,5,10.7503,0.3325,18.5812,6.0954,12.8761
7DZM,127,12.1381,5,10.0646,0.3109,18.1601,6.3370,12.2539
7DZM,128,11.3907,5,9.3754,0.2251,17.7856,6.6443,11.2641
7DZM,129,10.683,5,8.9459,0.2269,17.4381,6.7442,10.7391
7DZM,130,10.0134,5,8.1922,0.0978,16.9407,7.1198,10.0436
7DZM,131,9.38004,5,7.7813,0.1842,16.5719,6.9821,9.3371
7DZM,132,8.78137,5,7.3183,0.1339,16.4237,7.2339,8.7781
7DZM,133,8.21574,5,6.6213,0.1794,16.0782,7.5002,8.3254
7DZM,134,7.68164,5,6.2989,0.1335,15.8008,7.6432,7.4427
7DZM,135,7.17757,5,6.0540,0.0758,15.7356,7.7519,7.1263
7DZM,136,6.70213,5,5.4815,0.1317,15.3748,7.8648,6.7250
7DZM,137,6.25395,5,5.0840,0.0685,15.2241,7.9930,6.1764
7DZM,138,5.8317,5,4.7900,0.0615,15.0669,8.0850,5.7912
7DZM,139,5.43412,5,4.4618,0.0535,14.8596,8.1058,5.4766
7DZM,140,5.06001,5,4.1756,0.0343,14.6929,8.2169,5.0001
7DZM,141,4.7082,5,3.8896,0.1139,14.6262,8.2325,4.6808
7DZM,142,4.37757,5,3.6131,0.0804,14.5033,8.3633,4.3712
7DZM,143,4.06704,5,3.3173,0.0361,14.3021,8.5443,3.9779
7DZM,144,3.77558,5,3.1079,0.0305,14.3202,8.6974,3.7308
7DZM,145,3.50222,5,2.8901,0.0920,14.1399,8.6375,3.4988
7DZM,146,3.246,5,2.7299,0.0886,14.0738,8.6900,3.2396
7DZM,147,3.00601,5,2.4937,0.0479,14.0952,8.8516,3.0222
7DZM,148,2.7814,5,2.3127,0.0679,14.0143,8.8519,2.7609
7DZM,149,2.57133,5,2.1194,0.0397,13.9394,8.8672,2.5565
7DZM,150,2.37501,5,1.9617,0.0617,13.8529,8.8926,2.3355
7DZM,151,2.19168,5,1.8192,0.0330,13.8434,8.9358,2.1530
7DZM,152,2.02061,5,1.6693,0.0259,13.8332,8.9933,2.0127
7DZM,153,1.86112,5,1.5551,0.0406,13.7931,9.0258,1.8580
7DZM,154,1.71255,5,1.4115,0.0308,13.7609,9.0359,1.7257
7DZM,155,1.57426,5,1.3026,0.0100,13.7097,9.0582,1.5707
7DZM,156,1.44565,5,1.2009,0.0198,13.6698,9.0869,1.4386
7DZM,157,1.32616,5,1.0921,0.0305,13.6286,9.1034,1.3184
7DZM,158,1.21523,5,0.9623,0.0110,13.5867,9.1419,1.2007
7DZM,159,1.11236,5,0.8891,0.0140,13.5828,9.1603,1.1027
7DZM,160,1.01704,5,0.8049,0.0108,13.5728,9.1608,1.0278
7DZM,161,0.928804,5,0.7006,0.0094,13.5573,9.1748,0.1047
7DZM,162,0.847218,5,0.6087,0.0081,13.5454,9.1858,0.0923
7DZM,163,0.771854,5,0.5279,0.0070,13.5360,9.1941,0.0812
7DZM,164,0.702309,5,0.4568,0.0061,13.5288,9.2005,0.0714
7DZM,165,0.638207,5,0.3946,0.0053,13.5233,9.2053,0.0626
7DZM,166,0.579186,5,0.3402,0.0046,13.5190,9.2089,0.0548
7DZM,167,0.524908,5,0.2926,0.0041,13.5158,9.2117,0.0479
7DZM,168,0.475048,5,0.2512,0.0036,13.5134,9.2138,0.0418
7DZM,169,0.429305,5,0.2152,0.0032,13.5116,9.2153,0.0364
7DZM,170,0.38739,5,0.1840,0.0028,13.5103,9.2164,0.0316
7DZM,171,0.349033,5,0.1570,0.0025,13.5093,9.2172,0.0273
7DZM,172,0.313979,5,0.1337,0.0022,13.5085,9.2178,0.0237
7DZM,173,0.281986,5,0.1137,0.0019,13.5080,9.2182,0.0204
7DZM,174,0.252829,5,0.0966,0.0017,13.5075,9.2185,0.0176
7DZM,175,0.226295,5,0.0819,0.0015,13.5073,9.2186,0.0151
7DZM,176,0.202186,5,0.0693,0.0013,13.5071,9.2188,0.0130
7DZM,177,0.180312,5,0.0587,0.0011,13.5070,9.2189,0.0111
7DZM,178,0.160499,5,0.0496,0.0009,13.5070,9.2189,0.0095
7DZM,179,0.142582,5,0.0419,0.0008,13.5069,9.2190,0.0081
7DZM,180,0.126407,5,0.0354,0.0007,13.5069,9.2190,0.0070
7DZM,181,0.111832,5,0.0299,0.0006,13.5069,9.2190,0.0059
7DZM,182,0.0987208,5,0.0252,0.0006,13.5070,9.2190,0.0051
7DZM,183,0.0869503,5,0.0213,0.0006,13.5070,9.2190,0.0043
7DZM,184,0.0764038,5,0.0181,0.0006,13.5070,9.2190,0.0037
7DZM,185,0.0669735,5,0.0152,0.0006,13.5071,9.2190,0.0033
7DZM,186,0.0585587,5,0.0129,0.0006,13.5071,9.2190,0.0028
7DZM,187,0.0510671,5,0.0108,0.0006,13.5071,9.2190,0.0025
7DZM,188,0.0444124,5,0.0091,0.0005,13.5072,9.2190,0.0021
7DZM,189,0.0385154,5,0.0076,0.0005,13.5072,9.2190,0.0019
7DZM,190,0.0333026,5,0.0064,0.0005,13.5072,9.2190,0.0017
7DZM,191,0.0287066,5,0.0054,0.0005,13.5072,9.2190,0.0015
7DZM,192,0.0246654,5,0.0044,0.0004,13.5072,9.2190,0.0014
7DZM,193,0.021122,5,0.0037,0.0003,13.5072,9.2190,0.0012
7DZM,194,0.0180242,5,0.0030,0.0003,13.5072,9.2189,0.0012
7DZM,195,0.0153242,5,0.0024,0.0002,13.5072,9.2189,0.0010
7DZM,196,0.0129786,5,0.0019,0.0002,13.5072,9.2189,0.0010
7DZM,197,0.0109477,5,0.0015,0.0001,13.5072,9.2189,0.0009
7DZM,198,0.00919558,5,0.0011,0.0000,13.5072,9.2189,0.0008
7DZM,199,0.00768951,5,0.0007,0.0000,13.5072,9.2189,0.0007
7DZM,200,0.00640001,5,0.0000,0.0000,13.5072,9.2189,0.0007
7NDQ,1,2485.54,5,2462.7042,42.4317,2462.7136,42.4544,
7NDQ,2,2412.94,5,2141.5049,28.3564,2141.5061,28.3873,2623.7549
7NDQ,3,2342.16,5,2049.2783,34.5078,2049.2756,34.5091,2417.6451
7NDQ,4,2273.18,5,1972.5078,23.6126,1972.5321,23.5869,2354.0304
7NDQ,5,2205.94,5,1923.5843,20.3120,1923.5869,20.3204,2241.4740
7NDQ,6,2140.41,5,1875.4735,27.7868,1875.4688,27.7788,2235.0746
7NDQ,7,2076.56,5,1820.5007,58.6478,1820.4907,58.6697,2111.5875
7NDQ,8,2014.35,5,1742.3860,20.5848,1742.3835,20.6134,2072.5731
7NDQ,9,1953.74,5,1694.8190,12.8397,1694.8170,12.8184,1992.2005
7NDQ,10,1894.71,5,1657.7304,18.8602,1657.7599,18.8806,1971.0160
7NDQ,11,1837.2,5,1588.0810,28.6446,1588.0684,28.6440,1901.7542
7NDQ,12,1781.21,5,1539.2726,38.8623,1539.2506,38.8272,1848.8256
7NDQ,13,1726.68,5,1489.4700,20.3066,1489.4869,20.2954,1791.6270
7NDQ,14,1673.58,5,1456.5526,23.1259,1456.5478,23.1357,1716.9278
7NDQ,15,1621.9,5,1403.1003,15.3648,1403.1004,15.3969,1675.1200
7NDQ,16,1571.58,5,1352.4386,30.7756,1352.5177,30.7871,1598.2019
7NDQ,17,1522.62,5,1333.5488,12.4043,1333.5131,12.4555,1553.0532
7NDQ,18,1474.96,5,1260.5441,9.8062,1260.4929,9.8087,1509.3886
7NDQ,19,1428.59,5,1230.8320,25.7884,1230.8105,25.7748,1459.3615
7NDQ,20,1383.47,5,1202.2004,22.0877,1202.1893,22.1024,1445.8148
7NDQ,21,1339.59,5,1138.6492,24.5248,1138.6793,24.5211,1371.0756
7NDQ,22,1296.9,5,1120.5124,11.5091,1120.4290,11.5082,1333.9555
7NDQ,23,1255.38,5,1102.6572,11.3853,1102.6326,11.3877,1300.4376
7NDQ,24,1215,5,1066.7010,13.3642,1066.6820,13.3589,1256.5693
7NDQ,25,1175.75,5,1018.9111,13.7186,1018.9094,13.7108,1220.2693
7NDQ,26,1137.58,5,991.6461,13.8896,991.6445,13.8749,1165.5801
7NDQ,27,1100.49,5,963.4044,14.4207,963.4123,14.3960,1151.8114
7NDQ,28,1064.43,5,918.9232,8.2395,918.9446,8.2441,1101.8203
7NDQ,29,1029.39,5,899.0580,7.7453,899.0543,7.7335,1047.0083
7NDQ,30,995.349,5,857.8468,12.2169,857.8590,12.2306,1020.9717
7NDQ,31,962.275,5,831.1734,8.9336,831.1559,8.9289,990.5729
7NDQ,32,930.147,5,804.0067,15.1461,803.9781,15.1759,960.8056
7NDQ,33,898.942,5,786.7933,10.4830,786.7896,10.5221,924.9704
7NDQ,34,868.639,5,739.8290,13.4593,739.7782,13.4595,888.6976
7NDQ,35,839.216,5,721.8269,14.2497,721.8094,14.2124,846.6731
7NDQ,36,810.652,5,692.4867,11.1828,692.4745,11.1927,822.1139
7NDQ,37,782.924,5,690.7271,12.1829,690.7351,12.1358,802.9225
7NDQ,38,756.014,5,652.7448,10.0014,652.7968,9.9889,786.5919
7NDQ,39,729.901,5,622.9268,11.2799,622.9113,11.3263,737.1560
7NDQ,40,704.564,5,609.3045,7.7715,609.2839,7.7689,720.7932
7NDQ,41,679.985,5,586.7068,10.5219,586.6971,10.5834,701.0863
7NDQ,42,656.145,5,561.1005,10.2850,561.1018,10.2422,668.2813
7NDQ,43,633.025,5,533.9747,7.7887,533.9605,7.8305,652.2764
7NDQ,44,610.606,5,541.3734,10.0584,541.3634,10.0405,627.0612
7NDQ,45,588.872,5,512.5993,6.0473,512.6189,6.0541,612.0681
7NDQ,46,567.804,5,488.8529,8.8616,488.8338,8.8239,586.6390
7NDQ,47,547.386,5,472.6347,11.4207,472.6971,11.4053,568.7693
7NDQ,48,527.6,5,457.8933,8.2658,457.8780,8.2362,541.3902
7NDQ,49,508.43,5,431.3615,11.4737,431.3493,11.5201,518.3814
7NDQ,50,489.861,5,425.3637,6.0077,425.3482,6.0319,500.8983
7NDQ,51,471.875,5,411.7117,7.7399,411.6810,7.7540,491.7448
7NDQ,52,454.46,5,391.5431,3.9244,391.5545,3.9187,467.8342
7NDQ,53,437.597,5,378.7420,7.5510,378.7177,7.5486,451.8986
7NDQ,54,421.274,5,359.6337,7.7245,359.6281,7.7096,431.5533
7NDQ,55,405.476,5,345.2343,5.9550,345.2303,5.9370,410.7309
7NDQ,56,390.188,5,332.9148,6.3881,332.9086,6.3451,401.3865
7NDQ,57,375.397,5,322.6390,8.7164,322.6474,8.7537,386.1054
7NDQ,58,361.089,5,310.0321,8.7382,310.0090,8.7624,371.3464
7NDQ,59,347.251,5,303.9893,4.4274,303.9805,4.4405,355.5687
7NDQ,60,333.87,5,285.2454,7.3215,285.2262,7.3120,345.6581
7NDQ,61,320.934,5,273.1352,2.3815,273.1127,2.3235,325.7839
7NDQ,62,308.43,5,263.9482,3.7228,263.9203,3.7507,312.7750
7NDQ,63,296.345,5,251.1413,3.7767,251.1240,3.7492,299.4158
7NDQ,64,284.669,5,245.3093,4.0912,245.3213,4.0678,291.4000
7NDQ,65,273.389,5,234.0133,3.4514,234.0080,3.4718,278.6735
7NDQ,66,262.495,5,224.3539,5.6205,224.3713,5.6140,267.0090
7NDQ,67,251.974,5,214.0690,3.8443,214.0942,3.8162,255.7707
7NDQ,68,241.818,5,205.1745,2.1029,205.1736,2.0914,249.1435
7NDQ,69,232.014,5,197.2348,1.5389,197.2624,1.5823,235.0684
7NDQ,70,222.553,5,190.0936,3.1591,190.0865,3.2447,227.8622
7NDQ,71,213.425,5,178.5378,3.9725,178.5521,4.0072,216.0920
7NDQ,72,204.619,5,175.2577,2.3364,175.2818,2.3371,208.1040
7NDQ,73,196.127,5,167.6083,4.1558,167.6432,4.1715,201.0750
7NDQ,74,187.938,5,158.6943,1.0969,158.6983,1.1012,189.2577
7NDQ,75,180.045,5,151.7679,1.7823,151.7195,1.8208,180.9425
7NDQ,76,172.437,5,145.5642,4.3639,145.5306,4.3427,175.1921
7NDQ,77,165.106,5,140.0784,1.9942,140.0506,2.0042,166.6731
7NDQ,78,158.045,5,136.2581,2.4485,136.2760,2.4631,158.8406
7NDQ,79,151.243,5,129.0787,3.6846,129.0456,3.7193,156.8700
7NDQ,80,144.695,5,122.6864,2.8431,122.6602,2.8275,148.3417
7NDQ,81,138.39,5,118.2474,2.1193,118.2389,2.0819,139.6897
7NDQ,82,132.323,5,111.6247,2.1573,111.5687,2.2010,135.7439
7NDQ,83,126.485,5,105.9273,2.4594,105.8981,2.4716,127.2800
7NDQ,84,120.869,5,103.0346,1.1531,102.9935,1.1661,122.0230
7NDQ,85,115.469,5,97.9703,2.0572,97.9047,1.9827,119.1880
7NDQ,86,110.276,5,94.0214,1.9715,93.9986,1.9569,113.3392
7NDQ,87,105.285,5,89.9647,1.1165,89.9334,1.0983,108.1970
7NDQ,88,100.489,5,84.9720,1.8403,84.9157,1.7812,101.3001
7NDQ,89,95.8813,5,80.7231,0.6440,80.6835,0.6257,97.1268
7NDQ,90,91.4559,5,79.1300,1.2371,79.1310,1.2715,92.9849
7NDQ,91,87.2068,5,74.7803,1.4038,74.7730,1.4000,89.9070
7NDQ,92,83.1281,5,71.2253,1.1677,71.2254,1.2027,85.8642
7NDQ,93,79.2139,5,66.7366,1.5390,66.7438,1.5396,80.1278
7NDQ,94,75.4588,5,62.8656,0.8178,62.8671,0.7776,77.3898
7NDQ,95,71.8574,5,60.7772,1.5414,60.7655,1.5021,72.8660
7NDQ,96,68.4042,5,57.3959,0.6117,57.3679,0.6090,68.9953
7NDQ,97,65.0944,5,55.7185,1.4771,55.6920,1.4711,65.7670
7NDQ,98,61.9226,5,51.6108,0.8707,51.6598,0.8728,63.3305
7NDQ,99,58.8844,5,49.2221,1.3027,49.2547,1.3131,60.3686
7NDQ,100,55.9748,5,46.7664,0.7899,46.8011,0.7873,56.7857
7NDQ,101,53.1893,5,45.1301,0.4604,45.1656,0.4639,54.0426
7NDQ,102,50.5235,5,42.5904,0.6395,42.6109,0.6513,50.9828
7NDQ,103,47.9731,5,40.1080,0.5350,40.1166,0.5128,49.0387
7NDQ,104,45.5338,5,37.9152,0.6945,37.9236,0.6748,46.6885
7NDQ,105,43.2016,5,36.2394,0.8024,36.2054,0.7859,43.3733
7NDQ,106,40.9725,5,34.5130,0.3372,34.4787,0.3169,41.3202
7NDQ,107,38.8428,5,32.6436,0.8284,32.6274,0.8183,39.3035
7NDQ,108,36.8086,5,30.9001,0.4188,30.8702,0.4012,37.4257
7NDQ,109,34.8665,5,29.2131,0.7821,29.2183,0.7866,35.6930
7NDQ,110,33.0129,5,27.6351,0.6621,27.6295,0.7087,33.0598
7NDQ,111,31.2443,5,25.8347,0.2582,25.8882,0.2317,31.8007
7NDQ,112,29.5577,5,24.6000,0.3986,24.6328,0.3915,29.4580
7NDQ,113,27.9497,5,23.0509,0.3716,23.0882,0.3707,28.2729
7NDQ,114,26.4172,5,21.9272,0.6017,22.0267,0.5359,26.4434
7NDQ,115,24.9573,5,20.8504,0.4140,20.8460,0.3861,25.1884
7NDQ,116,23.5672,5,19.5787,0.3947,19.6361,0.4337,24.0625
7NDQ,117,22.2439,5,18.3527,0.3697,18.4493,0.3061,22.4476
7NDQ,118,20.9849,5,17.3811,0.2069,17.4469,0.2367,20.8369
7NDQ,119,19.7874,5,16.6379,0.2217,16.6752,0.2018,20.0040
7NDQ,120,18.649,5,15.3900,0.1900,15.4132,0.2497,19.0650
7NDQ,121,17.5672,5,14.6131,0.2372,14.6468,0.2558,17.6300
7NDQ,122,16.5396,5,13.6540,0.1409,13.7631,0.1362,16.4380
7NDQ,123,15.564,5,12.8888,0.1489,13.0065,0.1204,15.5362
7NDQ,124,14.6382,5,12.0643,0.2014,12.2423,0.2163,14.7884
7NDQ,125,13.7599,5,11.4140,0.2585,11.5791,0.2802,13.6977
7NDQ,126,12.9272,5,10.4573,0.2777,10.6326,0.3314,12.9165
7NDQ,127,12.1381,5,9.8927,0.1688,10.0863,0.2456,12.0340
7NDQ,128,11.3907,5,9.4010,0.2073,9.6197,0.2492,11.4317
7NDQ,129,10.683,5,8.7975,0.2245,9.0212,0.1846,10.7383
7NDQ,130,10.0134,5,8.3382,0.1381,8.5658,0.1345,10.0847
7NDQ,131,9.38004,5,7.7694,0.1612,8.0066,0.1683,9.3235
7NDQ,132,8.78137,5,7.3495,0.2641,7.5930,0.2569,8.8340
7NDQ,133,8.21574,5,6.7882,0.1622,7.1114,0.1610,8.1403
7NDQ,134,7.68164,5,6.2443,0.1357,6.5701,0.1980,7.7338
7NDQ,135,7.17757,5,5.8932,0.1266,6.2050,0.0922,7.0942
7NDQ,136,6.70213,5,5.4986,0.1193,5.7973,0.1425,6.7147
7NDQ,137,6.25395,5,5.1689,0.1514,5.5007,0.0916,6.2095
7NDQ,138,5.8317,5,4.8073,0.1062,5.1150,0.1791,5.7947
7NDQ,139,5.43412,5,4.3991,0.0633,4.7765,0.1116,5.3723
7NDQ,140,5.06001,5,4.1435,0.0652,4.5945,0.1287,5.0386
7NDQ,141,4.7082,5,3.8141,0.0519,4.3305,0.1808,4.6313
7NDQ,142,4.37757,5,3.6158,0.0743,4.1589,0.1662,4.3478
7NDQ,143,4.06704,5,3.3145,0.0376,3.8714,0.1753,4.0578
7NDQ,144,3.77558,5,3.1027,0.0546,3.6650,0.2085,3.7136
7NDQ,145,3.50222,5,2.8774,0.0243,3.5005,0.2015,3.4739
7NDQ,146,3.246,5,2.6932,0.0297,3.3666,0.1967,3.2364
7NDQ,147,3.00601,5,2.5217,0.0346,3.2667,0.2357,2.9986
7NDQ,148,2.7814,5,2.3247,0.0188,3.0949,0.2715,2.7939
7NDQ,149,2.57133,5,2.1308,0.0447,2.9481,0.2460,2.5745
7NDQ,150,2.37501,5,1.9686,0.0581,2.8326,0.2625,2.3216
7NDQ,151,2.19168,5,1.8114,0.0379,2.7715,0.2648,2.1343
7NDQ,152,2.02061,5,1.6706,0.0100,2.6864,0.3114,2.0137
7NDQ,153,1.86112,5,1.5110,0.0265,2.5795,0.3060,1.8616
7NDQ,154,1.71255,5,1.3923,0.0275,2.5346,0.3407,1.6851
7NDQ,155,1.57426,5,1.3085,0.0232,2.4695,0.3225,1.5547
7NDQ,156,1.44565,5,1.1847,0.0098,2.4197,0.2944,1.4519
7NDQ,157,1.32616,5,1.0599,0.0195,2.3718,0.3147,1.3063
7NDQ,158,1.21523,5,0.9887,0.0161,2.3457,0.3239,1.1922
7NDQ,159,1.11236,5,0.8779,0.0107,2.3148,0.3422,1.0992
7NDQ,160,1.01704,5,0.7833,0.0099,2.2854,0.3462,1.0078
7NDQ,161,0.928804,5,0.6818,0.0086,2.2513,0.3516,0.1018
7NDQ,162,0.847218,5,0.5923,0.0074,2.2248,0.3559,0.0899
7NDQ,163,0.771854,5,0.5136,0.0063,2.2043,0.3593,0.0791
7NDQ,164,0.702309,5,0.4444,0.0054,2.1886,0.3619,0.0695
7NDQ,165,0.638207,5,0.3839,0.0047,2.1767,0.3637,0.0609
7NDQ,166,0.579186,5,0.3309,0.0041,2.1676,0.3651,0.0533
7NDQ,167,0.524908,5,0.2846,0.0035,2.1608,0.3661,0.0466
7NDQ,168,0.475048,5,0.2443,0.0031,2.1557,0.3668,0.0406
7NDQ,169,0.429305,5,0.2092,0.0027,2.1518,0.3674,0.0353
7NDQ,170,0.38739,5,0.1788,0.0024,2.1489,0.3678,0.0307
7NDQ,171,0.349033,5,0.1525,0.0021,2.1468,0.3680,0.0266
7NDQ,172,0.313979,5,0.1298,0.0019,2.1453,0.3681,0.0231
7NDQ,173,0.281986,5,0.1101,0.0016,2.1441,0.3681,0.0199
7NDQ,174,0.252829,5,0.0933,0.0014,2.1432,0.3681,0.0172
7NDQ,175,0.226295,5,0.0789,0.0013,2.1427,0.3681,0.0147
7NDQ,176,0.202186,5,0.0665,0.0012,2.1422,0.3681,0.0127
7NDQ,177,0.180312,5,0.0560,0.0011,2.1419,0.3681,0.0109
7NDQ,178,0.160499,5,0.0471,0.0010,2.1417,0.3681,0.0093
7NDQ,179,0.142582,5,0.0395,0.0009,2.1415,0.3681,0.0079
7NDQ,180,0.126407,5,0.0331,0.0007,2.1415,0.3681,0.0068
7NDQ,181,0.111832,5,0.0277,0.0007,2.1414,0.3681,0.0058
7NDQ,182,0.0987208,5,0.0231,0.0006,2.1413,0.3681,0.0050
7NDQ,183,0.0869503,5,0.0193,0.0005,2.1413,0.3681,0.0042
7NDQ,184,0.0764038,5,0.0161,0.0005,2.1413,0.3681,0.0036
7NDQ,185,0.0669735,5,0.0135,0.0004,2.1413,0.3681,0.0031
7NDQ,186,0.0585587,5,0.0113,0.0004,2.1413,0.3680,0.0026
7NDQ,187,0.0510671,5,0.0094,0.0003,2.1413,0.3681,0.0023
7NDQ,188,0.0444124,5,0.0079,0.0003,2.1413,0.3681,0.0020
7NDQ,189,0.0385154,5,0.0066,0.0002,2.1413,0.3680,0.0018
7NDQ,190,0.0333026,5,0.0056,0.0002,2.1413,0.3681,0.0015
7NDQ,191,0.0287066,5,0.0047,0.0002,2.1414,0.3681,0.0014
7NDQ,192,0.0246654,5,0.0039,0.0001,2.1413,0.3681,0.0013
7NDQ,193,0.021122,5,0.0033,0.0001,2.1413,0.3681,0.0012
7NDQ,194,0.0180242,5,0.0028,0.0001,2.1414,0.3681,0.0011
7NDQ,195,0.0153242,5,0.0023,0.0001,2.1413,0.3681,0.0010
7NDQ,196,0.0129786,5,0.0019,0.0001,2.1414,0.3681,0.0009
7NDQ,197,0.0109477,5,0.0015,0.0001,2.1414,0.3681,0.0009
7NDQ,198,0.00919558,5,0.0010,0.0000,2.1414,0.3681,0.0008
7NDQ,199,0.00768951,5,0.0007,0.0000,2.1414,0.3681,0.0007
7NDQ,200,0.00640001,5,0.0000,0.0000,2.1414,0.3681,0.0007
7R80,1,2485.54,5,2511.1952,35.5847,2511.1665,35.5666,
7R80,2,2412.94,5,2140.8501,26.1336,2140.8785,26.1506,2608.6195
7R80,3,2342.16,5,2027.9009,23.3949,2027.8673,23.3922,2395.4432
7R80,4,2273.18,5,1966.5993,47.8947,1966.5879,47.9017,2336.3110
7R80,5,2205.94,5,1899.3601,35.3651,1899.3460,35.3439,2262.5537
7R80,6,2140.41,5,1847.7061,35.6586,1847.7345,35.6700,2183.4121
7R80,7,2076.56,5,1819.4271,18.4352,1819.4017,18.4235,2153.9494
7R80,8,2014.35,5,1759.5594,31.4837,1759.5374,31.4759,2092.0636
7R80,9,1953.74,5,1703.9814,13.7327,1703.9944,13.7301,2032.2567
7R80,10,1894.71,5,1670.7268,15.9189,1670.7109,15.9022,1974.2001
7R80,11,1837.2,5,1597.3502,28.0975,1597.3400,28.0940,1885.4791
7R80,12,1781.21,5,1547.0534,29.4913,1547.0542,29.4644,1840.8895
7R80,13,1726.68,5,1515.2060,27.3109,1515.1870,27.2921,1788.6451
7R80,14,1673.58,5,1445.9129,27.9925,1445.8931,28.0026,1721.8222
7R80,15,1621.9,5,1412.2750,31.6056,1412.2648,31.5822,1653.9772
7R80,16,1571.58,5,1373.0713,22.5095,1373.0946,22.4959,1625.3121
7R80,17,1522.62,5,1316.0475,17.0093,1316.0411,16.9957,1564.3712
7R80,18,1474.96,5,1279.7969,17.0098,1279.7878,17.0281,1523.4153
7R80,19,1428.59,5,1245.0475,30.4358,1245.0643,30.4336,1476.8856
7R80,20,1383.47,5,1207.0856,19.4248,1207.0588,19.3933,1446.1374
7R80,21,1339.59,5,1151.1527,13.0216,1151.1234,12.9887,1369.9872
7R80,22,1296.9,5,1111.9535,20.2803,1111.9403,20.2884,1315.6480
7R80,23,1255.38,5,1092.9535,5.9044,1092.9399,5.9168,1287.6497
7R80,24,1215,5,1059.1331,7.4334,1059.1521,7.4311,1258.0891
7R80,25,1175.75,5,1007.9372,21.0278,1007.9493,21.0321,1194.7935
7R80,26,1137.58,5,1001.5661,5.4039,1001.5371,5.4192,1151.6714
7R80,27,1100.49,5,951.7427,23.4242,951.7441,23.4040,1144.1758
7R80,28,1064.43,5,913.8112,24.5286,913.7839,24.5070,1094.1052
7R80,29,1029.39,5,905.2662,15.6858,905.2408,15.6632,1051.1890
7R80,30,995.349,5,863.5141,25.8248,863.5118,25.7988,1041.5244
7R80,31,962.275,5,837.1324,30.6859,837.1225,30.6871,969.7255
7R80,32,930.147,5,789.9257,21.2309,789.8889,21.2570,957.3328
7R80,33,898.942,5,770.6489,9.1224,770.6518,9.1400,920.6403
7R80,34,868.639,5,753.9608,17.1883,753.9406,17.1571,884.7197
7R80,35,839.216,5,720.8829,9.2457,720.8727,9.2240,860.5811
7R80,36,810.652,5,698.0107,8.1928,698.0155,8.1457,831.6642
7R80,37,782.924,5,664.4809,10.9286,664.4868,10.9360,801.7273
7R80,38,756.014,5,661.8551,12.2829,661.8643,12.2835,772.9867
7R80,39,729.901,5,612.9973,10.0887,613.0000,10.0970,744.4274
7R80,40,704.564,5,613.1626,6.0066,613.1456,6.0000,712.0592
7R80,41,679.985,5,581.8553,10.6054,581.8636,10.6432,705.4759
7R80,42,656.145,5,560.6991,7.3454,560.6822,7.3272,675.4826
7R80,43,633.025,5,541.9881,9.3272,541.9396,9.3409,642.7599
7R80,44,610.606,5,518.3384,14.4469,518.3625,14.4308,622.0300
7R80,45,588.872,5,509.1063,8.2846,509.1209,8.2722,607.8517
7R80,46,567.804,5,495.5960,8.4910,495.6063,8.4706,588.2326
7R80,47,547.386,5,464.2238,7.8115,464.2416,7.7964,566.4222
7R80,48,527.6,5,455.9556,5.7117,455.9574,5.7262,533.1194
7R80,49,508.43,5,440.5436,6.5211,440.5391,6.5202,523.1383
7R80,50,489.861,5,416.8672,6.8472,416.8379,6.8348,497.3278
7R80,51,471.875,5,400.7127,2.0873,400.7502,2.1153,483.7605
7R80,52,454.46,5,386.3537,6.9661,386.3230,6.9517,462.3490
7R80,53,437.597,5,377.1965,2.4423,377.1890,2.4346,447.7859
7R80,54,421.274,5,354.6790,3.8451,354.6750,3.8370,425.4887
7R80,55,405.476,5,352.6003,6.9463,352.6188,6.9711,415.3940
7R80,56,390.188,5,331.9717,4.8150,331.9855,4.8036,393.9464
7R80,57,375.397,5,326.0407,5.9727,326.0307,5.9918,386.9653
7R80,58,361.089,5,310.3375,4.6567,310.3325,4.6862,371.5512
7R80,59,347.251,5,302.0398,6.7835,302.0553,6.7772,356.4823
7R80,60,333.87,5,287.6215,4.2923,287.6486,4.2622,342.0485
7R80,61,320.934,5,273.3739,5.3033,273.3576,5.3091,327.2470
7R80,62,308.43,5,261.0677,5.8833,261.0498,5.8799,311.8388
7R80,63,296.345,5,254.4895,6.5194,254.5240,6.5164,303.5924
7R80,64,284.669,5,238.7883,6.3443,238.8006,6.3335,288.9670
7R80,65,273.389,5,233.4024,4.7620,233.4364,4.7911,271.4491
7R80,66,262.495,5,226.2787,3.4021,226.2815,3.4019,271.2737
7R80,67,251.974,5,216.1589,3.2813,216.1625,3.2785,256.8952
7R80,68,241.818,5,208.6101,3.6453,208.6182,3.6749,249.2490
7R80,69,232.014,5,194.9962,2.3830,194.9733,2.3505,239.5393
7R80,70,222.553,5,189.3028,4.4342,189.3048,4.4109,226.8269
7R80,71,213.425,5,181.2721,5.6294,181.2819,5.6146,219.0414
7R80,72,204.619,5,174.5730,5.9738,174.6047,5.9862,208.9827
7R80,73,196.127,5,167.3645,3.6129,167.4024,3.6463,200.3128
7R80,74,187.938,5,157.6867,2.0957,157.6862,2.0809,188.6405
7R80,75,180.045,5,151.4791,1.1937,151.4739,1.1818,185.3774
7R80,76,172.437,5,147.0985,2.6670,147.0957,2.6974,174.8879
7R80,77,165.106,5,139.8986,2.9827,139.8958,2.9573,169.1285
7R80,78,158.045,5,132.7160,2.2599,132.7056,2.2223,159.7176
7R80,79,151.243,5,125.6063,0.6176,125.6507,0.6000,152.0701
7R80,80,144.695,5,123.0225,1.9623,123.0437,1.9608,147.8373
7R80,81,138.39,5,117.7724,1.3149,117.8111,1.2838,142.5516
7R80,82,132.323,5,110.6860,1.2378,110.6741,1.1935,134.1492
7R80,83,126.485,5,106.0025,2.7012,106.0111,2.7021,127.5958
7R80,84,120.869,5,103.9411,2.1995,103.9272,2.2146,122.7771
7R80,85,115.469,5,98.9513,1.8453,98.9370,1.8448,117.7615
7R80,86,110.276,5,94.4398,1.8006,94.4438,1.8088,113.6243
7R80,87,105.285,5,88.6988,3.0561,88.7442,3.0171,106.9644
7R80,88,100.489,5,85.4713,1.3549,85.4876,1.3286,101.0906
7R80,89,95.8813,5,81.3648,2.2570,81.3923,2.2578,98.2855
7R80,90,91.4559,5,77.3495,0.8519,77.3831,0.8424,93.7326
7R80,91,87.2068,5,73.6638,1.4908,73.6760,1.4797,88.9785
7R80,92,83.1281,5,70.1404,0.8328,70.1709,0.8440,83.5891
7R80,93,79.2139,5,66.8588,1.0193,66.9087,0.9939,79.3700
7R80,94,75.4588,5,63.3596,1.0669,63.3549,1.0623,76.7527
7R80,95,71.8574,5,60.6373,0.9809,60.6037,0.9893,72.4074
7R80,96,68.4042,5,57.3382,1.1526,57.3363,1.1011,68.5131
7R80,97,65.0944,5,54.8007,0.6522,54.7759,0.6499,65.3825
7R80,98,61.9226,5,51.8327,1.0203,51.8304,1.0156,63.6387
7R80,99,58.8844,5,49.1364,0.5969,49.1370,0.5867,59.7592
7R80,100,55.9748,5,46.7796,0.6911,46.7834,0.7230,55.9399
7R80,101,53.1893,5,44.7728,0.6237,44.7631,0.6063,54.0418
7R80,102,50.5235,5,42.0942,0.8202,42.1077,0.8357,50.9837
7R80,103,47.9731,5,39.9349,1.3301,39.9437,1.2919,48.5720
7R80,104,45.5338,5,37.9176,1.1873,37.8853,1.1741,45.8463
7R80,105,43.2016,5,36.6264,0.6630,36.6098,0.6428,43.7609
7R80,106,40.9725,5,34.3730,0.3217,34.3827,0.3241,41.4323
7R80,107,38.8428,5,32.2871,0.3044,32.3049,0.3055,39.1654
7R80,108,36.8086,5,30.5215,0.6410,30.5240,0.6646,37.6113
7R80,109,34.8665,5,28.8463,0.4283,28.8784,0.4274,35.4129
7R80,110,33.0129,5,27.1907,0.1585,27.2327,0.1579,33.1380
7R80,111,31.2443,5,26.0278,0.5119,26.1222,0.5360,31.4313
7R80,112,29.5577,5,24.4366,0.2132,24.4935,0.1971,29.6676
7R80,113,27.9497,5,23.2004,0.4032,23.2633,0.3949,28.0791
7R80,114,26.4172,5,21.8229,0.1270,21.8874,0.1530,26.5073
7R80,115,24.9573,5,20.6647,0.3265,20.7106,0.3107,24.6952
7R80,116,23.5672,5,19.7488,0.3093,19.7817,0.3258,23.7891
7R80,117,22.2439,5,18.4246,0.4102,18.4816,0.3684,22.2127
7R80,118,20.9849,5,17.2107,0.2663,17.2791,0.2810,21.1696
7R80,119,19.7874,5,16.0605,0.3038,16.0891,0.3095,19.5908
7R80,120,18.649,5,15.2891,0.3128,15.3356,0.3288,18.6772
7R80,121,17.5672,5,14.2843,0.1197,14.3259,0.1248,17.5224
7R80,122,16.5396,5,13.2954,0.3968,13.3790,0.4088,16.4324
7R80,123,15.564,5,12.6497,0.2773,12.7262,0.2895,15.4440
7R80,124,14.6382,5,12.0124,0.2356,12.1200,0.2627,14.9049
7R80,125,13.7599,5,11.4427,0.1159,11.5239,0.1413,13.7620
7R80,126,12.9272,5,10.6865,0.1167,10.7755,0.1274,13.0807
7R80,127,12.1381,5,10.0395,0.1070,10.1540,0.1089,12.3467
7R80,128,11.3907,5,9.3196,0.1433,9.4537,0.1341,11.3263
7R80,129,10.683,5,8.6293,0.1537,8.8001,0.2070,10.6500
7R80,130,10.0134,5,8.1038,0.2368,8.2185,0.2222,9.8236
7R80,131,9.38004,5,7.7215,0.1264,7.8393,0.1914,9.3756
7R80,132,8.78137,5,7.3687,0.1766,7.4701,0.1368,8.8310
7R80,133,8.21574,5,6.6865,0.1475,6.8042,0.0911,8.4876
7R80,134,7.68164,5,6.2941,0.0781,6.4238,0.0811,7.6374
7R80,135,7.17757,5,5.8577,0.2111,6.0031,0.1672,7.0790
7R80,136,6.70213,5,5.4294,0.1487,5.5955,0.1226,6.6627
7R80,137,6.25395,5,5.1387,0.0407,5.3496,0.1010,6.2308
7R80,138,5.8317,5,4.8225,0.0725,5.0459,0.0773,5.8340
7R80,139,5.43412,5,4.3578,0.0547,4.6254,0.0886,5.4696
7R80,140,5.06001,5,4.1157,0.0777,4.3817,0.0885,5.0069
7R80,141,4.7082,5,3.7773,0.0473,4.1018,0.0972,4.6659
7R80,142,4.37757,5,3.4729,0.0690,3.8004,0.0653,4.3584
7R80,143,4.06704,5,3.3309,0.0575,3.6676,0.0427,4.0288
7R80,144,3.77558,5,3.0052,0.0515,3.3385,0.0338,3.8065
7R80,145,3.50222,5,2.8304,0.0583,3.2218,0.0378,3.4557
7R80,146,3.246,5,2.6322,0.0347,3.0186,0.0695,3.2325
7R80,147,3.00601,5,2.4320,0.0218,2.8687,0.0822,2.9838
7R80,148,2.7814,5,2.2489,0.0586,2.7531,0.0204,2.7482
7R80,149,2.57133,5,2.0833,0.0315,2.5742,0.0686,2.5659
7R80,150,2.37501,5,1.9275,0.0191,2.4487,0.0161,2.3727
7R80,151,2.19168,5,1.7685,0.0468,2.3725,0.0864,2.1507
7R80,152,2.02061,5,1.6315,0.0235,2.2997,0.0962,2.0280
7R80,153,1.86112,5,1.4851,0.0205,2.1970,0.0889,1.8551
7R80,154,1.71255,5,1.3522,0.0361,2.1087,0.0917,1.6664
7R80,155,1.57426,5,1.2508,0.0075,2.0606,0.0946,1.5513
7R80,156,1.44565,5,1.1356,0.0139,1.9789,0.1038,1.4187
7R80,157,1.32616,5,1.0387,0.0176,1.9251,0.0870,1.2678
7R80,158,1.21523,5,0.9736,0.0038,1.8746,0.0978,1.1970
7R80,159,1.11236,5,0.8746,0.0119,1.8305,0.1292,1.1058
7R80,160,1.01704,5,0.7981,0.0197,1.8065,0.1171,1.0100
7R80,161,0.928804,5,0.6944,0.0170,1.7620,0.1177,0.1039
7R80,162,0.847218,5,0.6031,0.0147,1.7269,0.1179,0.0916
7R80,163,0.771854,5,0.5228,0.0127,1.6996,0.1181,0.0806
7R80,164,0.702309,5,0.4523,0.0109,1.6784,0.1179,0.0708
7R80,165,0.638207,5,0.3906,0.0094,1.6621,0.1176,0.0621
7R80,166,0.579186,5,0.3366,0.0081,1.6498,0.1172,0.0543
7R80,167,0.524908,5,0.2895,0.0069,1.6403,0.1169,0.0474
7R80,168,0.475048,5,0.2484,0.0059,1.6332,0.1165,0.0414
7R80,169,0.429305,5,0.2127,0.0050,1.6278,0.1160,0.0360
7R80,170,0.38739,5,0.1817,0.0042,1.6238,0.1155,0.0313
7R80,171,0.349033,5,0.1550,0.0035,1.6208,0.1151,0.0270
7R80,172,0.313979,5,0.1319,0.0028,1.6186,0.1147,0.0234
7R80,173,0.281986,5,0.1120,0.0023,1.6170,0.1143,0.0202
7R80,174,0.252829,5,0.0949,0.0019,1.6158,0.1140,0.0174
7R80,175,0.226295,5,0.0802,0.0015,1.6149,0.1137,0.0150
7R80,176,0.202186,5,0.0677,0.0012,1.6143,0.1134,0.0129
7R80,177,0.180312,5,0.0571,0.0010,1.6138,0.1132,0.0110
7R80,178,0.160499,5,0.0480,0.0008,1.6135,0.1129,0.0094
7R80,179,0.142582,5,0.0404,0.0007,1.6132,0.1128,0.0080
7R80,180,0.126407,5,0.0339,0.0007,1.6131,0.1126,0.0069
7R80,181,0.111832,5,0.0284,0.0006,1.6129,0.1125,0.0059
7R80,182,0.0987208,5,0.0238,0.0006,1.6128,0.1123,0.0050
7R80,183,0.0869503,5,0.0199,0.0006,1.6128,0.1123,0.0043
7R80,184,0.0764038,5,0.0167,0.0005,1.6127,0.1122,0.0037
7R80,185,0.0669735,5,0.0140,0.0005,1.6127,0.1121,0.0031
7R80,186,0.0585587,5,0.0118,0.0004,1.6127,0.1121,0.0027
7R80,187,0.0510671,5,0.0099,0.0004,1.6126,0.1120,0.0023
7R80,188,0.0444124,5,0.0083,0.0003,1.6126,0.1120,0.0020
7R80,189,0.0385154,5,0.0070,0.0003,1.6125,0.1120,0.0018
7R80,190,0.0333026,5,0.0058,0.0002,1.6125,0.1119,0.0016
7R80,191,0.0287066,5,0.0048,0.0002,1.6124,0.1119,0.0015
7R80,192,0.0246654,5,0.0040,0.0002,1.6124,0.1119,0.0013
7R80,193,0.021122,5,0.0033,0.0001,1.6124,0.1119,0.0012
7R80,194,0.0180242,5,0.0027,0.0001,1.6124,0.1119,0.0011
7R80,195,0.0153242,5,0.0022,0.0001,1.6123,0.1119,0.0010
7R80,196,0.0129786,5,0.0018,0.0001,1.6123,0.1119,0.0009
7R80,197,0.0109477,5,0.0014,0.0001,1.6123,0.1119,0.0009
7R80,198,0.00919558,5,0.0011,0.0001,1.6122,0.1119,0.0008
7R80,199,0.00768951,5,0.0007,0.0000,1.6122,0.1119,0.0007
7R80,200,0.00640001,5,0.0000,0.0000,1.6122,0.1118,0.0007
7N5P,1,2485.54,5,2472.8903,53.0768,2472.9166,53.0442,
7N5P,2,2412.94,5,2126.9517,48.6800,2126.9741,48.6897,2664.1848
7N5P,3,2342.16,5,2051.1592,42.5998,2051.1702,42.5726,2435.6804
7N5P,4,2273.18,5,1966.0047,30.6216,1965.9917,30.6205,2373.1562
7N5P,5,2205.94,5,1931.0070,4.3299,1931.0324,4.3421,2285.2047
7N5P,6,2140.41,5,1842.9963,4.8710,1842.9972,4.8573,2185.7998
7N5P,7,2076.56,5,1790.9154,33.6699,1790.9494,33.6501,2142.4545
7N5P,8,2014.35,5,1746.0744,40.8670,1746.0808,40.8678,2089.8276
7N5P,9,1953.74,5,1698.3882,38.1298,1698.3841,38.1543,1978.2491
7N5P,10,1894.71,5,1658.7090,49.0199,1658.6971,48.9881,1962.3493
7N5P,11,1837.2,5,1607.7582,17.3615,1607.7785,17.3785,1906.5436
7N5P,12,1781.21,5,1551.8552,28.7521,1551.8533,28.7411,1860.8977
7N5P,13,1726.68,5,1507.9845,32.1984,1507.9997,32.1821,1770.4453
7N5P,14,1673.58,5,1474.8537,29.3381,1474.8467,29.2973,1749.8950
7N5P,15,1621.9,5,1420.8574,39.1681,1420.8622,39.1767,1702.1971
7N5P,16,1571.58,5,1365.4992,37.2723,1365.4808,37.2520,1636.8863
7N5P,17,1522.62,5,1333.6490,28.9178,1333.6513,28.8833,1604.2206
7N5P,18,1474.96,5,1278.9631,24.8705,1278.9626,24.8475,1540.0653
7N5P,19,1428.59,5,1228.3080,28.4125,1228.3292,28.4106,1465.6050
7N5P,20,1383.47,5,1213.1811,29.4839,1213.2158,29.5007,1421.1026
7N5P,21,1339.59,5,1162.0966,26.4143,1162.0873,26.3829,1392.0359
7N5P,22,1296.9,5,1126.6874,23.1371,1126.6636,23.1513,1327.1916
7N5P,23,1255.38,5,1092.3614,7.6447,1092.3778,7.6763,1294.1352
7N5P,24,1215,5,1055.7225,11.7538,1055.7277,11.7505,1250.0901
7N5P,25,1175.75,5,1013.1622,24.9659,1013.1599,24.9753,1221.3374
7N5P,26,1137.58,5,985.0092,35.1867,985.0203,35.1983,1166.0897
7N5P,27,1100.49,5,960.3044,13.8246,960.3189,13.7974,1149.1280
7N5P,28,1064.43,5,933.8071,12.0465,933.8027,12.0024,1103.4051
7N5P,29,1029.39,5,885.0493,21.3332,885.0533,21.3440,1057.4831
7N5P,30,995.349,5,852.2641,11.7369,852.2814,11.7227,1003.4165
7N5P,31,962.275,5,817.7220,12.2628,817.7072,12.2537,986.3483
7N5P,32,930.147,5,820.4926,4.9792,820.4637,4.9984,963.2270
7N5P,33,898.942,5,777.6065,8.6231,777.5983,8.5996,940.9804
7N5P,34,868.639,5,750.2624,18.1104,750.2504,18.1044,895.0423
7N5P,35,839.216,5,718.7661,20.2279,718.7973,20.2041,869.8669
7N5P,36,810.652,5,721.8516,16.1216,721.8231,16.0973,833.9444
7N5P,37,782.924,5,677.7571,11.4360,677.7743,11.4514,819.5404
7N5P,38,756.014,5,659.3234,7.8728,659.3319,7.8482,782.1261
7N5P,39,729.901,5,627.2137,7.2794,627.2173,7.2531,751.3979
7N5P,40,704.564,5,608.3226,10.4620,608.3444,10.4308,718.0528
7N5P,41,679.985,5,582.3059,9.7472,582.3409,9.7550,700.6905
7N5P,42,656.145,5,563.9094,12.4434,563.9061,12.4583,668.8399
7N5P,43,633.025,5,542.0134,13.9145,542.0170,13.9071,647.9573
7N5P,44,610.606,5,519.0252,5.7771,519.0211,5.7781,623.3819
7N5P,45,588.872,5,516.2661,10.9789,516.2531,10.9724,607.5817
7N5P,46,567.804,5,496.1183,10.8259,496.1165,10.8370,580.5500
7N5P,47,547.386,5,469.0414,6.3451,469.0113,6.2885,560.3246
7N5P,48,527.6,5,450.2818,7.1195,450.3174,7.1083,538.8133
7N5P,49,508.43,5,435.9846,11.1374,435.9613,11.1306,514.7121
7N5P,50,489.861,5,423.7592,10.4777,423.7576,10.4573,496.9439
7N5P,51,471.875,5,398.9399,9.1921,398.9214,9.1664,475.3255
7N5P,52,454.46,5,387.8027,5.0605,387.7880,5.0494,464.9345
7N5P,53,437.597,5,380.3138,5.3209,380.3239,5.3019,450.7485
7N5P,54,421.274,5,364.3867,4.8459,364.3934,4.8223,434.7324
7N5P,55,405.476,5,343.5468,3.9623,343.5272,3.9684,413.8811
7N5P,56,390.188,5,329.9162,6.3753,329.9280,6.3824,396.6676
7N5P,57,375.397,5,321.0608,4.9836,321.0408,5.0039,381.4547
7N5P,58,361.089,5,305.7531,2.7419,305.7343,2.7242,368.7955
7N5P,59,347.251,5,301.3630,3.8519,301.3511,3.8640,350.8194
7N5P,60,333.87,5,281.4958,6.0245,281.4699,6.0226,341.4521
7N5P,61,320.934,5,270.9218,3.3671,270.9295,3.3685,324.8389
7N5P,62,308.43,5,264.5488,3.6103,264.5580,3.6338,314.4703
7N5P,63,296.345,5,253.2939,3.3063,253.2715,3.3111,304.9762
7N5P,64,284.669,5,240.7463,3.2232,240.7374,3.2269,295.0554
7N5P,65,273.389,5,233.8745,3.6557,233.8470,3.6887,275.9532
7N5P,66,262.495,5,224.5112,4.5155,224.5035,4.4913,265.0454
7N5P,67,251.974,5,216.6472,7.0247,216.6776,7.0042,257.8124
7N5P,68,241.818,5,208.1285,3.1876,208.0935,3.1888,245.1116
7N5P,69,232.014,5,198.3140,2.6273,198.3097,2.6308,239.5409
7N5P,70,222.553,5,187.3537,2.0088,187.3219,1.9968,227.1643
7N5P,71,213.425,5,180.7125,2.5962,180.7232,2.5745,215.0664
7N5P,72,204.619,5,174.1933,3.0515,174.1968,3.0394,207.2197
7N5P,73,196.127,5,167.0465,3.5518,167.0747,3.5606,196.9730
7N5P,74,187.938,5,160.6825,3.5262,160.6877,3.5540,191.4280
7N5P,75,180.045,5,151.1365,4.6821,151.1405,4.6894,184.6590
7N5P,76,172.437,5,145.4492,2.4715,145.4569,2.5147,174.7145
7N5P,77,165.106,5,136.7147,2.3820,136.7064,2.4151,167.0242
7N5P,78,158.045,5,133.7006,1.9346,133.7292,1.9390,158.1217
7N5P,79,151.243,5,128.5943,2.2401,128.6209,2.2282,152.6341
7N5P,80,144.695,5,121.3600,1.1238,121.3621,1.1164,145.8355
7N5P,81,138.39,5,117.8456,1.5178,117.8669,1.4949,140.2242
7N5P,82,132.323,5,112.9121,2.7717,112.9132,2.7658,134.5342
7N5P,83,126.485,5,106.5279,4.0866,106.5317,4.1239,128.8438
7N5P,84,120.869,5,102.7522,2.2919,102.7442,2.3152,123.8334
7N5P,85,115.469,5,98.2440,1.1815,98.2365,1.1790,119.2053
7N5P,86,110.276,5,91.7090,2.4194,91.6920,2.4327,112.7784
7N5P,87,105.285,5,89.1190,1.8951,89.1067,1.8668,105.8343
7N5P,88,100.489,5,86.1462,2.7486,86.1449,2.7219,103.1028
7N5P,89,95.8813,5,80.5999,0.9979,80.6113,1.0191,98.4584
7N5P,90,91.4559,5,77.2383,1.4390,77.2240,1.4418,93.3920
7N5P,91,87.2068,5,72.8131,0.9815,72.7932,1.0078,88.2479
7N5P,92,83.1281,5,70.0366,1.1188,70.0760,1.1310,84.1582
7N5P,93,79.2139,5,65.9762,1.2242,65.9780,1.2113,80.8764
7N5P,94,75.4588,5,64.3318,0.6633,64.3295,0.6403,76.8786
7N5P,95,71.8574,5,60.0604,1.3881,60.0857,1.3193,72.5736
7N5P,96,68.4042,5,56.8506,1.0933,56.8623,1.0759,70.3622
7N5P,97,65.0944,5,54.7626,0.8651,54.7808,0.8790,66.1946
7N5P,98,61.9226,5,51.8294,0.4805,51.8392,0.4830,62.2480
7N5P,99,58.8844,5,49.4050,1.5738,49.3823,1.5865,59.4416
7N5P,100,55.9748,5,46.7837,0.9489,46.7892,0.9175,55.7539
7N5P,101,53.1893,5,44.5791,0.6577,44.5873,0.6713,53.6860
7N5P,102,50.5235,5,41.8573,0.9125,41.8706,0.9247,51.4115
7N5P,103,47.9731,5,39.9956,0.5894,40.0435,0.5952,48.3212
7N5P,104,45.5338,5,38.0337,1.0906,38.0452,1.0679,45.4979
7N5P,105,43.2016,5,36.0746,0.7308,36.1213,0.7470,43.1063
7N5P,106,40.9725,5,34.3688,0.1458,34.3746,0.1796,41.6288
7N5P,107,38.8428,5,32.5381,0.2058,32.5022,0.2143,39.1972
7N5P,108,36.8086,5,30.6371,0.6374,30.7120,0.6195,37.3421
7N5P,109,34.8665,5,29.1456,0.2248,29.1771,0.2534,35.0163
7N5P,110,33.0129,5,27.3510,0.5380,27.3843,0.5114,33.7702
7N5P,111,31.2443,5,25.7365,0.7745,25.7450,0.7861,31.0981
7N5P,112,29.5577,5,24.9291,0.3322,24.9578,0.3195,30.0368
7N5P,113,27.9497,5,23.4463,0.3178,23.5062,0.2852,28.7162
7N5P,114,26.4172,5,22.1031,0.3961,22.1543,0.3836,27.0001
7N5P,115,24.9573,5,20.7517,0.4592,20.8096,0.5098,25.4602
7N5P,116,23.5672,5,19.5121,0.3653,19.5299,0.3219,23.8663
7N5P,117,22.2439,5,18.2683,0.1992,18.2855,0.1951,22.3614
7N5P,118,20.9849,5,17.4993,0.2148,17.5637,0.2152,21.3215
7N5P,119,19.7874,5,16.2952,0.2789,16.3458,0.2815,19.8479
7N5P,120,18.649,5,15.2572,0.2097,15.2963,0.1937,18.7127
7N5P,121,17.5672,5,14.4411,0.1586,14.4787,0.1444,17.4663
7N5P,122,16.5396,5,13.5575,0.3417,13.6096,0.3550,16.8400
7N5P,123,15.564,5,12.8453,0.2788,12.8741,0.2815,15.5578
7N5P,124,14.6382,5,12.2213,0.2307,12.2810,0.2274,14.7034
7N5P,125,13.7599,5,11.1045,0.2485,11.2056,0.2398,13.8128
7N5P,126,12.9272,5,10.6441,0.2268,10.7989,0.2043,12.6479
7N5P,127,12.1381,5,10.0075,0.1546,10.1466,0.1299,12.2912
7N5P,128,11.3907,5,9.3416,0.1274,9.4482,0.1345,11.3432
7N5P,129,10.683,5,8.7617,0.1174,8.9107,0.1115,10.7793
7N5P,130,10.0134,5,8.1145,0.1059,8.2535,0.1241,9.8961
7N5P,131,9.38004,5,7.6961,0.2644,7.8462,0.2321,9.3277
7N5P,132,8.78137,5,7.1855,0.1217,7.3568,0.1206,8.6904
7N5P,133,8.21574,5,6.7588,0.1527,6.9350,0.1621,8.1446
7N5P,134,7.68164,5,6.3726,0.0990,6.5425,0.1203,7.6539
7N5P,135,7.17757,5,5.8264,0.0621,5.9998,0.0762,7.2474
7N5P,136,6.70213,5,5.4220,0.1044,5.6246,0.0972,6.5536
7N5P,137,6.25395,5,5.0969,0.0844,5.2549,0.0516,6.2109
7N5P,138,5.8317,5,4.7515,0.0470,4.9175,0.1084,5.7591
7N5P,139,5.43412,5,4.4444,0.0441,4.6561,0.0746,5.4274
7N5P,140,5.06001,5,4.1904,0.1008,4.3989,0.1160,5.0889
7N5P,141,4.7082,5,3.7701,0.1081,3.9916,0.0791,4.7049
7N5P,142,4.37757,5,3.6234,0.0463,3.8739,0.0356,4.3213
7N5P,143,4.06704,5,3.3323,0.0635,3.6026,0.0732,4.0677
7N5P,144,3.77558,5,3.0393,0.0493,3.3403,0.0705,3.7700
7N5P,145,3.50222,5,2.8708,0.0540,3.1964,0.1048,3.4302
7N5P,146,3.246,5,2.5993,0.0386,2.9624,0.0704,3.2276
7N5P,147,3.00601,5,2.4647,0.0092,2.8779,0.0455,3.0057
7N5P,148,2.7814,5,2.2613,0.0390,2.6511,0.0333,2.7798
7N5P,149,2.57133,5,2.1275,0.0499,2.5321,0.0884,2.5574
7N5P,150,2.37501,5,1.9300,0.0184,2.4090,0.0584,2.3593
7N5P,151,2.19168,5,1.8066,0.0463,2.3022,0.1082,2.1654
7N5P,152,2.02061,5,1.6467,0.0324,2.1863,0.1114,2.0156
7N5P,153,1.86112,5,1.5141,0.0161,2.1051,0.0939,1.8350
7N5P,154,1.71255,5,1.3910,0.0089,2.0525,0.1124,1.6699
7N5P,155,1.57426,5,1.2791,0.0132,1.9440,0.0508,1.5459
7N5P,156,1.44565,5,1.1640,0.0224,1.8947,0.0868,1.4122
7N5P,157,1.32616,5,1.0773,0.0282,1.8577,0.0739,1.3220
7N5P,158,1.21523,5,0.9752,0.0197,1.8073,0.0878,1.1941
7N5P,159,1.11236,5,0.8780,0.0194,1.7527,0.0777,1.0872
7N5P,160,1.01704,5,0.7994,0.0132,1.7150,0.1038,1.0151
7N5P,161,0.928804,5,0.6955,0.0117,1.6693,0.1049,0.1041
7N5P,162,0.847218,5,0.6041,0.0104,1.6334,0.1056,0.0917
7N5P,163,0.771854,5,0.5235,0.0092,1.6054,0.1063,0.0809
7N5P,164,0.702309,5,0.4528,0.0080,1.5837,0.1068,0.0709
7N5P,165,0.638207,5,0.3909,0.0070,1.5672,0.1072,0.0622
7N5P,166,0.579186,5,0.3368,0.0061,1.5547,0.1075,0.0544
7N5P,167,0.524908,5,0.2895,0.0054,1.5452,0.1076,0.0475
7N5P,168,0.475048,5,0.2483,0.0047,1.5381,0.1077,0.0415
7N5P,169,0.429305,5,0.2125,0.0041,1.5327,0.1078,0.0361
7N5P,170,0.38739,5,0.1815,0.0036,1.5288,0.1078,0.0313
7N5P,171,0.349033,5,0.1546,0.0031,1.5260,0.1078,0.0272
7N5P,172,0.313979,5,0.1314,0.0027,1.5239,0.1077,0.0234
7N5P,173,0.281986,5,0.1114,0.0024,1.5224,0.1076,0.0203
7N5P,174,0.252829,5,0.0942,0.0020,1.5214,0.1075,0.0175
7N5P,175,0.226295,5,0.0796,0.0017,1.5206,0.1074,0.0150
7N5P,176,0.202186,5,0.0671,0.0015,1.5201,0.1074,0.0128
7N5P,177,0.180312,5,0.0564,0.0013,1.5197,0.1073,0.0110
7N5P,178,0.160499,5,0.0474,0.0011,1.5195,0.1073,0.0094
7N5P,179,0.142582,5,0.0398,0.0010,1.5194,0.1072,0.0080
7N5P,180,0.126407,5,0.0334,0.0008,1.5193,0.1072,0.0068
7N5P,181,0.111832,5,0.0279,0.0007,1.5192,0.1071,0.0058
7N5P,182,0.0987208,5,0.0234,0.0007,1.5192,0.1071,0.0049
7N5P,183,0.0869503,5,0.0196,0.0006,1.5192,0.1070,0.0042
7N5P,184,0.0764038,5,0.0164,0.0006,1.5192,0.1070,0.0036
7N5P,185,0.0669735,5,0.0137,0.0005,1.5192,0.1070,0.0030
7N5P,186,0.0585587,5,0.0115,0.0005,1.5192,0.1070,0.0027
7N5P,187,0.0510671,5,0.0097,0.0004,1.5193,0.1070,0.0023
7N5P,188,0.0444124,5,0.0081,0.0004,1.5193,0.1070,0.0020
7N5P,189,0.0385154,5,0.0068,0.0003,1.5193,0.1070,0.0018
7N5P,190,0.0333026,5,0.0057,0.0002,1.5193,0.1070,0.0016
7N5P,191,0.0287066,5,0.0048,0.0002,1.5193,0.1070,0.0014
7N5P,192,0.0246654,5,0.0040,0.0002,1.5194,0.1070,0.0013
7N5P,193,0.021122,5,0.0033,0.0001,1.5194,0.1070,0.0012
7N5P,194,0.0180242,5,0.0028,0.0002,1.5194,0.1070,0.0010
7N5P,195,0.0153242,5,0.0023,0.0001,1.5194,0.1070,0.0010
7N5P,196,0.0129786,5,0.0018,0.0001,1.5194,0.1070,0.0009
7N5P,197,0.0109477,5,0.0013,0.0001,1.5195,0.1070,0.0009
7N5P,198,0.00919558,5,0.0010,0.0000,1.5195,0.1070,0.0008
7N5P,199,0.00768951,5,0.0007,0.0000,1.5195,0.1070,0.0007
7N5P,200,0.00640001,5,0.0000,0.0000,1.5195,0.1070,0.0007
7OW5,1,2485.54,5,2475.3768,45.9428,2475.3688,45.9501,
7OW5,2,2412.94,5,2123.4031,40.0817,2123.3961,40.0952,2617.6056
7OW5,3,2342.16,5,2067.9142,52.6219,2067.8986,52.6324,2460.7610
7OW5,4,2273.18,5,1990.4523,32.1705,1990.4256,32.1585,2362.3377
7OW5,5,2205.94,5,1916.3583,32.1702,1916.3377,32.1852,2289.0995
7OW5,6,2140.41,5,1857.9324,28.8801,1857.9170,28.8805,2197.4810
7OW5,7,2076.56,5,1796.6011,26.2179,1796.6050,26.2246,2133.7505
7OW5,8,2014.35,5,1724.8117,34.3290,1724.7938,34.3466,2040.4949
7OW5,9,1953.74,5,1667.0028,21.7416,1666.9778,21.7310,1997.4504
7OW5,10,1894.71,5,1667.8670,26.7564,1667.8635,26.7324,1958.6693
7OW5,11,1837.2,5,1605.2966,24.9799,1605.2850,24.9765,1924.7226
7OW5,12,1781.21,5,1545.9603,19.2133,1545.9473,19.2384,1842.8357
7OW5,13,1726.68,5,1486.0198,26.9184,1486.0154,26.8990,1784.8829
7OW5,14,1673.58,5,1434.6944,14.8520,1434.6752,14.8343,1717.1937
7OW5,15,1621.9,5,1427.1245,22.0788,1427.1286,22.0787,1672.9549
7OW5,16,1571.58,5,1355.6997,16.7859,1355.6957,16.7908,1619.8115
7OW5,17,1522.62,5,1329.3173,21.1157,1329.3175,21.1116,1576.3263
7OW5,18,1474.96,5,1266.3400,22.2056,1266.3222,22.1964,1512.3064
7OW5,19,1428.59,5,1237.5193,29.8770,1237.4943,29.8637,1466.4470
7OW5,20,1383.47,5,1193.9557,15.2850,1193.9599,15.2659,1433.7823
7OW5,21,1339.59,5,1142.8610,15.0255,1142.8271,15.0069,1367.1298
7OW5,22,1296.9,5,1131.4247,12.7733,1131.4128,12.7694,1334.5921
7OW5,23,1255.38,5,1067.0376,23.0676,1067.0219,23.0891,1279.1135
7OW5,24,1215,5,1063.2274,24.3703,1063.2020,24.3558,1240.8025
7OW5,25,1175.75,5,1024.0671,19.3901,1024.0775,19.3961,1208.8387
7OW5,26,1137.58,5,997.0947,7.0180,997.0875,7.0073,1189.6389
7OW5,27,1100.49,5,952.3022,6.7357,952.2995,6.7419,1134.4717
7OW5,28,1064.43,5,915.9862,24.4995,915.9374,24.5025,1087.9786
7OW5,29,1029.39,5,892.8718,13.9592,892.8516,13.9701,1056.0024
7OW5,30,995.349,5,841.9449,23.0182,841.9351,23.0248,1023.6896
7OW5,31,962.275,5,836.6779,14.9668,836.6650,14.9736,993.3474
7OW5,32,930.147,5,809.8605,4.4287,809.8579,4.4221,957.6979
7OW5,33,898.942,5,765.4488,4.3961,765.4514,4.3902,921.2646
7OW5,34,868.639,5,754.8536,15.5407,754.8387,15.5352,883.8697
7OW5,35,839.216,5,721.8056,11.9342,721.7926,11.9330,858.3198
7OW5,36,810.652,5,698.0943,6.5474,698.0975,6.5606,828.6719
7OW5,37,782.924,5,684.6434,7.8936,684.6327,7.8866,814.9269
7OW5,38,756.014,5,645.9755,22.3013,645.9703,22.2957,769.5285
7OW5,39,729.901,5,633.8693,14.0122,633.8721,14.0279,742.7330
7OW5,40,704.564,5,608.4313,7.6547,608.4344,7.6518,714.9165
7OW5,41,679.985,5,577.0872,11.0496,577.0972,11.0528,698.1693
7OW5,42,656.145,5,556.9642,13.4384,556.9412,13.4549,664.6533
7OW5,43,633.025,5,542.6449,6.6442,542.6454,6.6509,649.6904
7OW5,44,610.606,5,525.6851,7.8156,525.6790,7.8076,629.1342
7OW5,45,588.872,5,503.1771,15.5721,503.1861,15.5710,605.4008
7OW5,46,567.804,5,490.4852,11.0488,490.4770,11.0458,578.5793
7OW5,47,547.386,5,470.8459,9.3924,470.8627,9.3837,561.3832
7OW5,48,527.6,5,459.6203,10.2408,459.6075,10.2483,541.2837
7OW5,49,508.43,5,437.3083,3.9670,437.3108,3.9868,528.7048
7OW5,50,489.861,5,420.1234,4.2928,420.1350,4.2777,499.9723
7OW5,51,471.875,5,401.5277,7.6847,401.5179,7.6951,486.3582
7OW5,52,454.46,5,389.6301,1.8190,389.6198,1.8091,459.0063
7OW5,53,437.597,5,374.3213,7.0860,374.3137,7.0767,452.4056
7OW5,54,421.274,5,358.3496,3.7453,358.3395,3.7548,429.4898
7OW5,55,405.476,5,347.4249,4.3113,347.4443,4.2912,414.4472
7OW5,56,390.188,5,331.4343,6.9993,331.4442,6.9892,396.8422
7OW5,57,375.397,5,322.1910,5.6772,322.1913,5.6831,380.4163
7OW5,58,361.089,5,314.1742,6.7260,314.1637,6.7045,372.9758
7OW5,59,347.251,5,296.6053,4.8221,296.5828,4.8247,356.2264
7OW5,60,333.87,5,283.1693,5.2465,283.1776,5.2165,339.6205
7OW5,61,320.934,5,272.6033,0.7062,272.5872,0.7251,323.7024
7OW5,62,308.43,5,266.3313,4.8977,266.3092,4.8822,312.7716
7OW5,63,296.345,5,259.5708,6.2996,259.5817,6.3064,307.2670
7OW5,64,284.669,5,246.8666,4.8049,246.8991,4.8358,295.3698
7OW5,65,273.389,5,235.3915,4.5002,235.3956,4.5096,285.0436
7OW5,66,262.495,5,224.0936,6.3258,224.0791,6.3429,268.5558
7OW5,67,251.974,5,214.7537,6.4110,214.7469,6.4173,261.1879
7OW5,68,241.818,5,206.7530,3.3295,206.7351,3.3169,246.0777
7OW5,69,232.014,5,196.7391,4.8467,196.7090,4.8621,236.5931
7OW5,70,222.553,5,189.8457,3.2664,189.8587,3.2706,225.4438
7OW5,71,213.425,5,182.5202,2.2393,182.5315,2.2407,217.1962
7OW5,72,204.619,5,174.2475,3.3663,174.2619,3.3706,205.4719
7OW5,73,196.127,5,168.0235,3.8470,168.0216,3.8288,202.8767
7OW5,74,187.938,5,161.5809,1.8337,161.5738,1.8189,192.4673
7OW5,75,180.045,5,152.7237,2.8456,152.7138,2.8540,182.6113
7OW5,76,172.437,5,145.3030,1.1043,145.2967,1.0887,175.1639
7OW5,77,165.106,5,140.5938,2.6553,140.5806,2.6673,168.5400
7OW5,78,158.045,5,133.4109,3.6980,133.4007,3.7027,161.0088
7OW5,79,151.243,5,128.6360,2.2212,128.6162,2.2271,151.6324
7OW5,80,144.695,5,122.3054,2.1318,122.2969,2.1344,148.3214
7OW5,81,138.39,5,117.7094,2.4772,117.6747,2.4688,139.7021
7OW5,82,132.323,5,112.6483,3.0872,112.6154,3.1060,135.4157
7OW5,83,126.485,5,104.9391,1.6422,104.9344,1.6411,128.8383
7OW5,84,120.869,5,101.1140,1.1900,101.1033,1.1837,121.5375
7OW5,85,115.469,5,97.1419,2.5088,97.1488,2.4730,115.5901
7OW5,86,110.276,5,92.5211,0.4703,92.5178,0.4518,111.3678
7OW5,87,105.285,5,89.7247,1.6286,89.7162,1.6388,106.6322
7OW5,88,100.489,5,85.0238,1.3544,85.0221,1.3594,102.0180
7OW5,89,95.8813,5,81.9607,2.5492,81.9688,2.5542,98.4224
7OW5,90,91.4559,5,77.4642,1.6188,77.4386,1.6158,93.3348
7OW5,91,87.2068,5,74.1601,1.7875,74.1470,1.8082,89.9680
7OW5,92,83.1281,5,69.6262,1.4927,69.6453,1.4892,84.0211
7OW5,93,79.2139,5,67.1027,0.5765,67.1294,0.5788,80.8603
7OW5,94,75.4588,5,64.6932,0.9580,64.6833,0.9484,75.7761
7OW5,95,71.8574,5,61.8800,1.0183,61.8955,1.0215,74.3243
7OW5,96,68.4042,5,57.1683,1.2940,57.1516,1.2774,70.9010
7OW5,97,65.0944,5,54.5190,0.7603,54.5162,0.7598,66.2272
7OW5,98,61.9226,5,51.8299,1.2716,51.8208,1.2489,62.2282
7OW5,99,58.8844,5,49.6522,0.6112,49.6599,0.6056,59.7829
7OW5,100,55.9748,5,46.5968,1.1232,46.6033,1.1514,57.3519
7OW5,101,53.1893,5,44.6246,0.5485,44.6332,0.5495,53.9175
7OW5,102,50.5235,5,41.4165,0.6578,41.4352,0.6466,50.6288
7OW5,103,47.9731,5,40.3538,0.2206,40.3663,0.2155,47.7561
7OW5,104,45.5338,5,37.8432,1.1164,37.8462,1.1239,45.8326
7OW5,105,43.2016,5,36.0153,0.2867,36.0211,0.2895,43.4430
7OW5,106,40.9725,5,34.1690,0.3966,34.1716,0.4253,41.1190
7OW5,107,38.8428,5,32.0832,0.7524,32.0727,0.7366,39.3095
7OW5,108,36.8086,5,31.2640,0.8379,31.2614,0.8416,37.5626
7OW5,109,34.8665,5,28.8344,0.5227,28.8551,0.4969,35.2867
7OW5,110,33.0129,5,27.4940,0.7262,27.5146,0.7326,33.4800
7OW5,111,31.2443,5,25.7011,0.4402,25.7045,0.4475,31.6570
7OW5,112,29.5577,5,24.5467,0.4662,24.5650,0.4562,29.5905
7OW5,113,27.9497,5,23.5301,0.4527,23.5399,0.4383,28.1813
7OW5,114,26.4172,5,22.1731,0.3647,22.1866,0.3679,26.9319
7OW5,115,24.9573,5,20.3884,0.2525,20.3867,0.2382,24.8815
7OW5,116,23.5672,5,19.4204,0.2594,19.4373,0.2398,23.7638
7OW5,117,22.2439,5,18.1467,0.2259,18.1639,0.2305,21.8400
7OW5,118,20.9849,5,17.2326,0.3494,17.2643,0.3420,20.9750
7OW5,119,19.7874,5,16.3761,0.4386,16.3872,0.4281,19.7977
7OW5,120,18.649,5,15.4077,0.2556,15.4384,0.2766,18.6877
7OW5,121,17.5672,5,14.6027,0.2771,14.6360,0.2940,17.6624
7OW5,122,16.5396,5,13.7198,0.1187,13.7281,0.1207,17.0211
7OW5,123,15.564,5,12.6481,0.1740,12.6574,0.1683,15.2540
7OW5,124,14.6382,5,12.3025,0.1885,12.3266,0.2022,14.7309
7OW5,125,13.7599,5,11.2544,0.2778,11.2892,0.2857,13.8444
7OW5,126,12.9272,5,10.7763,0.2035,10.7925,0.1986,12.7449
7OW5,127,12.1381,5,10.0242,0.1158,10.0588,0.1365,12.3241
7OW5,128,11.3907,5,9.3012,0.1897,9.3149,0.1783,11.4804
7OW5,129,10.683,5,8.7656,0.1147,8.8047,0.1354,10.6238
7OW5,130,10.0134,5,8.2468,0.0903,8.2628,0.1027,10.0824
7OW5,131,9.38004,5,7.6620,0.1007,7.6961,0.1263,9.3452
7OW5,132,8.78137,5,7.2218,0.1548,7.2597,0.1636,8.7440
7OW5,133,8.21574,5,6.6356,0.1711,6.6670,0.2065,8.2030
7OW5,134,7.68164,5,6.2116,0.1021,6.2695,0.1249,7.6307
7OW5,135,7.17757,5,5.8443,0.0723,5.9078,0.0862,7.1532
7OW5,136,6.70213,5,5.4793,0.0826,5.4999,0.0838,6.6902
7OW5,137,6.25395,5,5.0393,0.0830,5.0798,0.0759,6.1170
7OW5,138,5.8317,5,4.6895,0.0843,4.7688,0.0958,5.7111
7OW5,139,5.43412,5,4.3402,0.0740,4.4231,0.0662,5.2949
7OW5,140,5.06001,5,4.0991,0.1333,4.1945,0.1493,5.0051
7OW5,141,4.7082,5,3.7981,0.0592,3.9286,0.0764,4.6873
7OW5,142,4.37757,5,3.5306,0.0581,3.6811,0.1364,4.2503
7OW5,143,4.06704,5,3.3166,0.0690,3.4484,0.1091,4.0435
7OW5,144,3.77558,5,3.0818,0.0679,3.2329,0.1056,3.7576
7OW5,145,3.50222,5,2.8163,0.0378,2.9888,0.0546,3.4616
7OW5,146,3.246,5,2.6360,0.0362,2.8173,0.0616,3.2262
7OW5,147,3.00601,5,2.4584,0.0315,2.6206,0.0523,2.9504
7OW5,148,2.7814,5,2.2951,0.0191,2.4733,0.0384,2.8218
7OW5,149,2.57133,5,2.0927,0.0336,2.2952,0.0375,2.5601
7OW5,150,2.37501,5,1.9313,0.0535,2.1541,0.0446,2.3437
7OW5,151,2.19168,5,1.7693,0.0435,2.0050,0.0531,2.1545
7OW5,152,2.02061,5,1.6373,0.0414,1.8997,0.0272,1.9869
7OW5,153,1.86112,5,1.5191,0.0388,1.7709,0.0474,1.8268
7OW5,154,1.71255,5,1.4026,0.0341,1.6803,0.0439,1.7072
7OW5,155,1.57426,5,1.2793,0.0223,1.5663,0.0538,1.5714
7OW5,156,1.44565,5,1.1796,0.0362,1.5278,0.0735,1.4410
7OW5,157,1.32616,5,1.0688,0.0152,1.4513,0.0709,1.2960
7OW5,158,1.21523,5,0.9664,0.0116,1.3856,0.0479,1.1779
7OW5,159,1.11236,5,0.8746,0.0155,1.3351,0.0693,1.0943
7OW5,160,1.01704,5,0.7851,0.0175,1.2914,0.0737,1.0024
7OW5,161,0.928804,5,0.6829,0.0151,1.2315,0.0773,0.1024
7OW5,162,0.847218,5,0.5929,0.0131,1.1835,0.0807,0.0903
7OW5,163,0.771854,5,0.5137,0.0112,1.1457,0.0836,0.0795
7OW5,164,0.702309,5,0.4442,0.0096,1.1161,0.0862,0.0698
7OW5,165,0.638207,5,0.3834,0.0082,1.0932,0.0883,0.0610
7OW5,166,0.579186,5,0.3303,0.0070,1.0756,0.0900,0.0534
7OW5,167,0.524908,5,0.2840,0.0059,1.0620,0.0915,0.0467
7OW5,168,0.475048,5,0.2435,0.0049,1.0519,0.0925,0.0407
7OW5,169,0.429305,5,0.2085,0.0041,1.0442,0.0934,0.0354
7OW5,170,0.38739,5,0.1781,0.0034,1.0385,0.0942,0.0307
7OW5,171,0.349033,5,0.1518,0.0028,1.0343,0.0947,0.0266
7OW5,172,0.313979,5,0.1292,0.0023,1.0312,0.0952,0.0231
7OW5,173,0.281986,5,0.1096,0.0019,1.0288,0.0956,0.0199
7OW5,174,0.252829,5,0.0929,0.0016,1.0271,0.0959,0.0171
7OW5,175,0.226295,5,0.0786,0.0013,1.0257,0.0961,0.0147
7OW5,176,0.202186,5,0.0663,0.0011,1.0248,0.0962,0.0126
7OW5,177,0.180312,5,0.0559,0.0009,1.0241,0.0964,0.0108
7OW5,178,0.160499,5,0.0470,0.0008,1.0237,0.0964,0.0092
7OW5,179,0.142582,5,0.0395,0.0007,1.0233,0.0965,0.0079
7OW5,180,0.126407,5,0.0332,0.0006,1.0230,0.0966,0.0068
7OW5,181,0.111832,5,0.0279,0.0006,1.0228,0.0967,0.0057
7OW5,182,0.0987208,5,0.0234,0.0005,1.0226,0.0967,0.0049
7OW5,183,0.0869503,5,0.0196,0.0005,1.0226,0.0967,0.0042
7OW5,184,0.0764038,5,0.0164,0.0004,1.0225,0.0967,0.0036
7OW5,185,0.0669735,5,0.0138,0.0004,1.0224,0.0967,0.0031
7OW5,186,0.0585587,5,0.0116,0.0003,1.0224,0.0968,0.0027
7OW5,187,0.0510671,5,0.0098,0.0003,1.0224,0.0968,0.0023
7OW5,188,0.0444124,5,0.0082,0.0003,1.0224,0.0968,0.0020
7OW5,189,0.0385154,5,0.0069,0.0002,1.0224,0.0968,0.0018
7OW5,190,0.0333026,5,0.0058,0.0003,1.0224,0.0968,0.0016
7OW5,191,0.0287066,5,0.0049,0.0002,1.0225,0.0968,0.0014
7OW5,192,0.0246654,5,0.0041,0.0001,1.0224,0.0968,0.0013
7OW5,193,0.021122,5,0.0034,0.0002,1.0224,0.0968,0.0012
7OW5,194,0.0180242,5,0.0028,0.0001,1.0224,0.0968,0.0011
7OW5,195,0.0153242,5,0.0023,0.0001,1.0224,0.0968,0.0010
7OW5,196,0.0129786,5,0.0018,0.0001,1.0224,0.0968,0.0010
7OW5,197,0.0109477,5,0.0014,0.0000,1.0224,0.0968,0.0009
7OW5,198,0.00919558,5,0.0011,0.0000,1.0224,0.0968,0.0008
7OW5,199,0.00768951,5,0.0007,0.0000,1.0224,0.0968,0.0008
7OW5,200,0.00640001,5,0.0000,0.0000,1.0224,0.0968,0.0007
7OW6,1,2485.54,5,2463.4238,36.1929,2463.4262,36.1884,
7OW6,2,2412.94,5,2142.7121,49.2593,2142.7142,49.2609,2590.0138
7OW6,3,2342.16,5,2038.2757,41.8422,2038.2703,41.8407,2417.9318
7OW6,4,2273.18,5,1965.6779,27.2063,1965.6727,27.1971,2332.3761
7OW6,5,2205.94,5,1922.0686,33.4461,1922.0686,33.4496,2279.9888
7OW6,6,2140.41,5,1855.5727,32.9701,1855.5675,32.9662,2194.4130
7OW6,7,2076.56,5,1770.1726,47.5167,1770.1650,47.5088,2117.2319
7OW6,8,2014.35,5,1722.0083,16.6341,1722.0115,16.6254,2063.4724
7OW6,9,1953.74,5,1702.4049,18.6513,1702.3969,18.6488,2010.5502
7OW6,10,1894.71,5,1643.9954,24.1878,1643.9934,24.1814,1937.1510
7OW6,11,1837.2,5,1582.7586,16.6345,1582.7494,16.6315,1866.4113
7OW6,12,1781.21,5,1546.1037,42.6972,1546.1106,42.6908,1834.3459
7OW6,13,1726.68,5,1484.4685,16.9642,1484.4656,16.9628,1786.0377
7OW6,14,1673.58,5,1446.9122,18.6281,1446.9110,18.6409,1696.8451
7OW6,15,1621.9,5,1386.9973,22.8309,1386.9882,22.8366,1665.2624
7OW6,16,1571.58,5,1358.8037,15.9424,1358.7995,15.9459,1608.3863
7OW6,17,1522.62,5,1328.8968,20.5959,1328.8797,20.5859,1551.6076
7OW6,18,1474.96,5,1281.3611,32.1718,1281.3633,32.1757,1514.3038
7OW6,19,1428.59,5,1236.2615,21.5411,1236.2510,21.5493,1481.1226
7OW6,20,1383.47,5,1201.4187,34.2170,1201.4120,34.2018,1428.4315
7OW6,21,1339.59,5,1169.7407,21.8772,1169.7233,21.8696,1385.1607
7OW6,22,1296.9,5,1138.8537,25.0736,1138.8426,25.0809,1344.0002
7OW6,23,1255.38,5,1071.3178,19.0079,1071.3035,19.0200,1295.4129
7OW6,24,1215,5,1047.7422,13.2666,1047.7353,13.2629,1243.5135
7OW6,25,1175.75,5,1012.6812,21.3078,1012.6758,21.3038,1203.0667
7OW6,26,1137.58,5,987.5324,26.1466,987.5253,26.1453,1170.9863
7OW6,27,1100.49,5,953.0007,26.2796,952.9999,26.2776,1146.5462
7OW6,28,1064.43,5,920.1482,18.1398,920.1356,18.1428,1101.4064
7OW6,29,1029.39,5,902.8234,10.9168,902.8071,10.9332,1076.7485
7OW6,30,995.349,5,861.2942,8.4985,861.2970,8.4910,1018.7034
7OW6,31,962.275,5,827.2865,11.6178,827.2768,11.6207,990.1235
7OW6,32,930.147,5,807.6663,12.4699,807.6652,12.4544,962.0041
7OW6,33,898.942,5,780.1901,19.8885,780.1865,19.8797,931.6716
7OW6,34,868.639,5,741.5522,14.8719,741.5456,14.8783,889.4307
7OW6,35,839.216,5,722.9934,6.8814,722.9798,6.8715,871.3849
7OW6,36,810.652,5,693.6077,3.6489,693.6034,3.6425,833.6950
7OW6,37,782.924,5,681.7553,13.5031,681.7475,13.4916,807.3389
7OW6,38,756.014,5,656.1139,9.2635,656.1038,9.2682,767.4630
7OW6,39,729.901,5,628.8562,10.5378,628.8627,10.5304,753.5505
7OW6,40,704.564,5,609.6968,11.0474,609.6865,11.0383,719.3183
7OW6,41,679.985,5,590.6698,14.3169,590.6785,14.3184,687.8064
7OW6,42,656.145,5,559.5986,7.0250,559.5931,7.0226,670.2298
7OW6,43,633.025,5,541.8021,8.8179,541.8063,8.8173,643.0091
7OW6,44,610.606,5,528.9472,12.0314,528.9406,12.0273,621.4478
7OW6,45,588.872,5,507.1326,10.2906,507.1309,10.2858,604.2329
7OW6,46,567.804,5,487.9811,7.8114,487.9784,7.8050,577.4618
7OW6,47,547.386,5,471.1507,7.2507,471.1405,7.2467,563.2842
7OW6,48,527.6,5,458.2929,11.6602,458.2876,11.6574,540.8423
7OW6,49,508.43,5,440.4161,5.6972,440.4060,5.7109,525.9712
7OW6,50,489.861,5,421.5548,5.9895,421.5412,5.9976,511.1961
7OW6,51,471.875,5,408.9835,11.6625,408.9704,11.6725,481.9963
7OW6,52,454.46,5,390.2162,6.9118,390.2315,6.9056,473.5899
7OW6,53,437.597,5,375.4444,6.0785,375.4388,6.0750,449.4235
7OW6,54,421.274,5,361.6915,4.9723,361.6906,4.9686,432.4238
7OW6,55,405.476,5,345.4625,6.1101,345.4610,6.1312,414.3931
7OW6,56,390.188,5,334.7065,8.5883,334.6947,8.5973,395.1996
7OW6,57,375.397,5,320.0465,5.3962,320.0371,5.4099,376.3271
7OW6,58,361.089,5,310.1925,6.0685,310.1964,6.0740,361.7755
7OW6,59,347.251,5,299.5511,1.6541,299.5403,1.6440,357.5101
7OW6,60,333.87,5,288.0717,3.0772,288.0826,3.0824,344.1397
7OW6,61,320.934,5,273.2133,4.0334,273.2083,4.0382,330.2292
7OW6,62,308.43,5,263.9607,5.7714,263.9587,5.7744,317.3056
7OW6,63,296.345,5,253.8462,5.1524,253.8367,5.1602,306.9781
7OW6,64,284.669,5,243.4438,5.6025,243.4370,5.5956,292.9647
7OW6,65,273.389,5,236.6432,5.2921,236.6505,5.2896,279.1581
7OW6,66,262.495,5,223.1492,3.9325,223.1535,3.9581,271.8208
7OW6,67,251.974,5,210.8410,4.2537,210.8476,4.2547,254.3178
7OW6,68,241.818,5,206.4783,2.5972,206.4812,2.6024,246.2629
7OW6,69,232.014,5,196.8057,4.6413,196.8000,4.6565,237.1311
7OW6,70,222.553,5,189.7167,2.6330,189.7062,2.6329,228.3624
7OW6,71,213.425,5,183.1469,1.7847,183.1614,1.7709,218.4874
7OW6,72,204.619,5,174.4004,2.9685,174.4083,2.9696,207.4650
7OW6,73,196.127,5,166.1538,2.1867,166.1560,2.1901,199.1138
7OW6,74,187.938,5,159.0723,3.4471,159.0871,3.4453,190.0317
7OW6,75,180.045,5,154.5692,1.5910,154.5696,1.6161,183.0242
7OW6,76,172.437,5,147.5058,1.5412,147.5030,1.5307,176.7883
7OW6,77,165.106,5,139.3122,2.4519,139.3216,2.4504,168.2743
7OW6,78,158.045,5,134.0568,1.4139,134.0667,1.4080,160.5956
7OW6,79,151.243,5,127.3378,1.0309,127.3398,1.0367,152.0572
7OW6,80,144.695,5,123.8839,1.8722,123.8775,1.8632,149.0450
7OW6,81,138.39,5,115.9503,1.8408,115.9449,1.8510,140.2407
7OW6,82,132.323,5,111.9580,0.9898,111.9496,0.9845,133.7216
7OW6,83,126.485,5,106.0727,1.3938,106.0792,1.3902,129.4151
7OW6,84,120.869,5,101.2831,3.6190,101.2788,3.6132,121.8530
7OW6,85,115.469,5,97.3379,1.3991,97.3313,1.3864,116.1032
7OW6,86,110.276,5,93.1258,1.3985,93.1315,1.4019,112.4878
7OW6,87,105.285,5,89.8191,2.2155,89.8224,2.2071,106.4643
7OW6,88,100.489,5,84.7027,1.8216,84.7043,1.8004,102.9636
7OW6,89,95.8813,5,81.1509,1.1831,81.1627,1.1843,98.7460
7OW6,90,91.4559,5,75.9999,1.3065,75.9975,1.3105,91.5448
7OW6,91,87.2068,5,73.2565,0.8047,73.2467,0.7981,88.0708
7OW6,92,83.1281,5,70.5380,1.7233,70.5239,1.6995,83.8221
7OW6,93,79.2139,5,66.3445,1.0597,66.3455,1.0759,80.6713
7OW6,94,75.4588,5,63.6261,1.0315,63.6299,1.0276,76.4646
7OW6,95,71.8574,5,61.5183,1.4258,61.5123,1.4388,73.9573
7OW6,96,68.4042,5,57.6654,1.0802,57.6731,1.0788,69.3535
7OW6,97,65.0944,5,54.5520,0.8145,54.5597,0.8045,66.2984
7OW6,98,61.9226,5,51.8380,0.5746,51.8497,0.5629,62.2200
7OW6,99,58.8844,5,49.3954,1.0372,49.4004,1.0307,59.3811
7OW6,100,55.9748,5,47.0501,0.5341,47.0698,0.5253,56.3336
7OW6,101,53.1893,5,44.5194,0.3609,44.5258,0.3544,53.9018
7OW6,102,50.5235,5,41.5976,0.5402,41.5972,0.5446,50.7161
7OW6,103,47.9731,5,40.3545,1.3220,40.3453,1.3005,48.5297
7OW6,104,45.5338,5,38.3950,0.7591,38.3966,0.7740,46.6948
7OW6,105,43.2016,5,36.0923,0.5283,36.0700,0.5393,43.6522
7OW6,106,40.9725,5,34.4874,0.4571,34.4871,0.4625,41.3412
7OW6,107,38.8428,5,33.0326,0.7005,33.0410,0.7028,39.6150
7OW6,108,36.8086,5,30.8544,0.4806,30.8489,0.4933,37.9526
7OW6,109,34.8665,5,29.6516,0.2888,29.6527,0.2717,35.3560
7OW6,110,33.0129,5,27.5652,0.4828,27.5526,0.4831,33.4104
7OW6,111,31.2443,5,25.8624,0.3117,25.8637,0.3189,31.6806
7OW6,112,29.5577,5,24.2790,0.3756,24.2808,0.3879,29.6755
7OW6,113,27.9497,5,23.4927,0.4089,23.4950,0.3977,28.4772
7OW6,114,26.4172,5,22.0530,0.4808,22.0516,0.4860,26.5984
7OW6,115,24.9573,5,20.7075,0.3064,20.7122,0.2953,25.2109
7OW6,116,23.5672,5,19.4378,0.3622,19.4378,0.3604,24.2046
7OW6,117,22.2439,5,18.5548,0.2881,18.5781,0.2798,22.2392
7OW6,118,20.9849,5,17.3884,0.2754,17.4040,0.2766,21.2235
7OW6,119,19.7874,5,16.1598,0.2835,16.1645,0.2736,19.4936
7OW6,120,18.649,5,15.4947,0.3008,15.5117,0.3043,18.9482
7OW6,121,17.5672,5,14.5356,0.3163,14.5446,0.3071,17.6231
7OW6,122,16.5396,5,13.5815,0.1325,13.5805,0.1454,16.6366
7OW6,123,15.564,5,13.0145,0.1948,13.0130,0.1998,15.6687
7OW6,124,14.6382,5,12.1114,0.1737,12.1083,0.1554,14.8961
7OW6,125,13.7599,5,11.2284,0.0548,11.2459,0.0389,13.7327
7OW6,126,12.9272,5,10.7862,0.1259,10.8082,0.1324,12.8447
7OW6,127,12.1381,5,10.0274,0.0946,10.0587,0.0997,12.2638
7OW6,128,11.3907,5,9.4162,0.1796,9.4294,0.1857,11.5601
7OW6,129,10.683,5,8.8106,0.0859,8.8243,0.0755,10.8459
7OW6,130,10.0134,5,8.1212,0.1807,8.1383,0.1567,9.9683
7OW6,131,9.38004,5,7.5981,0.1659,7.6215,0.1976,9.4396
7OW6,132,8.78137,5,7.3387,0.1114,7.3785,0.1322,8.7171
7OW6,133,8.21574,5,6.7096,0.1694,6.7349,0.1797,8.1848
7OW6,134,7.68164,5,6.3043,0.0725,6.3378,0.0796,7.6479
7OW6,135,7.17757,5,5.8392,0.0634,5.8623,0.0649,7.1657
7OW6,136,6.70213,5,5.3855,0.1068,5.4114,0.1212,6.5951
7OW6,137,6.25395,5,5.0109,0.1044,5.0278,0.0886,6.1086
7OW6,138,5.8317,5,4.7176,0.0782,4.7279,0.0761,5.6385
7OW6,139,5.43412,5,4.3373,0.0800,4.3705,0.0771,5.3924
7OW6,140,5.06001,5,4.0502,0.0559,4.0771,0.0585,4.9097
7OW6,141,4.7082,5,3.8775,0.0269,3.9082,0.0313,4.6885
7OW6,142,4.37757,5,3.5965,0.0412,3.6513,0.0386,4.4379
7OW6,143,4.06704,5,3.3258,0.0959,3.3711,0.1051,4.0997
7OW6,144,3.77558,5,3.0607,0.0366,3.1405,0.0739,3.7785
7OW6,145,3.50222,5,2.8757,0.0756,2.9555,0.0683,3.4760
7OW6,146,3.246,5,2.6525,0.0203,2.7348,0.0589,3.2679
7OW6,147,3.00601,5,2.4444,0.0340,2.5286,0.0529,3.0229
7OW6,148,2.7814,5,2.2628,0.0241,2.3611,0.0607,2.7462
7OW6,149,2.57133,5,2.1000,0.0553,2.1917,0.0715,2.5645
7OW6,150,2.37501,5,1.9014,0.0344,2.0093,0.0782,2.3709
7OW6,151,2.19168,5,1.7696,0.0260,1.8782,0.0886,2.1363
7OW6,152,2.02061,5,1.6247,0.0504,1.7526,0.1119,1.9975
7OW6,153,1.86112,5,1.5164,0.0466,1.6559,0.0881,1.8740
7OW6,154,1.71255,5,1.3788,0.0271,1.5375,0.0903,1.6716
7OW6,155,1.57426,5,1.2789,0.0193,1.4710,0.1066,1.5585
7OW6,156,1.44565,5,1.1866,0.0230,1.3864,0.1019,1.4214
7OW6,157,1.32616,5,1.0646,0.0203,1.2776,0.0913,1.3290
7OW6,158,1.21523,5,0.9604,0.0098,1.2262,0.1105,1.1788
7OW6,159,1.11236,5,0.9004,0.0131,1.1890,0.0967,1.0860
7OW6,160,1.01704,5,0.8067,0.0110,1.1081,0.0962,1.0141
7OW6,161,0.928804,5,0.7020,0.0096,1.0347,0.1037,0.1050
7OW6,162,0.847218,5,0.6098,0.0084,0.9748,0.1109,0.0925
7OW6,163,0.771854,5,0.5288,0.0074,0.9263,0.1175,0.0813
7OW6,164,0.702309,5,0.4576,0.0064,0.8876,0.1232,0.0715
7OW6,165,0.638207,5,0.3952,0.0055,0.8571,0.1283,0.0627
7OW6,166,0.579186,5,0.3406,0.0047,0.8335,0.1326,0.0549
7OW6,167,0.524908,5,0.2930,0.0040,0.8153,0.1362,0.0480
7OW6,168,0.475048,5,0.2515,0.0034,0.8014,0.1390,0.0419
7OW6,169,0.429305,5,0.2154,0.0028,0.7909,0.1413,0.0364
7OW6,170,0.38739,5,0.1842,0.0023,0.7832,0.1431,0.0316
7OW6,171,0.349033,5,0.1571,0.0019,0.7774,0.1446,0.0274
7OW6,172,0.313979,5,0.1337,0.0015,0.7731,0.1457,0.0237
7OW6,173,0.281986,5,0.1136,0.0011,0.7700,0.1467,0.0204
7OW6,174,0.252829,5,0.0963,0.0009,0.7677,0.1474,0.0177
7OW6,175,0.226295,5,0.0815,0.0007,0.7661,0.1480,0.0151
7OW6,176,0.202186,5,0.0689,0.0006,0.7650,0.1484,0.0130
7OW6,177,0.180312,5,0.0580,0.0006,0.7642,0.1486,0.0112
7OW6,178,0.160499,5,0.0488,0.0005,0.7636,0.1489,0.0096
7OW6,179,0.142582,5,0.0410,0.0006,0.7632,0.1491,0.0082
7OW6,180,0.126407,5,0.0344,0.0006,0.7630,0.1492,0.0070
7OW6,181,0.111832,5,0.0288,0.0005,0.7628,0.1493,0.0060
7OW6,182,0.0987208,5,0.0241,0.0005,0.7627,0.1494,0.0051
7OW6,183,0.0869503,5,0.0202,0.0005,0.7627,0.1495,0.0044
7OW6,184,0.0764038,5,0.0169,0.0004,0.7626,0.1495,0.0037
7OW6,185,0.0669735,5,0.0142,0.0004,0.7626,0.1496,0.0032
7OW6,186,0.0585587,5,0.0118,0.0004,0.7626,0.1496,0.0028
7OW6,187,0.0510671,5,0.0099,0.0003,0.7627,0.1496,0.0024
7OW6,188,0.0444124,5,0.0083,0.0003,0.7627,0.1496,0.0021
7OW6,189,0.0385154,5,0.0070,0.0002,0.7627,0.1496,0.0018
7OW6,190,0.0333026,5,0.0058,0.0002,0.7628,0.1496,0.0016
7OW6,191,0.0287066,5,0.0049,0.0002,0.7628,0.1496,0.0015
7OW6,192,0.0246654,5,0.0041,0.0001,0.7628,0.1496,0.0013
7OW6,193,0.021122,5,0.0034,0.0001,0.7629,0.1496,0.0012
7OW6,194,0.0180242,5,0.0028,0.0001,0.7629,0.1496,0.0011
7OW6,195,0.0153242,5,0.0023,0.0001,0.7629,0.1496,0.0010
7OW6,196,0.0129786,5,0.0019,0.0001,0.7629,0.1496,0.0009
7OW6,197,0.0109477,5,0.0015,0.0001,0.7629,0.1496,0.0008
7OW6,198,0.00919558,5,0.0011,0.0001,0.7630,0.1496,0.0008
7OW6,199,0.00768951,5,0.0007,0.0000,0.7630,0.1497,0.0008
7OW6,200,0.00640001,5,0.0000,0.0000,0.7630,0.1497,0.0007
7PBC,1,2485.54,5,2499.8880,66.1442,2501.0314,65.9771,
7PBC,2,2412.94,5,2130.9351,28.2771,2131.1775,28.5210,2646.2368
7PBC,3,2342.16,5,2069.0189,28.1054,2068.4316,25.8681,2422.7095
7PBC,4,2273.18,5,1981.8749,15.6108,1981.3519,14.3874,2362.3766
7PBC,5,2205.94,5,1925.9204,15.3759,1927.0280,15.7627,2264.7392
7PBC,6,2140.41,5,1848.4658,25.4872,1848.5048,23.5799,2223.8157
7PBC,7,2076.56,5,1804.4698,40.2571,1804.8229,38.9561,2127.2357
7PBC,8,2014.35,5,1767.3029,14.2621,1768.4575,14.1262,2085.4828
7PBC,9,1953.74,5,1686.9491,39.9551,1686.3095,39.5051,2029.9857
7PBC,10,1894.71,5,1662.7829,11.2527,1663.4242,11.6584,1960.7425
7PBC,11,1837.2,5,1602.4901,39.2994,1602.5268,38.7145,1882.9860
7PBC,12,1781.21,5,1559.7586,27.4091,1560.0237,27.6050,1859.1414
7PBC,13,1726.68,5,1473.7613,41.0621,1473.7655,41.6095,1759.3606
7PBC,14,1673.58,5,1443.7710,10.3922,1444.9358,10.6599,1718.1878
7PBC,15,1621.9,5,1411.0185,32.8147,1411.4150,32.6261,1666.8237
7PBC,16,1571.58,5,1384.2136,39.6080,1384.6423,40.6986,1606.7693
7PBC,17,1522.62,5,1313.6817,25.5909,1314.3795,25.2380,1575.5151
7PBC,18,1474.96,5,1277.4658,21.8583,1277.2927,22.5412,1488.1677
7PBC,19,1428.59,5,1250.6465,32.1753,1250.3405,32.4768,1464.4378
7PBC,20,1383.47,5,1205.4150,33.0393,1206.2135,32.9742,1417.0284
7PBC,21,1339.59,5,1180.8063,19.7688,1180.9589,19.6099,1392.8507
7PBC,22,1296.9,5,1131.9252,13.4634,1131.9097,13.1684,1347.4130
7PBC,23,1255.38,5,1094.9907,13.2194,1095.1210,13.3611,1293.5063
7PBC,24,1215,5,1047.3441,17.5741,1047.6286,17.7272,1246.5703
7PBC,25,1175.75,5,1001.8376,22.4120,1001.6852,22.6421,1221.9720
7PBC,26,1137.58,5,991.0664,16.8404,990.9938,16.7439,1163.4612
7PBC,27,1100.49,5,953.3421,16.6556,952.1427,16.5973,1147.4386
7PBC,28,1064.43,5,932.1207,6.8655,931.8764,7.1475,1110.1950
7PBC,29,1029.39,5,892.9088,14.0817,892.7464,13.0777,1077.5729
7PBC,30,995.349,5,861.5952,13.3096,861.3882,13.1073,1015.2042
7PBC,31,962.275,5,842.5370,15.0149,842.8778,14.7054,989.9698
7PBC,32,930.147,5,792.2202,12.1283,792.4895,12.7139,955.5160
7PBC,33,898.942,5,778.1632,15.1716,778.3993,15.5082,912.3029
7PBC,34,868.639,5,754.0425,19.1147,753.8921,19.1393,895.1329
7PBC,35,839.216,5,718.6878,15.0842,718.2345,14.9097,853.4118
7PBC,36,810.652,5,702.1345,7.9873,702.3461,8.2063,824.5278
7PBC,37,782.924,5,682.3535,16.2646,682.4515,16.3933,807.6762
7PBC,38,756.014,5,649.9319,12.3027,650.1689,12.2605,791.6634
7PBC,39,729.901,5,625.6838,10.5779,625.8456,10.4948,750.4465
7PBC,40,704.564,5,611.8875,8.3313,611.4625,8.0419,713.6992
7PBC,41,679.985,5,591.6561,4.4113,591.4429,4.9254,699.3090
7PBC,42,656.145,5,569.7504,5.7480,569.2722,5.4615,673.5690
7PBC,43,633.025,5,550.8704,7.8539,550.3439,8.6236,659.1193
7PBC,44,610.606,5,526.5534,8.9947,526.6741,8.7556,622.9210
7PBC,45,588.872,5,490.2617,15.8029,490.2110,16.0584,603.4642
7PBC,46,567.804,5,492.8606,5.5478,492.8979,5.3583,576.0235
7PBC,47,547.386,5,466.8658,6.9952,466.9499,7.2935,566.9350
7PBC,48,527.6,5,455.2867,5.8283,455.1251,5.9555,534.6003
7PBC,49,508.43,5,435.3470,11.6095,435.6713,11.5391,517.4624
7PBC,50,489.861,5,422.2233,5.9641,422.4003,6.0556,501.7820
7PBC,51,471.875,5,400.8628,6.5369,400.8142,6.2613,483.2135
7PBC,52,454.46,5,393.1647,9.6152,393.4781,9.5660,463.9558
7PBC,53,437.597,5,378.7397,3.2318,378.6620,3.0345,451.1552
7PBC,54,421.274,5,360.6110,5.2628,360.6602,5.4090,430.4886
7PBC,55,405.476,5,344.4811,3.6688,344.4849,3.7004,415.7459
7PBC,56,390.188,5,336.5398,3.2741,336.6092,3.4134,399.2410
7PBC,57,375.397,5,324.1847,3.0195,323.9941,3.2913,387.5927
7PBC,58,361.089,5,311.7466,3.4371,311.7262,3.5290,370.1775
7PBC,59,347.251,5,295.6096,4.5184,295.6277,4.4584,360.5340
7PBC,60,333.87,5,282.0001,5.3407,282.0706,5.4390,343.3685
7PBC,61,320.934,5,271.0294,4.8858,271.1532,4.8183,328.7121
7PBC,62,308.43,5,264.7233,2.4999,264.5600,2.7374,315.0361
7PBC,63,296.345,5,251.6868,6.7401,251.6874,6.7586,303.8417
7PBC,64,284.669,5,244.1068,3.1970,244.0859,3.2012,289.4544
7PBC,65,273.389,5,234.0576,4.8194,234.0908,4.7600,284.3885
7PBC,66,262.495,5,222.2957,3.4497,222.3090,3.4049,266.3937
7PBC,67,251.974,5,215.7330,1.7856,215.7070,1.6951,256.7157
7PBC,68,241.818,5,208.1093,3.9273,208.1813,3.8608,247.7208
7PBC,69,232.014,5,196.3299,4.1266,196.2502,4.1434,240.2246
7PBC,70,222.553,5,189.9336,3.6767,189.8728,3.8495,226.8025
7PBC,71,213.425,5,182.2841,3.8722,182.3235,3.8953,218.9332
7PBC,72,204.619,5,173.9022,6.2281,173.9481,6.3140,210.7866
7PBC,73,196.127,5,168.3109,3.3047,168.2924,3.3418,202.8117
7PBC,74,187.938,5,160.5617,2.1031,160.3357,2.2017,193.5546
7PBC,75,180.045,5,152.0724,1.9574,152.0772,1.8675,185.5587
7PBC,76,172.437,5,145.2089,2.5927,145.2907,2.5762,176.8570
7PBC,77,165.106,5,139.6644,1.9936,139.7557,2.0224,164.0827
7PBC,78,158.045,5,135.5986,1.5175,135.5224,1.5045,162.0930
7PBC,79,151.243,5,128.4808,3.4391,128.5561,3.4385,154.8790
7PBC,80,144.695,5,124.6595,2.8897,124.6430,2.9174,147.3042
7PBC,81,138.39,5,118.3342,1.9164,118.2716,1.8457,142.1096
7PBC,82,132.323,5,111.6182,2.0619,111.6887,2.0625,134.2916
7PBC,83,126.485,5,107.8824,1.3379,107.9252,1.3412,127.7896
7PBC,84,120.869,5,102.7465,1.9499,102.7632,1.8825,123.5066
7PBC,85,115.469,5,96.7305,1.5824,96.7018,1.5994,116.8302
7PBC,86,110.276,5,93.2577,1.7966,93.2666,1.8054,111.2047
7PBC,87,105.285,5,89.0149,0.4711,89.0912,0.4783,107.0215
7PBC,88,100.489,5,85.1621,1.6100,85.1635,1.6003,101.6485
7PBC,89,95.8813,5,81.7470,0.7195,81.7054,0.8002,97.7377
7PBC,90,91.4559,5,77.4954,1.8222,77.5279,1.8321,94.0581
7PBC,91,87.2068,5,72.5612,1.1469,72.5542,1.1889,89.0083
7PBC,92,83.1281,5,69.0705,1.5582,69.0521,1.5635,83.8285
7PBC,93,79.2139,5,66.7890,0.5541,66.7515,0.5566,80.0878
7PBC,94,75.4588,5,63.6290,1.4337,63.5564,1.4047,74.9295
7PBC,95,71.8574,5,60.8613,0.6510,60.8117,0.6438,73.3193
7PBC,96,68.4042,5,57.4011,0.8122,57.4291,0.8293,69.7402
7PBC,97,65.0944,5,53.8516,1.2243,53.8561,1.2343,65.1036
7PBC,98,61.9226,5,51.6555,0.5141,51.6593,0.5533,62.8982
7PBC,99,58.8844,5,48.9845,1.1477,48.9864,1.1599,59.8447
7PBC,100,55.9748,5,46.5309,1.0638,46.5585,1.0937,56.5952
7PBC,101,53.1893,5,43.7815,0.8812,43.8052,0.8759,53.7899
7PBC,102,50.5235,5,42.5463,0.8575,42.5236,0.8274,51.2987
7PBC,103,47.9731,5,39.9305,0.5506,39.8763,0.5442,48.4152
7PBC,104,45.5338,5,38.0579,0.5448,38.0362,0.5588,45.6020
7PBC,105,43.2016,5,35.5918,0.8069,35.6182,0.8240,44.1185
7PBC,106,40.9725,5,33.5519,0.5464,33.5775,0.5551,41.2686
7PBC,107,38.8428,5,32.2813,0.5290,32.3026,0.5309,38.8021
7PBC,108,36.8086,5,30.6411,0.3474,30.6674,0.3396,36.7674
7PBC,109,34.8665,5,29.1481,0.5667,29.1682,0.5492,35.0599
7PBC,110,33.0129,5,27.6433,0.9597,27.6285,0.9640,33.4707
7PBC,111,31.2443,5,25.7516,0.4852,25.7552,0.4967,31.5676
7PBC,112,29.5577,5,24.4177,0.4397,24.4410,0.4447,29.5406
7PBC,113,27.9497,5,23.4008,0.2349,23.4201,0.2584,28.3731
7PBC,114,26.4172,5,21.8020,0.5144,21.8100,0.4819,26.9199
7PBC,115,24.9573,5,20.6877,0.3215,20.6907,0.3237,24.9460
7PBC,116,23.5672,5,19.5837,0.1219,19.5842,0.1389,23.9511
7PBC,117,22.2439,5,18.2271,0.3468,18.2117,0.3651,22.1858
7PBC,118,20.9849,5,17.5035,0.2732,17.5210,0.2661,21.1376
7PBC,119,19.7874,5,16.4295,0.1236,16.4403,0.1284,19.9395
7PBC,120,18.649,5,15.2778,0.2726,15.2902,0.2754,18.4892
7PBC,121,17.5672,5,14.4571,0.2125,14.4635,0.2090,17.7685
7PBC,122,16.5396,5,13.6513,0.3158,13.6609,0.3164,16.5670
7PBC,123,15.564,5,12.7074,0.1550,12.7126,0.1573,15.5793
7PBC,124,14.6382,5,11.9325,0.1595,11.9501,0.1681,14.3644
7PBC,125,13.7599,5,11.3554,0.1204,11.3907,0.1173,13.9719
7PBC,126,12.9272,5,10.4793,0.1761,10.5286,0.1554,12.8193
7PBC,127,12.1381,5,9.8667,0.0552,9.8911,0.0734,12.1908
7PBC,128,11.3907,5,9.5369,0.2782,9.5575,0.2678,11.4635
7PBC,129,10.683,5,8.8204,0.0984,8.8441,0.0915,10.7298
7PBC,130,10.0134,5,8.1588,0.1975,8.1897,0.1850,10.1125
7PBC,131,9.38004,5,7.6344,0.1147,7.6674,0.1062,9.2711
7PBC,132,8.78137,5,7.0750,0.1368,7.1105,0.1614,8.6764
7PBC,133,8.21574,5,6.7761,0.0874,6.8056,0.0965,8.1808
7PBC,134,7.68164,5,6.3044,0.0745,6.3489,0.0886,7.7556
7PBC,135,7.17757,5,5.9131,0.0677,5.9386,0.0781,7.1337
7PBC,136,6.70213,5,5.4718,0.1614,5.4989,0.1557,6.6767
7PBC,137,6.25395,5,5.0770,0.0721,5.1249,0.0757,6.2211
7PBC,138,5.8317,5,4.7968,0.1539,4.8037,0.1537,5.8169
7PBC,139,5.43412,5,4.4555,0.1111,4.4821,0.0892,5.4509
7PBC,140,5.06001,5,4.0708,0.0705,4.1055,0.0610,5.0292
7PBC,141,4.7082,5,3.8837,0.0731,3.9092,0.0677,4.6934
7PBC,142,4.37757,5,3.5392,0.0473,3.5686,0.0920,4.3459
7PBC,143,4.06704,5,3.2475,0.0641,3.3034,0.0674,4.0488
7PBC,144,3.77558,5,3.0248,0.0643,3.0861,0.0272,3.7242
7PBC,145,3.50222,5,2.8379,0.0642,2.8887,0.0904,3.4842
7PBC,146,3.246,5,2.6632,0.0449,2.7101,0.0675,3.1832
7PBC,147,3.00601,5,2.4197,0.0412,2.4818,0.0872,3.0086
7PBC,148,2.7814,5,2.2719,0.0599,2.3714,0.0935,2.7431
7PBC,149,2.57133,5,2.0908,0.0369,2.2130,0.0810,2.5122
7PBC,150,2.37501,5,1.9246,0.0103,2.0508,0.0763,2.3795
7PBC,151,2.19168,5,1.7889,0.0193,1.8953,0.0560,2.1769
7PBC,152,2.02061,5,1.6556,0.0292,1.7572,0.0860,2.0071
7PBC,153,1.86112,5,1.4785,0.0470,1.6363,0.0829,1.8483
7PBC,154,1.71255,5,1.3845,0.0289,1.5467,0.1049,1.6920
7PBC,155,1.57426,5,1.2789,0.0205,1.4753,0.0906,1.5647
7PBC,156,1.44565,5,1.1586,0.0239,1.3718,0.0864,1.4354
7PBC,157,1.32616,5,1.0522,0.0302,1.2836,0.0664,1.3011
7PBC,158,1.21523,5,0.9730,0.0213,1.2334,0.0713,1.1934
7PBC,159,1.11236,5,0.8876,0.0085,1.1779,0.0670,1.1013
7PBC,160,1.01704,5,0.8035,0.0141,1.1188,0.0807,1.0007
7PBC,161,0.928804,5,0.6990,0.0124,1.0449,0.0842,0.1047
7PBC,162,0.847218,5,0.6071,0.0110,0.9844,0.0874,0.0923
7PBC,163,0.771854,5,0.5261,0.0097,0.9354,0.0903,0.0812
7PBC,164,0.702309,5,0.4551,0.0085,0.8962,0.0929,0.0713
7PBC,165,0.638207,5,0.3928,0.0075,0.8651,0.0951,0.0625
7PBC,166,0.579186,5,0.3384,0.0066,0.8409,0.0970,0.0547
7PBC,167,0.524908,5,0.2908,0.0058,0.8221,0.0983,0.0478
7PBC,168,0.475048,5,0.2494,0.0051,0.8076,0.0995,0.0417
7PBC,169,0.429305,5,0.2134,0.0045,0.7967,0.1003,0.0363
7PBC,170,0.38739,5,0.1822,0.0040,0.7885,0.1009,0.0315
7PBC,171,0.349033,5,0.1553,0.0035,0.7823,0.1014,0.0272
7PBC,172,0.313979,5,0.1319,0.0030,0.7778,0.1017,0.0237
7PBC,173,0.281986,5,0.1118,0.0026,0.7745,0.1019,0.0204
7PBC,174,0.252829,5,0.0945,0.0023,0.7721,0.1021,0.0176
7PBC,175,0.226295,5,0.0798,0.0020,0.7703,0.1022,0.0151
7PBC,176,0.202186,5,0.0671,0.0017,0.7691,0.1022,0.0130
7PBC,177,0.180312,5,0.0564,0.0014,0.7682,0.1022,0.0111
7PBC,178,0.160499,5,0.0473,0.0012,0.7676,0.1023,0.0095
7PBC,179,0.142582,5,0.0396,0.0011,0.7672,0.1023,0.0081
7PBC,180,0.126407,5,0.0331,0.0009,0.7669,0.1023,0.0069
7PBC,181,0.111832,5,0.0276,0.0007,0.7667,0.1023,0.0059
7PBC,182,0.0987208,5,0.0230,0.0006,0.7667,0.1024,0.0050
7PBC,183,0.0869503,5,0.0192,0.0005,0.7666,0.1023,0.0043
7PBC,184,0.0764038,5,0.0161,0.0004,0.7666,0.1023,0.0036
7PBC,185,0.0669735,5,0.0134,0.0004,0.7666,0.1023,0.0031
7PBC,186,0.0585587,5,0.0112,0.0003,0.7666,0.1023,0.0027
7PBC,187,0.0510671,5,0.0094,0.0002,0.7666,0.1023,0.0023
7PBC,188,0.0444124,5,0.0079,0.0002,0.7666,0.1023,0.0020
7PBC,189,0.0385154,5,0.0066,0.0002,0.7667,0.1023,0.0018
7PBC,190,0.0333026,5,0.0055,0.0002,0.7667,0.1023,0.0016
7PBC,191,0.0287066,5,0.0047,0.0002,0.7667,0.1023,0.0014
7PBC,192,0.0246654,5,0.0039,0.0001,0.7668,0.1023,0.0013
7PBC,193,0.021122,5,0.0032,0.0001,0.7668,0.1023,0.0012
7PBC,194,0.0180242,5,0.0027,0.0001,0.7668,0.1024,0.0011
7PBC,195,0.0153242,5,0.0022,0.0001,0.7668,0.1024,0.0010
7PBC,196,0.0129786,5,0.0017,0.0001,0.7668,0.1024,0.0009
7PBC,197,0.0109477,5,0.0013,0.0000,0.7669,0.1023,0.0009
7PBC,198,0.00919558,5,0.0010,0.0000,0.7669,0.1024,0.0008
7PBC,199,0.00768951,5,0.0007,0.0000,0.7669,0.1024,0.0007
7PBC,200,0.00640001,5,0.0000,0.0000,0.7669,0.1024,0.0007
7QPJ,1,2485.54,5,2452.2309,48.3925,2452.2463,48.4017,
7QPJ,2,2412.94,5,2128.6232,39.2397,2128.6262,39.2423,2639.3209
7QPJ,3,2342.16,5,2030.4410,29.2377,2030.4532,29.2571,2425.8618
7QPJ,4,2273.18,5,1968.7013,28.6067,1968.7001,28.6122,2342.6554
7QPJ,5,2205.94,5,1924.5222,30.1407,1924.5292,30.1421,2285.3638
7QPJ,6,2140.41,5,1867.1220,28.2746,1867.1076,28.2914,2205.1866
7QPJ,7,2076.56,5,1799.1920,32.0868,1799.1836,32.0810,2128.9597
7QPJ,8,2014.35,5,1743.8053,14.2376,1743.8081,14.2385,2043.6627
7QPJ,9,1953.74,5,1706.2638,53.2875,1706.2754,53.2841,2013.2302
7QPJ,10,1894.71,5,1649.4464,12.2973,1649.4508,12.3066,1961.6854
7QPJ,11,1837.2,5,1612.0020,16.1458,1612.0114,16.1292,1920.9715
7QPJ,12,1781.21,5,1541.8322,17.7490,1541.8275,17.7472,1864.7381
7QPJ,13,1726.68,5,1513.8385,21.9515,1513.8453,21.9529,1771.6545
7QPJ,14,1673.58,5,1474.6780,25.2011,1474.6611,25.1972,1743.3056
7QPJ,15,1621.9,5,1408.3692,22.0721,1408.3684,22.0669,1668.3206
7QPJ,16,1571.58,5,1359.9546,34.4582,1359.9533,34.4576,1620.7325
7QPJ,17,1522.62,5,1308.3468,21.2511,1308.3333,21.2463,1560.4295
7QPJ,18,1474.96,5,1312.2733,9.5244,1312.2848,9.5175,1517.3698
7QPJ,19,1428.59,5,1235.9785,14.9938,1235.9684,14.9977,1495.7305
7QPJ,20,1383.47,5,1193.7692,15.2821,1193.7533,15.2931,1411.3182
7QPJ,21,1339.59,5,1164.5911,7.6682,1164.5799,7.6652,1390.7093
7QPJ,22,1296.9,5,1124.1162,12.3793,1124.1249,12.3854,1330.4727
7QPJ,23,1255.38,5,1068.3914,12.2487,1068.3958,12.2585,1300.1675
7QPJ,24,1215,5,1045.8831,17.7217,1045.8797,17.7165,1225.1548
7QPJ,25,1175.75,5,1023.8338,5.9736,1023.8255,5.9773,1204.5647
7QPJ,26,1137.58,5,976.3456,18.6470,976.3720,18.6646,1164.2945
7QPJ,27,1100.49,5,930.3370,16.2243,930.3379,16.2097,1130.2192
7QPJ,28,1064.43,5,921.7919,16.1949,921.8060,16.2006,1093.3279
7QPJ,29,1029.39,5,878.8329,15.5107,878.8250,15.5073,1047.5574
7QPJ,30,995.349,5,872.2169,6.7933,872.2137,6.7903,1013.8314
7QPJ,31,962.275,5,835.3615,12.8981,835.3557,12.8786,1004.5845
7QPJ,32,930.147,5,804.4158,12.3490,804.4265,12.3589,967.9244
7QPJ,33,898.942,5,782.9163,6.1425,782.9101,6.1548,923.9563
7QPJ,34,868.639,5,755.2211,15.3819,755.2234,15.3894,887.2048
7QPJ,35,839.216,5,727.2438,9.6764,727.2466,9.6773,871.1459
7QPJ,36,810.652,5,701.0546,12.3938,701.0492,12.3797,825.1186
7QPJ,37,782.924,5,674.9435,18.4372,674.9424,18.4378,806.8785
7QPJ,38,756.014,5,655.3433,9.8529,655.3441,9.8493,776.5208
7QPJ,39,729.901,5,637.1401,9.4937,637.1396,9.4619,752.2981
7QPJ,40,704.564,5,606.0657,15.9691,606.0581,15.9540,727.5077
7QPJ,41,679.985,5,592.3751,6.4987,592.3732,6.5004,698.0769
7QPJ,42,656.145,5,570.9808,10.1873,570.9609,10.1753,670.0833
7QPJ,43,633.025,5,553.7312,6.9032,553.7277,6.8962,660.5562
7QPJ,44,610.606,5,528.5806,11.4559,528.5854,11.4557,628.3009
7QPJ,45,588.872,5,511.7037,9.6777,511.7037,9.6655,612.2046
7QPJ,46,567.804,5,489.8287,5.8904,489.8312,5.8960,582.0991
7QPJ,47,547.386,5,471.2555,9.9152,471.2555,9.9352,559.8776
7QPJ,48,527.6,5,457.6843,5.0342,457.6949,5.0477,545.0711
7QPJ,49,508.43,5,436.4116,4.5643,436.4153,4.5396,526.8297
7QPJ,50,489.861,5,429.9082,8.1335,429.9159,8.1271,513.5141
7QPJ,51,471.875,5,406.9918,6.4971,407.0027,6.4915,490.8100
7QPJ,52,454.46,5,391.7971,3.6839,391.8036,3.6977,470.2042
7QPJ,53,437.597,5,377.9615,5.4883,377.9545,5.4820,445.9049
7QPJ,54,421.274,5,363.4407,4.2918,363.4301,4.3034,433.2998
7QPJ,55,405.476,5,349.9756,7.5285,349.9804,7.5188,415.8402
7QPJ,56,390.188,5,336.2752,8.2444,336.2751,8.2308,402.0945
7QPJ,57,375.397,5,317.4868,3.5762,317.5022,3.5761,381.8125
7QPJ,58,361.089,5,303.7131,8.1398,303.7198,8.1340,361.6180
7QPJ,59,347.251,5,298.5847,3.2601,298.5834,3.2588,350.5954
7QPJ,60,333.87,5,285.7521,4.6532,285.7497,4.6454,340.5049
7QPJ,61,320.934,5,275.9201,4.7713,275.8974,4.7463,329.7341
7QPJ,62,308.43,5,269.4236,4.2683,269.4341,4.2637,319.3037
7QPJ,63,296.345,5,251.6296,5.3626,251.6441,5.3738,306.4220
7QPJ,64,284.669,5,243.2144,5.6579,243.2064,5.6500,295.6280
7QPJ,65,273.389,5,233.2710,6.2556,233.2765,6.2565,276.0346
7QPJ,66,262.495,5,223.5687,4.6668,223.5623,4.6643,265.2796
7QPJ,67,251.974,5,218.2530,4.4302,218.2524,4.4248,258.5266
7QPJ,68,241.818,5,206.6311,2.9468,206.6213,2.9389,253.5630
7QPJ,69,232.014,5,196.8343,2.3802,196.8336,2.3611,234.9567
7QPJ,70,222.553,5,189.1653,3.7827,189.1596,3.7857,225.8816
7QPJ,71,213.425,5,181.6738,4.4501,181.6688,4.4550,217.2093
7QPJ,72,204.619,5,176.0074,2.2114,176.0041,2.1981,205.6530
7QPJ,73,196.127,5,166.8175,2.4043,166.8156,2.4093,199.7878
7QPJ,74,187.938,5,159.2002,1.9520,159.1978,1.9411,190.9297
7QPJ,75,180.045,5,151.7827,3.3551,151.7943,3.3562,184.1853
7QPJ,76,172.437,5,147.7876,2.6428,147.7737,2.6229,174.5254
7QPJ,77,165.106,5,140.5158,2.3716,140.5094,2.3757,171.2420
7QPJ,78,158.045,5,133.8529,1.2509,133.8656,1.2554,162.0152
7QPJ,79,151.243,5,130.0322,2.5126,130.0527,2.5199,153.9605
7QPJ,80,144.695,5,123.5135,1.9464,123.5094,1.9551,147.7810
7QPJ,81,138.39,5,117.7347,0.8585,117.7342,0.8702,141.4507
7QPJ,82,132.323,5,112.9996,0.9737,112.9963,0.9776,134.0173
7QPJ,83,126.485,5,109.4802,2.2413,109.4867,2.2307,129.3335
7QPJ,84,120.869,5,103.6000,1.0831,103.5893,1.0906,124.2878
7QPJ,85,115.469,5,97.5020,0.5882,97.4961,0.5708,116.6711
7QPJ,86,110.276,5,94.1168,2.5378,94.1126,2.5441,112.6280
7QPJ,87,105.285,5,89.1548,1.5866,89.1563,1.5841,106.6497
7QPJ,88,100.489,5,84.5959,2.5924,84.5797,2.6077,98.8942
7QPJ,89,95.8813,5,81.7621,1.9286,81.7566,1.9327,98.1307
7QPJ,90,91.4559,5,78.0147,1.5081,78.0142,1.5002,93.7904
7QPJ,91,87.2068,5,73.1574,1.3441,73.1639,1.3167,90.2688
7QPJ,92,83.1281,5,69.3222,1.2483,69.3166,1.2340,83.6397
7QPJ,93,79.2139,5,66.6912,1.0215,66.6875,1.0210,80.9143
7QPJ,94,75.4588,5,63.3640,1.6985,63.3539,1.6742,75.6835
7QPJ,95,71.8574,5,60.8718,0.7939,60.8739,0.7919,72.3348
7QPJ,96,68.4042,5,57.0488,0.4832,57.0421,0.4974,69.0481
7QPJ,97,65.0944,5,54.3029,1.3489,54.2948,1.3459,64.4682
7QPJ,98,61.9226,5,51.5783,0.6790,51.5672,0.6848,62.8062
7QPJ,99,58.8844,5,49.3054,0.7171,49.2933,0.7140,59.0431
7QPJ,100,55.9748,5,46.6170,0.6746,46.6154,0.6688,56.7585
7QPJ,101,53.1893,5,43.4704,0.5998,43.4818,0.5982,53.1488
7QPJ,102,50.5235,5,42.4414,0.4593,42.4523,0.4588,51.3166
7QPJ,103,47.9731,5,40.1294,0.7893,40.1413,0.7950,48.6365
7QPJ,104,45.5338,5,38.0285,0.6992,38.0144,0.7184,46.5861
7QPJ,105,43.2016,5,36.1132,0.4186,36.0980,0.4014,43.5172
7QPJ,106,40.9725,5,34.3276,0.9406,34.3183,0.9475,41.3328
7QPJ,107,38.8428,5,32.1036,0.8744,32.0978,0.8768,38.9801
7QPJ,108,36.8086,5,30.3396,0.5753,30.3306,0.5941,36.9816
7QPJ,109,34.8665,5,29.5101,0.5680,29.5098,0.5651,35.2232
7QPJ,110,33.0129,5,27.3592,0.3106,27.3361,0.3207,33.9075
7QPJ,111,31.2443,5,26.1892,0.5884,26.1647,0.5789,31.3136
7QPJ,112,29.5577,5,24.4726,0.5020,24.4584,0.5062,29.4888
7QPJ,113,27.9497,5,23.2358,0.3667,23.2313,0.3651,28.1800
7QPJ,114,26.4172,5,21.9793,0.5318,21.9919,0.5262,26.7032
7QPJ,115,24.9573,5,20.9147,0.3702,20.9084,0.3801,25.4098
7QPJ,116,23.5672,5,19.8168,0.5117,19.8027,0.5016,23.8140
7QPJ,117,22.2439,5,18.4889,0.2461,18.4771,0.2321,22.6092
7QPJ,118,20.9849,5,17.3227,0.4525,17.3168,0.4533,21.2602
7QPJ,119,19.7874,5,16.2608,0.2397,16.2549,0.2389,20.0603
7QPJ,120,18.649,5,15.2115,0.2534,15.2119,0.2534,18.6645
7QPJ,121,17.5672,5,14.6091,0.2432,14.6054,0.2387,17.3859
7QPJ,122,16.5396,5,13.6082,0.3021,13.6243,0.3070,16.4661
7QPJ,123,15.564,5,12.7254,0.1848,12.7405,0.1818,15.5226
7QPJ,124,14.6382,5,12.1036,0.1710,12.1229,0.1736,14.6411
7QPJ,125,13.7599,5,11.0793,0.2117,11.0844,0.2031,13.7599
7QPJ,126,12.9272,5,10.4235,0.1622,10.4262,0.1502,12.9234
7QPJ,127,12.1381,5,9.9088,0.1839,9.9069,0.1725,12.1174
7QPJ,128,11.3907,5,9.3676,0.2505,9.3865,0.2435,11.3529
7QPJ,129,10.683,5,8.8244,0.2140,8.8205,0.1898,10.6735
7QPJ,130,10.0134,5,8.0884,0.1736,8.0753,0.1652,10.0101
7QPJ,131,9.38004,5,7.5418,0.0861,7.5332,0.0564,9.1567
7QPJ,132,8.78137,5,7.2052,0.0600,7.2077,0.0584,8.6211
7QPJ,133,8.21574,5,6.6552,0.1632,6.6529,0.1611,8.2112
7QPJ,134,7.68164,5,6.2822,0.1421,6.2834,0.1178,7.6277
7QPJ,135,7.17757,5,5.8545,0.1248,5.8708,0.1032,7.2314
7QPJ,136,6.70213,5,5.4895,0.0604,5.4851,0.0710,6.6873
7QPJ,137,6.25395,5,5.1320,0.0821,5.1577,0.1149,6.2373
7QPJ,138,5.8317,5,4.7154,0.0508,4.7245,0.0622,5.7403
7QPJ,139,5.43412,5,4.4307,0.0693,4.4392,0.0692,5.3590
7QPJ,140,5.06001,5,4.1364,0.0636,4.1575,0.0848,5.0483
7QPJ,141,4.7082,5,3.8280,0.0554,3.8365,0.0394,4.6964
7QPJ,142,4.37757,5,3.5521,0.0824,3.5766,0.0846,4.2941
7QPJ,143,4.06704,5,3.3394,0.0495,3.3767,0.0446,4.0395
7QPJ,144,3.77558,5,3.0527,0.0156,3.1132,0.0405,3.7804
7QPJ,145,3.50222,5,2.7936,0.0835,2.8744,0.0738,3.4984
7QPJ,146,3.246,5,2.6144,0.0735,2.6632,0.0681,3.1843
7QPJ,147,3.00601,5,2.4398,0.0535,2.5113,0.0893,3.0122
7QPJ,148,2.7814,5,2.2178,0.0358,2.3037,0.0434,2.7500
7QPJ,149,2.57133,5,2.0841,0.0524,2.1788,0.0744,2.5548
7QPJ,150,2.37501,5,1.9080,0.0234,2.0066,0.0686,2.3578
7QPJ,151,2.19168,5,1.7740,0.0459,1.8633,0.0901,2.1910
7QPJ,152,2.02061,5,1.5921,0.0348,1.7232,0.0995,2.0149
7QPJ,153,1.86112,5,1.5166,0.0362,1.6496,0.0896,1.8339
7QPJ,154,1.71255,5,1.3864,0.0180,1.5325,0.0786,1.7027
7QPJ,155,1.57426,5,1.2712,0.0196,1.4214,0.0594,1.5550
7QPJ,156,1.44565,5,1.1795,0.0147,1.3595,0.0905,1.4360
7QPJ,157,1.32616,5,1.0698,0.0206,1.2751,0.1093,1.3210
7QPJ,158,1.21523,5,0.9791,0.0276,1.2022,0.1374,1.2173
7QPJ,159,1.11236,5,0.8759,0.0100,1.1285,0.1422,1.1132
7QPJ,160,1.01704,5,0.8060,0.0147,1.0931,0.1369,1.0110
7QPJ,161,0.928804,5,0.7015,0.0127,1.0154,0.1464,0.1048
7QPJ,162,0.847218,5,0.6094,0.0109,0.9512,0.1554,0.0923
7QPJ,163,0.771854,5,0.5284,0.0095,0.8984,0.1637,0.0814
7QPJ,164,0.702309,5,0.4571,0.0081,0.8557,0.1711,0.0715
7QPJ,165,0.638207,5,0.3948,0.0070,0.8215,0.1776,0.0627
7QPJ,166,0.579186,5,0.3402,0.0059,0.7945,0.1831,0.0548
7QPJ,167,0.524908,5,0.2926,0.0050,0.7732,0.1876,0.0479
7QPJ,168,0.475048,5,0.2512,0.0042,0.7567,0.1913,0.0418
7QPJ,169,0.429305,5,0.2150,0.0035,0.7440,0.1944,0.0365
7QPJ,170,0.38739,5,0.1836,0.0029,0.7343,0.1967,0.0317
7QPJ,171,0.349033,5,0.1565,0.0024,0.7270,0.1985,0.0275
7QPJ,172,0.313979,5,0.1331,0.0020,0.7214,0.1999,0.0237
7QPJ,173,0.281986,5,0.1129,0.0016,0.7173,0.2010,0.0205
7QPJ,174,0.252829,5,0.0956,0.0013,0.7143,0.2018,0.0176
7QPJ,175,0.226295,5,0.0808,0.0010,0.7121,0.2024,0.0152
7QPJ,176,0.202186,5,0.0681,0.0008,0.7105,0.2027,0.0130
7QPJ,177,0.180312,5,0.0573,0.0006,0.7093,0.2030,0.0112
7QPJ,178,0.160499,5,0.0482,0.0005,0.7084,0.2032,0.0095
7QPJ,179,0.142582,5,0.0404,0.0004,0.7078,0.2034,0.0081
7QPJ,180,0.126407,5,0.0339,0.0004,0.7074,0.2035,0.0070
7QPJ,181,0.111832,5,0.0283,0.0003,0.7071,0.2036,0.0060
7QPJ,182,0.0987208,5,0.0237,0.0003,0.7069,0.2036,0.0051
7QPJ,183,0.0869503,5,0.0198,0.0003,0.7068,0.2036,0.0043
7QPJ,184,0.0764038,5,0.0166,0.0003,0.7067,0.2036,0.0037
7QPJ,185,0.0669735,5,0.0139,0.0003,0.7066,0.2036,0.0032
7QPJ,186,0.0585587,5,0.0117,0.0003,0.7066,0.2036,0.0027
7QPJ,187,0.0510671,5,0.0098,0.0002,0.7066,0.2037,0.0023
7QPJ,188,0.0444124,5,0.0083,0.0003,0.7066,0.2036,0.0021
7QPJ,189,0.0385154,5,0.0070,0.0002,0.7066,0.2036,0.0018
7QPJ,190,0.0333026,5,0.0059,0.0002,0.7067,0.2036,0.0016
7QPJ,191,0.0287066,5,0.0049,0.0002,0.7067,0.2035,0.0014
7QPJ,192,0.0246654,5,0.0041,0.0001,0.7067,0.2035,0.0013
7QPJ,193,0.021122,5,0.0035,0.0001,0.7068,0.2035,0.0012
7QPJ,194,0.0180242,5,0.0028,0.0001,0.7068,0.2035,0.0011
7QPJ,195,0.0153242,5,0.0023,0.0001,0.7069,0.2034,0.0010
7QPJ,196,0.0129786,5,0.0018,0.0001,0.7069,0.2034,0.0009
7QPJ,197,0.0109477,5,0.0015,0.0001,0.7069,0.2034,0.0008
7QPJ,198,0.00919558,5,0.0011,0.0000,0.7069,0.2034,0.0008
7QPJ,199,0.00768951,5,0.0007,0.0000,0.7069,0.2034,0.0008
7QPJ,200,0.00640001,5,0.0000,0.0000,0.7069,0.2033,0.0007
7PHR,1,2485.54,5,2440.8973,12.7625,2440.9021,12.7509,
7PHR,2,2412.94,5,2130.5886,48.4603,2130.6081,48.4575,2593.9255
7PHR,3,2342.16,5,2057.9125,49.3694,2057.9326,49.3965,2429.2516
7PHR,4,2273.18,5,1956.5242,22.5837,1956.5475,22.5709,2356.0604
7PHR,5,2205.94,5,1925.3158,34.9670,1925.3143,34.9523,2289.4815
7PHR,6,2140.41,5,1868.3067,33.9077,1868.3021,33.9136,2179.5518
7PHR,7,2076.56,5,1813.6035,33.7427,1813.6202,33.7523,2175.9296
7PHR,8,2014.35,5,1728.5739,18.8517,1728.5768,18.8465,2055.5654
7PHR,9,1953.74,5,1699.0729,33.9818,1699.0679,33.9661,2001.3949
7PHR,10,1894.71,5,1666.4695,22.6992,1666.4644,22.7008,1936.8628
7PHR,11,1837.2,5,1592.1958,41.1401,1592.2008,41.1489,1889.0433
7PHR,12,1781.21,5,1561.8907,21.7349,1561.9065,21.7361,1841.1117
7PHR,13,1726.68,5,1519.7312,16.0195,1519.7424,16.0236,1807.7519
7PHR,14,1673.58,5,1451.7481,20.6015,1451.7674,20.5987,1701.4941
7PHR,15,1621.9,5,1392.1010,27.1428,1392.0981,27.1384,1660.3643
7PHR,16,1571.58,5,1370.5153,10.7171,1370.5429,10.7221,1608.1334
7PHR,17,1522.62,5,1318.2766,13.9103,1318.2927,13.9060,1557.5644
7PHR,18,1474.96,5,1273.5626,21.8776,1273.5561,21.8810,1508.8571
7PHR,19,1428.59,5,1246.1778,8.8079,1246.1694,8.8174,1476.8548
7PHR,20,1383.47,5,1192.5723,18.3708,1192.5986,18.3722,1420.0470
7PHR,21,1339.59,5,1159.8592,18.1981,1159.8817,18.2005,1369.0699
7PHR,22,1296.9,5,1123.4538,20.6238,1123.4554,20.6366,1322.7613
7PHR,23,1255.38,5,1086.5131,6.0853,1086.5274,6.0879,1297.1168
7PHR,24,1215,5,1045.9829,25.0348,1046.0019,25.0353,1237.5387
7PHR,25,1175.75,5,1023.8846,15.1252,1023.9041,15.1316,1193.5855
7PHR,26,1137.58,5,980.1019,22.1230,980.1169,22.1142,1156.8495
7PHR,27,1100.49,5,958.0491,14.0066,958.0690,14.0113,1142.6033
7PHR,28,1064.43,5,930.6772,18.0996,930.6789,18.0911,1099.6958
7PHR,29,1029.39,5,898.9674,20.6491,898.9967,20.6458,1072.6653
7PHR,30,995.349,5,866.3947,17.5956,866.4125,17.6170,1027.0696
7PHR,31,962.275,5,839.7733,14.0412,839.8067,14.0432,996.9103
7PHR,32,930.147,5,801.3797,19.7518,801.4046,19.7427,955.3270
7PHR,33,898.942,5,781.5766,17.7670,781.5941,17.7634,919.7098
7PHR,34,868.639,5,749.0421,11.6892,749.0627,11.6878,898.0602
7PHR,35,839.216,5,720.0888,10.3671,720.1076,10.3717,855.9973
7PHR,36,810.652,5,697.9513,10.9934,697.9552,10.9915,836.8105
7PHR,37,782.924,5,658.4444,9.9954,658.4567,10.0070,800.8824
7PHR,38,756.014,5,653.9801,6.9740,653.9972,6.9773,772.3900
7PHR,39,729.901,5,638.6079,9.2833,638.6023,9.2926,753.0571
7PHR,40,704.564,5,604.3992,10.0536,604.4040,10.0388,722.3700
7PHR,41,679.985,5,589.8965,10.5356,589.9014,10.5410,701.1476
7PHR,42,656.145,5,573.9125,6.4846,573.9218,6.4822,672.7746
7PHR,43,633.025,5,544.9446,6.6522,544.9493,6.6645,651.5900
7PHR,44,610.606,5,525.4130,8.9513,525.4175,8.9435,620.5357
7PHR,45,588.872,5,509.7476,16.3519,509.7590,16.3547,606.9218
7PHR,46,567.804,5,484.2535,10.2939,484.2770,10.3018,574.3621
7PHR,47,547.386,5,473.5980,10.8226,473.6034,10.8328,558.2918
7PHR,48,527.6,5,457.5378,14.7802,457.5575,14.7823,551.4215
7PHR,49,508.43,5,439.0256,3.7146,439.0245,3.7085,521.1336
7PHR,50,489.861,5,411.3674,10.8398,411.3764,10.8229,505.5415
7PHR,51,471.875,5,404.1075,3.6978,404.1026,3.6911,470.1230
7PHR,52,454.46,5,385.7680,9.1480,385.7726,9.1561,465.8429
7PHR,53,437.597,5,376.4042,8.3113,376.4095,8.3091,450.6628
7PHR,54,421.274,5,358.2471,9.0688,358.2565,9.0876,426.3533
7PHR,55,405.476,5,348.1335,1.0021,348.1403,1.0077,410.6877
7PHR,56,390.188,5,331.8859,1.6537,331.9004,1.6586,398.5387
7PHR,57,375.397,5,323.1844,5.2489,323.1905,5.2461,386.1515
7PHR,58,361.089,5,312.2275,7.6515,312.2548,7.6363,367.8100
7PHR,59,347.251,5,292.6162,3.3106,292.6219,3.3041,356.1614
7PHR,60,333.87,5,287.0748,5.9249,287.0848,5.9263,341.1148
7PHR,61,320.934,5,269.2593,5.0363,269.2678,5.0186,329.6444
7PHR,62,308.43,5,263.8203,3.2766,263.8373,3.2909,317.1299
7PHR,63,296.345,5,252.4553,5.2061,252.4746,5.2332,301.4962
7PHR,64,284.669,5,243.3431,3.9998,243.3612,4.0020,290.9010
7PHR,65,273.389,5,228.8656,4.2541,228.8870,4.2532,276.4323
7PHR,66,262.495,5,223.1333,4.5840,223.1401,4.5800,266.2093
7PHR,67,251.974,5,215.2512,3.8892,215.2688,3.8924,254.6531
7PHR,68,241.818,5,204.8022,2.2109,204.8065,2.2274,248.6894
7PHR,69,232.014,5,198.1225,1.9874,198.1373,1.9823,237.9317
7PHR,70,222.553,5,192.6867,2.2960,192.7004,2.2913,229.7307
7PHR,71,213.425,5,177.6274,3.2899,177.6350,3.2891,216.9552
7PHR,72,204.619,5,173.7082,4.3469,173.7129,4.3499,206.2386
7PHR,73,196.127,5,164.5467,3.2421,164.5606,3.2612,198.8929
7PHR,74,187.938,5,160.1511,1.9825,160.1685,1.9783,189.3890
7PHR,75,180.045,5,150.9166,3.3639,150.9232,3.3745,184.0035
7PHR,76,172.437,5,146.4513,1.7056,146.4345,1.7006,178.2440
7PHR,77,165.106,5,141.8071,2.6754,141.8202,2.6889,167.4989
7PHR,78,158.045,5,135.7264,2.1945,135.7339,2.1932,161.5992
7PHR,79,151.243,5,128.6667,3.4818,128.6860,3.4781,156.4474
7PHR,80,144.695,5,123.2518,2.1967,123.2619,2.1952,147.1948
7PHR,81,138.39,5,118.2175,1.4729,118.2371,1.4916,141.2148
7PHR,82,132.323,5,112.5016,2.8975,112.5000,2.8882,136.8294
7PHR,83,126.485,5,107.1588,1.5647,107.1584,1.5738,130.3875
7PHR,84,120.869,5,103.4137,2.6127,103.4241,2.6218,123.7143
7PHR,85,115.469,5,96.6367,0.7710,96.6342,0.7604,115.8365
7PHR,86,110.276,5,93.0834,1.2996,93.0846,1.2812,113.5205
7PHR,87,105.285,5,89.0893,1.4119,89.0856,1.4081,107.2211
7PHR,88,100.489,5,84.3766,1.5595,84.3693,1.5548,101.7447
7PHR,89,95.8813,5,81.4489,1.8329,81.4565,1.8199,98.1861
7PHR,90,91.4559,5,76.7134,1.3505,76.7331,1.3452,93.6308
7PHR,91,87.2068,5,72.9205,1.0980,72.9188,1.1003,87.4229
7PHR,92,83.1281,5,70.6781,1.0407,70.6876,1.0361,84.2022
7PHR,93,79.2139,5,66.0678,1.8363,66.0793,1.8416,81.2785
7PHR,94,75.4588,5,63.4773,1.4822,63.4837,1.4923,76.6126
7PHR,95,71.8574,5,60.2742,1.3560,60.3062,1.3300,72.0452
7PHR,96,68.4042,5,56.9642,1.2709,56.9753,1.2592,69.8152
7PHR,97,65.0944,5,54.0626,0.5929,54.0610,0.6143,65.7972
7PHR,98,61.9226,5,50.9846,0.7518,50.9897,0.7584,62.9769
7PHR,99,58.8844,5,48.9552,1.5492,48.9667,1.5554,59.4808
7PHR,100,55.9748,5,46.8774,0.5657,46.8709,0.5712,56.0782
7PHR,101,53.1893,5,44.7434,0.6586,44.7450,0.6489,53.9197
7PHR,102,50.5235,5,42.0744,0.4727,42.0994,0.4918,51.6248
7PHR,103,47.9731,5,39.4314,0.7594,39.4494,0.7685,47.8423
7PHR,104,45.5338,5,37.6467,0.6775,37.6508,0.6785,45.7465
7PHR,105,43.2016,5,35.7754,0.4918,35.7827,0.5157,43.0978
7PHR,106,40.9725,5,33.9429,1.0714,33.9565,1.0714,41.3089
7PHR,107,38.8428,5,32.8431,0.4916,32.8419,0.4734,39.9322
7PHR,108,36.8086,5,30.9980,0.3521,31.0140,0.3437,37.7681
7PHR,109,34.8665,5,29.0125,0.6948,29.0287,0.7134,35.5008
7PHR,110,33.0129,5,27.8108,0.5472,27.8283,0.5367,33.7575
7PHR,111,31.2443,5,26.4563,0.2679,26.4748,0.2774,31.5078
7PHR,112,29.5577,5,25.0501,0.3750,25.0681,0.3710,30.1114
7PHR,113,27.9497,5,23.5680,0.1909,23.5834,0.1892,28.3093
7PHR,114,26.4172,5,21.9444,0.3982,21.9665,0.4065,27.0879
7PHR,115,24.9573,5,20.8182,0.3601,20.8254,0.3495,24.9391
7PHR,116,23.5672,5,19.6757,0.3875,19.6909,0.3902,24.0233
7PHR,117,22.2439,5,18.4497,0.5112,18.4798,0.5150,22.3951
7PHR,118,20.9849,5,17.0514,0.3966,17.0453,0.3841,21.1342
7PHR,119,19.7874,5,16.5206,0.2637,16.5084,0.2860,19.7279
7PHR,120,18.649,5,15.4368,0.2512,15.4495,0.2623,18.9050
7PHR,121,17.5672,5,14.2496,0.3746,14.2597,0.3750,17.5719
7PHR,122,16.5396,5,13.5488,0.1807,13.5801,0.1856,16.4373
7PHR,123,15.564,5,12.9368,0.3368,12.9417,0.3291,15.8469
7PHR,124,14.6382,5,12.1245,0.3183,12.1271,0.3198,14.5327
7PHR,125,13.7599,5,11.3606,0.2759,11.3674,0.2741,13.8059
7PHR,126,12.9272,5,10.5006,0.1396,10.5104,0.1617,13.0134
7PHR,127,12.1381,5,9.8940,0.1230,9.9359,0.1343,12.1351
7PHR,128,11.3907,5,9.1720,0.1240,9.2169,0.1397,11.4225
7PHR,129,10.683,5,8.6774,0.0971,8.7021,0.0826,10.6767
7PHR,130,10.0134,5,8.2017,0.0709,8.2279,0.0641,10.0899
7PHR,131,9.38004,5,7.6244,0.1150,7.6523,0.1116,9.3568
7PHR,132,8.78137,5,7.1229,0.2012,7.1514,0.2302,8.5989
7PHR,133,8.21574,5,6.6304,0.0833,6.6769,0.0864,8.2395
7PHR,134,7.68164,5,6.1253,0.0940,6.1592,0.0976,7.6752
7PHR,135,7.17757,5,5.7552,0.1143,5.7959,0.1288,7.2127
7PHR,136,6.70213,5,5.3888,0.0963,5.4403,0.1019,6.6243
7PHR,137,6.25395,5,5.1395,0.0577,5.1900,0.0801,6.1419
7PHR,138,5.8317,5,4.7418,0.1018,4.7932,0.1085,5.7880
7PHR,139,5.43412,5,4.3636,0.0776,4.4127,0.0741,5.4585
7PHR,140,5.06001,5,4.1051,0.1463,4.1655,0.1404,4.9965
7PHR,141,4.7082,5,3.8623,0.0810,3.9179,0.0856,4.7097
7PHR,142,4.37757,5,3.5612,0.0926,3.6133,0.0839,4.4007
7PHR,143,4.06704,5,3.2816,0.0605,3.3501,0.0690,4.0555
7PHR,144,3.77558,5,3.0559,0.0420,3.1265,0.0554,3.7323
7PHR,145,3.50222,5,2.8334,0.0339,2.9157,0.0618,3.5098
7PHR,146,3.246,5,2.6330,0.0365,2.7291,0.0452,3.2219
7PHR,147,3.00601,5,2.4282,0.0556,2.5372,0.0450,2.9677
7PHR,148,2.7814,5,2.2298,0.0600,2.3385,0.0569,2.7533
7PHR,149,2.57133,5,2.0623,0.0261,2.1761,0.0613,2.5399
7PHR,150,2.37501,5,1.9273,0.0421,2.0749,0.0571,2.3494
7PHR,151,2.19168,5,1.7664,0.0138,1.9595,0.0194,2.1623
7PHR,152,2.02061,5,1.6449,0.0292,1.8367,0.0511,2.0032
7PHR,153,1.86112,5,1.4978,0.0248,1.7237,0.0254,1.8452
7PHR,154,1.71255,5,1.3935,0.0335,1.6178,0.0356,1.6908
7PHR,155,1.57426,5,1.2808,0.0316,1.5308,0.0538,1.5626
7PHR,156,1.44565,5,1.1675,0.0181,1.4409,0.0482,1.4214
7PHR,157,1.32616,5,1.0703,0.0179,1.3509,0.0613,1.3089
7PHR,158,1.21523,5,0.9589,0.0173,1.2633,0.0478,1.1868
7PHR,159,1.11236,5,0.8775,0.0124,1.1900,0.0541,1.0941
7PHR,160,1.01704,5,0.7990,0.0169,1.1455,0.0555,1.0090
7PHR,161,0.928804,5,0.6953,0.0147,1.0760,0.0583,0.1039
7PHR,162,0.847218,5,0.6040,0.0128,1.0196,0.0612,0.0916
7PHR,163,0.771854,5,0.5236,0.0111,0.9742,0.0640,0.0806
7PHR,164,0.702309,5,0.4530,0.0096,0.9383,0.0664,0.0709
7PHR,165,0.638207,5,0.3912,0.0083,0.9104,0.0685,0.0621
7PHR,166,0.579186,5,0.3372,0.0071,0.8886,0.0703,0.0544
7PHR,167,0.524908,5,0.2899,0.0061,0.8719,0.0718,0.0475
7PHR,168,0.475048,5,0.2488,0.0052,0.8593,0.0730,0.0414
7PHR,169,0.429305,5,0.2131,0.0045,0.8498,0.0740,0.0361
7PHR,170,0.38739,5,0.1820,0.0038,0.8427,0.0749,0.0314
7PHR,171,0.349033,5,0.1552,0.0033,0.8374,0.0755,0.0272
7PHR,172,0.313979,5,0.1320,0.0027,0.8336,0.0760,0.0235
7PHR,173,0.281986,5,0.1121,0.0023,0.8309,0.0763,0.0203
7PHR,174,0.252829,5,0.0949,0.0019,0.8289,0.0766,0.0176
7PHR,175,0.226295,5,0.0802,0.0017,0.8275,0.0768,0.0151
7PHR,176,0.202186,5,0.0678,0.0014,0.8265,0.0770,0.0129
7PHR,177,0.180312,5,0.0571,0.0012,0.8258,0.0770,0.0111
7PHR,178,0.160499,5,0.0481,0.0010,0.8253,0.0771,0.0094
7PHR,179,0.142582,5,0.0404,0.0009,0.8250,0.0772,0.0081
7PHR,180,0.126407,5,0.0340,0.0008,0.8248,0.0772,0.0069
7PHR,181,0.111832,5,0.0284,0.0007,0.8246,0.0772,0.0060
7PHR,182,0.0987208,5,0.0238,0.0007,0.8245,0.0773,0.0051
7PHR,183,0.0869503,5,0.0200,0.0006,0.8245,0.0773,0.0043
7PHR,184,0.0764038,5,0.0167,0.0005,0.8244,0.0773,0.0037
7PHR,185,0.0669735,5,0.0140,0.0004,0.8244,0.0774,0.0032
7PHR,186,0.0585587,5,0.0118,0.0004,0.8244,0.0774,0.0027
7PHR,187,0.0510671,5,0.0099,0.0004,0.8244,0.0774,0.0024
7PHR,188,0.0444124,5,0.0083,0.0004,0.8244,0.0774,0.0021
7PHR,189,0.0385154,5,0.0070,0.0003,0.8244,0.0773,0.0018
7PHR,190,0.0333026,5,0.0058,0.0002,0.8244,0.0774,0.0016
7PHR,191,0.0287066,5,0.0049,0.0002,0.8244,0.0774,0.0015
7PHR,192,0.0246654,5,0.0040,0.0002,0.8244,0.0774,0.0013
7PHR,193,0.021122,5,0.0033,0.0001,0.8244,0.0774,0.0012
7PHR,194,0.0180242,5,0.0028,0.0001,0.8244,0.0774,0.0011
7PHR,195,0.0153242,5,0.0023,0.0001,0.8244,0.0774,0.0010
7PHR,196,0.0129786,5,0.0018,0.0001,0.8244,0.0774,0.0009
7PHR,197,0.0109477,5,0.0014,0.0001,0.8244,0.0774,0.0009
7PHR,198,0.00919558,5,0.0011,0.0000,0.8245,0.0774,0.0008
7PHR,199,0.00768951,5,0.0007,0.0000,0.8245,0.0774,0.0008
7PHR,200,0.00640001,5,0.0000,0.0000,0.8245,0.0774,0.0007
7NMF,1,2485.54,5,2460.9607,77.9121,2460.9583,77.9368,
7NMF,2,2412.94,5,2159.6381,51.6945,2159.6334,51.6867,2635.4287
7NMF,3,2342.16,5,2057.3542,28.8408,2057.3181,28.8652,2485.7958
7NMF,4,2273.18,5,1967.7794,37.0885,1967.7747,37.1388,2361.2141
7NMF,5,2205.94,5,1903.0855,22.4389,1903.0361,22.4811,2254.4550
7NMF,6,2140.41,5,1833.3508,24.5343,1833.3468,24.5403,2202.4645
7NMF,7,2076.56,5,1824.8290,25.4756,1824.8230,25.4778,2151.8891
7NMF,8,2014.35,5,1768.3627,45.5752,1768.3319,45.5653,2080.8400
7NMF,9,1953.74,5,1720.5231,22.7196,1720.5899,22.6900,2027.3937
7NMF,10,1894.71,5,1619.9069,50.0786,1619.9048,50.1299,1956.3471
7NMF,11,1837.2,5,1603.7843,11.3171,1603.7392,11.2898,1885.5134
7NMF,12,1781.21,5,1541.4637,18.3729,1541.4296,18.3726,1832.1385
7NMF,13,1726.68,5,1479.8224,20.0663,1479.7865,20.0850,1754.2837
7NMF,14,1673.58,5,1447.1877,25.5533,1447.1964,25.5601,1749.1401
7NMF,15,1621.9,5,1401.0839,10.6667,1401.0844,10.7090,1671.1777
7NMF,16,1571.58,5,1372.1512,9.1239,1372.0976,9.1682,1601.3490
7NMF,17,1522.62,5,1319.6486,26.0776,1319.6609,26.0713,1578.2347
7NMF,18,1474.96,5,1278.9094,22.7921,1278.8876,22.8185,1522.2048
7NMF,19,1428.59,5,1243.1158,22.3547,1243.0683,22.3535,1471.9883
7NMF,20,1383.47,5,1202.8807,26.7532,1202.8979,26.8145,1419.2766
7NMF,21,1339.59,5,1168.8075,14.2079,1168.8298,14.1272,1381.0930
7NMF,22,1296.9,5,1116.4538,26.2366,1116.4743,26.2554,1344.5812
7NMF,23,1255.38,5,1079.1977,13.6396,1079.1956,13.6349,1270.4639
7NMF,24,1215,5,1058.9542,19.5009,1058.9692,19.4925,1243.8431
7NMF,25,1175.75,5,1024.1816,8.4739,1024.1661,8.4908,1215.6236
7NMF,26,1137.58,5,978.9697,18.6110,978.9741,18.6140,1163.5347
7NMF,27,1100.49,5,966.0046,14.1500,965.9516,14.1367,1128.5949
7NMF,28,1064.43,5,914.4319,13.9319,914.4660,13.9610,1091.3186
7NMF,29,1029.39,5,885.2829,6.4553,885.2923,6.4320,1052.2145
7NMF,30,995.349,5,873.2526,16.5406,873.2581,16.5592,1024.1519
7NMF,31,962.275,5,831.0255,18.9895,831.0150,19.0480,999.3824
7NMF,32,930.147,5,793.5064,14.2816,793.5290,14.2566,944.0158
7NMF,33,898.942,5,778.5371,8.4531,778.5625,8.4544,926.7428
7NMF,34,868.639,5,752.4253,5.8689,752.4140,5.8579,893.8570
7NMF,35,839.216,5,717.0577,7.4297,717.0429,7.4228,864.0554
7NMF,36,810.652,5,700.7367,8.7809,700.7240,8.7551,846.5472
7NMF,37,782.924,5,671.9103,14.5041,671.9468,14.5326,801.9591
7NMF,38,756.014,5,646.0989,19.9397,646.0498,19.9579,772.5828
7NMF,39,729.901,5,629.5908,10.9887,629.6178,10.9910,747.8524
7NMF,40,704.564,5,612.8287,7.2759,612.8359,7.3311,718.4456
7NMF,41,679.985,5,583.5265,13.4256,583.5755,13.4121,689.7166
7NMF,42,656.145,5,571.8261,8.7131,571.8494,8.7095,674.2792
7NMF,43,633.025,5,546.6705,7.3600,546.6684,7.3519,656.0071
7NMF,44,610.606,5,525.0472,7.5330,525.0329,7.5417,623.5932
7NMF,45,588.872,5,501.4666,7.0647,501.4784,7.0813,602.5597
7NMF,46,567.804,5,486.8542,13.5054,486.8401,13.4744,584.9306
7NMF,47,547.386,5,462.3453,4.5818,462.3187,4.6542,552.0939
7NMF,48,527.6,5,461.2364,4.9628,461.2587,4.9743,536.1701
7NMF,49,508.43,5,430.7372,5.6187,430.7076,5.5742,519.2984
7NMF,50,489.861,5,418.5074,4.0524,418.4793,4.0648,499.8744
7NMF,51,471.875,5,399.3132,5.8939,399.3376,5.8908,474.6082
7NMF,52,454.46,5,385.6375,6.5036,385.6999,6.5407,468.7590
7NMF,53,437.597,5,373.3710,5.0648,373.3760,5.0890,440.7030
7NMF,54,421.274,5,354.3961,4.3744,354.3650,4.4324,422.9770
7NMF,55,405.476,5,344.8777,10.0388,344.8663,10.0633,407.1798
7NMF,56,390.188,5,335.5524,4.9216,335.5632,4.9861,397.1846
7NMF,57,375.397,5,318.0163,3.6727,318.0088,3.7330,376.3159
7NMF,58,361.089,5,310.0897,5.3804,310.0727,5.3988,365.9309
7NMF,59,347.251,5,295.3682,6.7097,295.4134,6.7381,353.9431
7NMF,60,333.87,5,287.4844,7.0348,287.4940,7.0041,336.5615
7NMF,61,320.934,5,276.2162,1.5195,276.1814,1.5102,332.9072
7NMF,62,308.43,5,265.8407,9.4341,265.8188,9.4115,321.0319
7NMF,63,296.345,5,252.8424,6.2345,252.7927,6.2434,304.7244
7NMF,64,284.669,5,243.1330,4.6109,243.1486,4.6517,288.7362
7NMF,65,273.389,5,231.1012,2.0115,231.0870,1.9979,279.4040
7NMF,66,262.495,5,223.6417,1.7585,223.6322,1.7962,270.7118
7NMF,67,251.974,5,213.6073,2.5738,213.5950,2.5275,254.4027
7NMF,68,241.818,5,208.0941,3.2266,208.0676,3.2915,250.8615
7NMF,69,232.014,5,198.0610,3.5205,198.0703,3.5322,235.1542
7NMF,70,222.553,5,185.5443,3.5761,185.5357,3.5947,224.9911
7NMF,71,213.425,5,180.8821,1.0873,180.9042,1.1214,214.0869
7NMF,72,204.619,5,173.8968,3.0687,173.9201,3.0540,211.4446
7NMF,73,196.127,5,168.4110,2.7433,168.3754,2.7117,198.3439
7NMF,74,187.938,5,159.6483,1.4224,159.6535,1.4269,190.8581
7NMF,75,180.045,5,152.5644,1.6267,152.5524,1.5957,180.8337
7NMF,76,172.437,5,145.4184,2.6621,145.4543,2.6235,174.2726
7NMF,77,165.106,5,141.0702,4.3411,141.0728,4.2923,166.5516
7NMF,78,158.045,5,134.1969,1.8292,134.2661,1.8370,161.5059
7NMF,79,151.243,5,126.6104,1.7830,126.6270,1.8137,152.1372
7NMF,80,144.695,5,124.0978,2.6375,124.0670,2.6283,148.2154
7NMF,81,138.39,5,115.7655,1.2769,115.7785,1.2650,141.3963
7NMF,82,132.323,5,112.1266,1.3345,112.1855,1.3888,134.8687
7NMF,83,126.485,5,105.4168,1.9693,105.4458,1.9456,128.0584
7NMF,84,120.869,5,103.8109,1.1351,103.7451,1.1081,124.1719
7NMF,85,115.469,5,98.4342,2.1589,98.4762,2.1437,117.3331
7NMF,86,110.276,5,93.9619,0.7480,93.9801,0.7364,112.1134
7NMF,87,105.285,5,89.1041,1.6204,89.1580,1.6123,107.9785
7NMF,88,100.489,5,85.7007,1.8643,85.7733,1.8486,101.3925
7NMF,89,95.8813,5,81.1267,1.3937,81.1795,1.4167,97.6258
7NMF,90,91.4559,5,77.0756,1.1754,77.0362,1.1737,93.6376
7NMF,91,87.2068,5,73.3914,1.6033,73.3715,1.6245,88.2659
7NMF,92,83.1281,5,70.0730,1.0237,70.0465,1.0222,83.5820
7NMF,93,79.2139,5,65.6780,0.8912,65.6984,0.8828,79.9926
7NMF,94,75.4588,5,62.6416,0.7064,62.6574,0.7084,76.4934
7NMF,95,71.8574,5,60.4271,1.0128,60.4525,1.0231,71.9602
7NMF,96,68.4042,5,57.1392,1.1274,57.1580,1.1213,68.5239
7NMF,97,65.0944,5,55.0894,0.7781,55.1186,0.8378,65.5331
7NMF,98,61.9226,5,52.4074,0.5058,52.3826,0.5017,63.2547
7NMF,99,58.8844,5,49.6359,1.2472,49.7101,1.2737,59.6492
7NMF,100,55.9748,5,46.3913,0.8528,46.4615,0.8538,57.1197
7NMF,101,53.1893,5,44.0428,0.6366,44.1498,0.6290,54.1696
7NMF,102,50.5235,5,42.0599,0.5956,42.1853,0.5840,50.7273
7NMF,103,47.9731,5,40.0297,0.4601,40.0981,0.4515,47.8274
7NMF,104,45.5338,5,38.2372,0.6296,38.2518,0.6493,45.8315
7NMF,105,43.2016,5,36.2790,0.8641,36.3283,0.8690,43.7987
7NMF,106,40.9725,5,34.2604,0.4608,34.2940,0.4357,41.1464
7NMF,107,38.8428,5,32.4688,0.2734,32.5281,0.2673,39.1914
7NMF,108,36.8086,5,31.0416,0.5453,31.1193,0.5392,37.5387
7NMF,109,34.8665,5,28.9274,0.9748,28.9716,0.9755,34.7775
7NMF,110,33.0129,5,27.8650,0.2527,27.9091,0.2113,33.0299
7NMF,111,31.2443,5,25.9011,0.4537,25.9730,0.4203,31.2539
7NMF,112,29.5577,5,24.5751,0.5437,24.6410,0.5092,29.5619
7NMF,113,27.9497,5,23.2962,0.5738,23.3843,0.6335,28.6295
7NMF,114,26.4172,5,22.0128,0.6922,22.1174,0.7086,26.6700
7NMF,115,24.9573,5,20.9521,0.5676,21.0577,0.5735,25.0960
7NMF,116,23.5672,5,19.4727,0.2813,19.5673,0.2654,23.9449
7NMF,117,22.2439,5,18.1841,0.1675,18.3547,0.2353,22.5196
7NMF,118,20.9849,5,17.1210,0.2376,17.2884,0.2255,21.2165
7NMF,119,19.7874,5,16.1641,0.2185,16.3529,0.2263,19.4968
7NMF,120,18.649,5,15.5662,0.2604,15.6595,0.2888,18.5663
7NMF,121,17.5672,5,14.4922,0.1783,14.5463,0.1192,17.6827
7NMF,122,16.5396,5,13.6928,0.1780,13.7865,0.2274,16.8553
7NMF,123,15.564,5,12.7595,0.1381,12.9334,0.2394,15.7394
7NMF,124,14.6382,5,12.0424,0.2282,12.1842,0.2443,14.5840
7NMF,125,13.7599,5,11.5257,0.2762,11.6416,0.1340,13.6740
7NMF,126,12.9272,5,10.6090,0.1421,10.7552,0.2222,13.0174
7NMF,127,12.1381,5,10.0434,0.2535,10.2150,0.2230,12.3431
7NMF,128,11.3907,5,9.4049,0.1447,9.6411,0.1380,11.2380
7NMF,129,10.683,5,8.7405,0.0423,9.0340,0.0741,10.7426
7NMF,130,10.0134,5,8.2582,0.2787,8.5443,0.2450,10.0759
7NMF,131,9.38004,5,7.6353,0.1368,7.9173,0.2372,9.4007
7NMF,132,8.78137,5,7.1182,0.1501,7.3799,0.1125,8.7969
7NMF,133,8.21574,5,6.6635,0.0739,6.9703,0.0576,8.2088
7NMF,134,7.68164,5,6.2487,0.0830,6.6699,0.1076,7.5585
7NMF,135,7.17757,5,5.9996,0.0756,6.4047,0.1034,7.1809
7NMF,136,6.70213,5,5.4693,0.0860,5.9062,0.1061,6.7198
7NMF,137,6.25395,5,5.1609,0.0617,5.6805,0.1058,6.2360
7NMF,138,5.8317,5,4.7085,0.0525,5.2963,0.1405,5.7402
7NMF,139,5.43412,5,4.3824,0.0972,4.9973,0.1023,5.4038
7NMF,140,5.06001,5,4.0645,0.0816,4.7288,0.0672,4.9889
7NMF,141,4.7082,5,3.8563,0.0610,4.5219,0.1996,4.6977
7NMF,142,4.37757,5,3.5929,0.0928,4.3141,0.2233,4.3304
7NMF,143,4.06704,5,3.2996,0.0647,4.0614,0.1365,4.0196
7NMF,144,3.77558,5,3.0355,0.0360,3.8361,0.2714,3.7731
7NMF,145,3.50222,5,2.8318,0.0885,3.6192,0.2360,3.4839
7NMF,146,3.246,5,2.6040,0.0949,3.4615,0.1585,3.1753
7NMF,147,3.00601,5,2.4180,0.0842,3.4071,0.1755,2.9305
7NMF,148,2.7814,5,2.2257,0.0550,3.3021,0.1821,2.7533
7NMF,149,2.57133,5,2.0800,0.0519,3.2056,0.2000,2.5182
7NMF,150,2.37501,5,1.9491,0.0628,3.1545,0.2141,2.3324
7NMF,151,2.19168,5,1.7769,0.0211,3.0194,0.2157,2.1651
7NMF,152,2.02061,5,1.6295,0.0463,2.9145,0.1881,1.9919
7NMF,153,1.86112,5,1.5286,0.0295,2.8719,0.1878,1.8479
7NMF,154,1.71255,5,1.3970,0.0184,2.7935,0.2201,1.7051
7NMF,155,1.57426,5,1.2673,0.0154,2.7443,0.2595,1.5659
7NMF,156,1.44565,5,1.1778,0.0158,2.7353,0.2423,1.4206
7NMF,157,1.32616,5,1.0686,0.0177,2.7349,0.2441,1.3397
7NMF,158,1.21523,5,0.9794,0.0216,2.6972,0.2470,1.2011
7NMF,159,1.11236,5,0.8841,0.0152,2.6659,0.2411,1.1077
7NMF,160,1.01704,5,0.8116,0.0120,2.6142,0.2432,1.0168
7NMF,161,0.928804,5,0.7062,0.0104,2.5830,0.2460,0.1057
7NMF,162,0.847218,5,0.6133,0.0089,2.5591,0.2481,0.0932
7NMF,163,0.771854,5,0.5316,0.0077,2.5408,0.2498,0.0820
7NMF,164,0.702309,5,0.4599,0.0066,2.5267,0.2510,0.0720
7NMF,165,0.638207,5,0.3970,0.0057,2.5159,0.2519,0.0632
7NMF,166,0.579186,5,0.3421,0.0050,2.5077,0.2525,0.0552
7NMF,167,0.524908,5,0.2942,0.0043,2.5016,0.2529,0.0483
7NMF,168,0.475048,5,0.2524,0.0037,2.4970,0.2533,0.0421
7NMF,169,0.429305,5,0.2162,0.0031,2.4936,0.2535,0.0366
7NMF,170,0.38739,5,0.1848,0.0027,2.4911,0.2537,0.0318
7NMF,171,0.349033,5,0.1576,0.0023,2.4893,0.2539,0.0276
7NMF,172,0.313979,5,0.1342,0.0019,2.4879,0.2539,0.0238
7NMF,173,0.281986,5,0.1141,0.0016,2.4869,0.2539,0.0206
7NMF,174,0.252829,5,0.0969,0.0014,2.4862,0.2539,0.0177
7NMF,175,0.226295,5,0.0821,0.0012,2.4857,0.2539,0.0152
7NMF,176,0.202186,5,0.0696,0.0011,2.4853,0.2538,0.0130
7NMF,177,0.180312,5,0.0589,0.0010,2.4851,0.2539,0.0112
7NMF,178,0.160499,5,0.0498,0.0009,2.4849,0.2539,0.0095
7NMF,179,0.142582,5,0.0422,0.0008,2.4847,0.2538,0.0082
7NMF,180,0.126407,5,0.0357,0.0008,2.4846,0.2538,0.0070
7NMF,181,0.111832,5,0.0302,0.0007,2.4846,0.2538,0.0060
7NMF,182,0.0987208,5,0.0254,0.0007,2.4846,0.2538,0.0051
7NMF,183,0.0869503,5,0.0215,0.0007,2.4845,0.2537,0.0044
7NMF,184,0.0764038,5,0.0181,0.0007,2.4845,0.2537,0.0038
7NMF,185,0.0669735,5,0.0153,0.0006,2.4845,0.2537,0.0033
7NMF,186,0.0585587,5,0.0128,0.0005,2.4845,0.2537,0.0028
7NMF,187,0.0510671,5,0.0108,0.0005,2.4845,0.2537,0.0025
7NMF,188,0.0444124,5,0.0090,0.0004,2.4845,0.2537,0.0022
7NMF,189,0.0385154,5,0.0075,0.0003,2.4845,0.2537,0.0019
7NMF,190,0.0333026,5,0.0063,0.0003,2.4845,0.2537,0.0017
7NMF,191,0.0287066,5,0.0052,0.0003,2.4845,0.2537,0.0015
7NMF,192,0.0246654,5,0.0043,0.0002,2.4845,0.2537,0.0013
7NMF,193,0.021122,5,0.0036,0.0003,2.4845,0.2537,0.0012
7NMF,194,0.0180242,5,0.0029,0.0002,2.4845,0.2537,0.0011
7NMF,195,0.0153242,5,0.0024,0.0002,2.4845,0.2537,0.0010
7NMF,196,0.0129786,5,0.0019,0.0001,2.4845,0.2537,0.0010
7NMF,197,0.0109477,5,0.0015,0.0001,2.4845,0.2537,0.0009
7NMF,198,0.00919558,5,0.0011,0.0001,2.4845,0.2537,0.0008
7NMF,199,0.00768951,5,0.0007,0.0000,2.4845,0.2537,0.0007
7NMF,200,0.00640001,5,0.0000,0.0000,2.4845,0.2537,0.0007
7T2C,1,2485.54,5,2436.7523,14.5625,2436.7845,14.5303,
7T2C,2,2412.94,5,2112.7582,45.4011,2112.7205,45.4366,2622.3911
7T2C,3,2342.16,5,2032.3335,45.1289,2032.3216,45.0938,2420.1579
7T2C,4,2273.18,5,1974.5688,21.3139,1974.5970,21.2886,2341.5325
7T2C,5,2205.94,5,1906.7274,23.6825,1906.6964,23.6938,2271.7204
7T2C,6,2140.41,5,1851.9854,26.0047,1851.9456,25.9970,2210.0945
7T2C,7,2076.56,5,1812.2630,36.6917,1812.2334,36.6765,2144.2794
7T2C,8,2014.35,5,1772.2033,34.1500,1772.2352,34.1815,2097.8591
7T2C,9,1953.74,5,1666.8181,32.5112,1666.8062,32.4857,1993.3435
7T2C,10,1894.71,5,1655.2608,26.8005,1655.2209,26.7862,1915.0679
7T2C,11,1837.2,5,1620.0461,23.6911,1620.0314,23.6385,1908.6030
7T2C,12,1781.21,5,1532.5744,16.3737,1532.5953,16.3707,1846.9893
7T2C,13,1726.68,5,1499.1077,32.9216,1499.1452,32.9264,1793.6716
7T2C,14,1673.58,5,1468.8469,27.0041,1468.8195,27.0402,1757.4738
7T2C,15,1621.9,5,1397.6186,18.9856,1397.6141,19.0453,1679.9968
7T2C,16,1571.58,5,1352.9807,15.2492,1352.9995,15.2359,1604.2198
7T2C,17,1522.62,5,1317.1879,15.6596,1317.2160,15.6482,1560.1128
7T2C,18,1474.96,5,1267.0936,27.9326,1267.0925,27.9352,1498.0408
7T2C,19,1428.59,5,1228.4654,17.1858,1228.4782,17.2126,1455.0081
7T2C,20,1383.47,5,1188.5343,18.5263,1188.5426,18.5679,1422.1079
7T2C,21,1339.59,5,1164.6990,19.9722,1164.7392,19.9996,1390.1678
7T2C,22,1296.9,5,1132.0440,8.3118,1132.0542,8.2875,1335.3727
7T2C,23,1255.38,5,1095.7362,26.1275,1095.7177,26.1529,1288.6437
7T2C,24,1215,5,1036.7957,27.0561,1036.8255,27.0629,1249.4636
7T2C,25,1175.75,5,1010.0456,23.1441,1010.0546,23.1271,1209.4443
7T2C,26,1137.58,5,983.3622,11.5420,983.3497,11.5236,1164.1049
7T2C,27,1100.49,5,954.8316,17.1230,954.8205,17.0823,1132.9069
7T2C,28,1064.43,5,928.0501,26.1658,928.0312,26.2032,1088.4159
7T2C,29,1029.39,5,892.1905,23.1400,892.1133,23.1538,1059.9105
7T2C,30,995.349,5,863.2358,18.8691,863.2392,18.8574,1018.8630
7T2C,31,962.275,5,818.7313,11.8895,818.7276,11.9156,994.1857
7T2C,32,930.147,5,799.7772,12.4210,799.7602,12.4111,952.9111
7T2C,33,898.942,5,782.3522,13.7326,782.3640,13.7393,915.9101
7T2C,34,868.639,5,749.6014,8.5506,749.5348,8.5033,897.0485
7T2C,35,839.216,5,733.2947,13.5209,733.2616,13.4477,865.6882
7T2C,36,810.652,5,704.6651,3.6448,704.6901,3.6892,837.3005
7T2C,37,782.924,5,663.7362,6.4308,663.7469,6.4124,799.6038
7T2C,38,756.014,5,657.8637,10.1739,657.8595,10.2209,769.4703
7T2C,39,729.901,5,628.1650,16.0197,628.1712,16.0675,766.9183
7T2C,40,704.564,5,600.2501,14.3031,600.2934,14.2941,719.9167
7T2C,41,679.985,5,580.0662,9.0622,580.1068,9.0340,689.5240
7T2C,42,656.145,5,574.3653,8.8941,574.3869,8.8796,677.9201
7T2C,43,633.025,5,544.0779,9.0565,544.0474,9.0328,659.2515
7T2C,44,610.606,5,527.2313,11.4077,527.2239,11.4350,617.7839
7T2C,45,588.872,5,504.0279,12.6927,504.0886,12.7332,600.1078
7T2C,46,567.804,5,490.9626,10.9383,490.9573,10.9594,580.9763
7T2C,47,547.386,5,474.7762,10.6716,474.7442,10.7282,563.2328
7T2C,48,527.6,5,458.0234,7.6676,458.0474,7.6599,542.5931
7T2C,49,508.43,5,440.7415,5.8939,440.7672,5.8200,525.3235
7T2C,50,489.861,5,426.3359,4.6537,426.3127,4.6564,503.7240
7T2C,51,471.875,5,407.5508,3.8202,407.5352,3.8394,483.5752
7T2C,52,454.46,5,389.9413,3.5828,389.9231,3.5788,465.7810
7T2C,53,437.597,5,375.4672,10.9151,375.4469,10.9073,447.7501
7T2C,54,421.274,5,363.2890,3.1158,363.2913,3.1491,433.6761
7T2C,55,405.476,5,350.2508,7.5477,350.3018,7.5102,419.4174
7T2C,56,390.188,5,335.3171,4.0743,335.2971,4.0832,399.4355
7T2C,57,375.397,5,320.1683,6.7350,320.1445,6.7165,387.7070
7T2C,58,361.089,5,314.8062,3.8364,314.8032,3.8275,365.9894
7T2C,59,347.251,5,299.6769,4.1829,299.6662,4.2261,355.5247
7T2C,60,333.87,5,282.6434,5.0255,282.6575,4.9988,343.0872
7T2C,61,320.934,5,273.1864,6.2722,273.1769,6.2868,323.7889
7T2C,62,308.43,5,264.5340,9.2779,264.5436,9.2872,318.0258
7T2C,63,296.345,5,252.5180,3.9449,252.5200,3.9748,303.9132
7T2C,64,284.669,5,240.9829,2.4355,241.0035,2.4398,292.4691
7T2C,65,273.389,5,233.7886,3.5738,233.8145,3.5753,278.7409
7T2C,66,262.495,5,223.1975,3.1912,223.2432,3.1988,271.3533
7T2C,67,251.974,5,213.8173,4.5467,213.8305,4.5893,255.6943
7T2C,68,241.818,5,201.6070,4.3341,201.5629,4.3521,245.6783
7T2C,69,232.014,5,197.4185,5.7690,197.4078,5.7806,237.8984
7T2C,70,222.553,5,190.1780,3.5795,190.1929,3.5747,229.1555
7T2C,71,213.425,5,183.3842,2.3624,183.3887,2.3524,216.0379
7T2C,72,204.619,5,175.3433,4.7093,175.3341,4.7096,212.0132
7T2C,73,196.127,5,166.3891,1.5044,166.4390,1.5137,200.8479
7T2C,74,187.938,5,159.6259,3.1933,159.6017,3.2290,187.1245
7T2C,75,180.045,5,154.4368,2.5018,154.4187,2.5262,182.5430
7T2C,76,172.437,5,144.4256,3.8353,144.4747,3.9040,174.0557
7T2C,77,165.106,5,138.1797,2.4084,138.2065,2.4580,169.3341
7T2C,78,158.045,5,131.8886,3.0866,131.9012,3.0962,159.6620
7T2C,79,151.243,5,127.9892,2.3110,128.0059,2.2945,153.8670
7T2C,80,144.695,5,122.2897,2.3141,122.2894,2.3167,148.9599
7T2C,81,138.39,5,117.3433,1.3785,117.3326,1.3712,140.3890
7T2C,82,132.323,5,111.4810,1.9341,111.4348,1.9180,135.4349
7T2C,83,126.485,5,107.4350,0.8573,107.4460,0.8319,129.1018
7T2C,84,120.869,5,103.3964,1.1967,103.4132,1.1770,122.7330
7T2C,85,115.469,5,97.5284,1.8728,97.5598,1.8771,118.6162
7T2C,86,110.276,5,92.6711,1.2518,92.6837,1.2219,111.0491
7T2C,87,105.285,5,90.4186,1.5693,90.3865,1.6105,107.2490
7T2C,88,100.489,5,85.4730,1.3775,85.4991,1.3976,103.6019
7T2C,89,95.8813,5,80.8530,1.3690,80.8207,1.3650,98.7501
7T2C,90,91.4559,5,77.0885,0.8181,77.0843,0.8477,93.5473
7T2C,91,87.2068,5,73.1873,1.1703,73.1967,1.1508,89.2192
7T2C,92,83.1281,5,71.1235,2.1910,71.1370,2.2043,85.4887
7T2C,93,79.2139,5,66.4994,1.3675,66.5373,1.3355,81.2959
7T2C,94,75.4588,5,63.6885,0.6857,63.6916,0.5873,75.9580
7T2C,95,71.8574,5,60.4210,1.0568,60.4376,1.0029,72.0667
7T2C,96,68.4042,5,57.8706,0.5265,57.9048,0.5242,69.3264
7T2C,97,65.0944,5,54.2869,1.3467,54.3167,1.3488,66.0469
7T2C,98,61.9226,5,52.4325,0.5641,52.4657,0.5368,62.0962
7T2C,99,58.8844,5,48.7051,0.5339,48.7115,0.5583,60.8156
7T2C,100,55.9748,5,47.0443,0.4855,46.9914,0.4916,55.9311
7T2C,101,53.1893,5,44.2623,0.8318,44.2384,0.7869,53.9369
7T2C,102,50.5235,5,42.1589,0.4876,42.1147,0.5091,51.1028
7T2C,103,47.9731,5,40.2466,0.3297,40.2693,0.3375,48.3503
7T2C,104,45.5338,5,37.6284,0.4997,37.6744,0.5263,45.4629
7T2C,105,43.2016,5,35.8684,0.6856,35.9014,0.6489,44.0475
7T2C,106,40.9725,5,34.2694,0.6749,34.2163,0.6892,41.5146
7T2C,107,38.8428,5,32.9634,0.7496,32.9523,0.7571,39.7507
7T2C,108,36.8086,5,31.2344,0.5812,31.2176,0.5968,37.4296
7T2C,109,34.8665,5,29.1681,0.4791,29.1371,0.5061,34.7258
7T2C,110,33.0129,5,27.6913,0.4241,27.6822,0.4674,34.1450
7T2C,111,31.2443,5,25.8975,0.3218,25.9075,0.2951,31.6154
7T2C,112,29.5577,5,24.4671,0.4264,24.4427,0.3589,29.7576
7T2C,113,27.9497,5,23.2496,0.7141,23.2025,0.7104,27.9943
7T2C,114,26.4172,5,22.4458,0.2775,22.4064,0.3100,27.0893
7T2C,115,24.9573,5,20.8352,0.2198,20.8185,0.2149,25.4166
7T2C,116,23.5672,5,19.8474,0.2086,19.8399,0.2133,23.6096
7T2C,117,22.2439,5,18.4391,0.2592,18.4753,0.2531,22.4480
7T2C,118,20.9849,5,17.0288,0.1851,17.0799,0.2131,20.9935
7T2C,119,19.7874,5,16.5011,0.1620,16.5084,0.1827,19.9137
7T2C,120,18.649,5,15.7898,0.3067,15.7843,0.2720,18.5653
7T2C,121,17.5672,5,14.5014,0.2722,14.4992,0.2969,17.7145
7T2C,122,16.5396,5,13.6486,0.1184,13.6596,0.2138,16.5705
7T2C,123,15.564,5,12.8433,0.2487,12.8495,0.2582,15.3690
7T2C,124,14.6382,5,12.0928,0.1504,12.0668,0.2150,14.5002
7T2C,125,13.7599,5,11.3727,0.1486,11.3731,0.1830,14.0446
7T2C,126,12.9272,5,10.8570,0.2519,10.8325,0.2057,12.8796
7T2C,127,12.1381,5,10.0371,0.1102,10.0233,0.1804,11.8506
7T2C,128,11.3907,5,9.4240,0.1925,9.4734,0.1965,11.4967
7T2C,129,10.683,5,8.8519,0.1941,8.9009,0.2173,10.6848
7T2C,130,10.0134,5,8.4231,0.2375,8.4894,0.2474,9.9795
7T2C,131,9.38004,5,7.8345,0.2488,7.9572,0.1968,9.5701
7T2C,132,8.78137,5,7.2012,0.1849,7.3443,0.1627,8.6529
7T2C,133,8.21574,5,6.8471,0.1763,7.0016,0.1842,8.2566
7T2C,134,7.68164,5,6.3194,0.1201,6.5070,0.1755,7.7122
7T2C,135,7.17757,5,5.9492,0.1497,6.1559,0.2571,7.0886
7T2C,136,6.70213,5,5.5859,0.1193,5.8160,0.2566,6.7136
7T2C,137,6.25395,5,5.2163,0.0823,5.4890,0.1709,6.1653
7T2C,138,5.8317,5,4.9013,0.0627,5.1998,0.2251,5.8175
7T2C,139,5.43412,5,4.4840,0.1886,4.8067,0.3434,5.4670
7T2C,140,5.06001,5,4.0666,0.0623,4.4443,0.2113,4.9855
7T2C,141,4.7082,5,3.9198,0.0886,4.2761,0.2009,4.6832
7T2C,142,4.37757,5,3.6540,0.0615,4.0184,0.2234,4.3763
7T2C,143,4.06704,5,3.3744,0.0776,3.7904,0.2675,4.0421
7T2C,144,3.77558,5,3.1150,0.0850,3.5451,0.2288,3.7279
7T2C,145,3.50222,5,2.9206,0.0891,3.4266,0.2895,3.4871
7T2C,146,3.246,5,2.6688,0.0623,3.2632,0.2816,3.1839
7T2C,147,3.00601,5,2.4978,0.0193,3.1385,0.2862,2.9706
7T2C,148,2.7814,5,2.3039,0.0471,2.9965,0.3086,2.7714
7T2C,149,2.57133,5,2.1210,0.0347,2.8876,0.3051,2.5557
7T2C,150,2.37501,5,1.9662,0.0271,2.8038,0.3489,2.3196
7T2C,151,2.19168,5,1.7855,0.0219,2.6664,0.4271,2.1492
7T2C,152,2.02061,5,1.6579,0.0244,2.6152,0.4478,1.9948
7T2C,153,1.86112,5,1.5377,0.0379,2.5411,0.4616,1.8190
7T2C,154,1.71255,5,1.4245,0.0132,2.4959,0.4828,1.7036
7T2C,155,1.57426,5,1.3263,0.0223,2.3926,0.4917,1.5751
7T2C,156,1.44565,5,1.2006,0.0260,2.3326,0.5085,1.4307
7T2C,157,1.32616,5,1.1024,0.0357,2.2880,0.5192,1.3259
7T2C,158,1.21523,5,1.0039,0.0276,2.2586,0.5247,1.2018
7T2C,159,1.11236,5,0.9063,0.0110,2.2320,0.5513,1.1118
7T2C,160,1.01704,5,0.7992,0.0090,2.1998,0.5629,1.0176
7T2C,161,0.928804,5,0.6961,0.0080,2.1632,0.5738,0.1036
7T2C,162,0.847218,5,0.6051,0.0072,2.1349,0.5826,0.0915
7T2C,163,0.771854,5,0.5250,0.0064,2.1129,0.5898,0.0805
7T2C,164,0.702309,5,0.4548,0.0056,2.0962,0.5955,0.0707
7T2C,165,0.638207,5,0.3930,0.0049,2.0836,0.6000,0.0622
7T2C,166,0.579186,5,0.3390,0.0043,2.0741,0.6034,0.0544
7T2C,167,0.524908,5,0.2918,0.0037,2.0670,0.6062,0.0476
7T2C,168,0.475048,5,0.2505,0.0032,2.0619,0.6082,0.0416
7T2C,169,0.429305,5,0.2146,0.0029,2.0581,0.6098,0.0362
7T2C,170,0.38739,5,0.1834,0.0024,2.0554,0.6110,0.0315
7T2C,171,0.349033,5,0.1564,0.0021,2.0534,0.6118,0.0273
7T2C,172,0.313979,5,0.1331,0.0018,2.0522,0.6124,0.0236
7T2C,173,0.281986,5,0.1129,0.0016,2.0513,0.6129,0.0205
7T2C,174,0.252829,5,0.0956,0.0014,2.0506,0.6132,0.0177
7T2C,175,0.226295,5,0.0807,0.0012,2.0503,0.6135,0.0151
7T2C,176,0.202186,5,0.0681,0.0010,2.0501,0.6137,0.0130
7T2C,177,0.180312,5,0.0573,0.0009,2.0499,0.6138,0.0111
7T2C,178,0.160499,5,0.0481,0.0008,2.0499,0.6139,0.0096
7T2C,179,0.142582,5,0.0403,0.0007,2.0499,0.6140,0.0082
7T2C,180,0.126407,5,0.0337,0.0006,2.0500,0.6141,0.0069
7T2C,181,0.111832,5,0.0282,0.0005,2.0501,0.6141,0.0059
7T2C,182,0.0987208,5,0.0235,0.0005,2.0502,0.6142,0.0050
7T2C,183,0.0869503,5,0.0196,0.0004,2.0502,0.6141,0.0043
7T2C,184,0.0764038,5,0.0163,0.0003,2.0503,0.6141,0.0037
7T2C,185,0.0669735,5,0.0136,0.0003,2.0504,0.6141,0.0031
7T2C,186,0.0585587,5,0.0114,0.0003,2.0505,0.6141,0.0027
7T2C,187,0.0510671,5,0.0095,0.0002,2.0505,0.6141,0.0023
7T2C,188,0.0444124,5,0.0079,0.0002,2.0506,0.6141,0.0020
7T2C,189,0.0385154,5,0.0067,0.0002,2.0506,0.6141,0.0018
7T2C,190,0.0333026,5,0.0056,0.0001,2.0507,0.6141,0.0016
7T2C,191,0.0287066,5,0.0047,0.0001,2.0507,0.6141,0.0014
7T2C,192,0.0246654,5,0.0040,0.0001,2.0507,0.6141,0.0013
7T2C,193,0.021122,5,0.0033,0.0001,2.0508,0.6141,0.0012
7T2C,194,0.0180242,5,0.0027,0.0001,2.0508,0.6141,0.0011
7T2C,195,0.0153242,5,0.0022,0.0001,2.0508,0.6141,0.0010
7T2C,196,0.0129786,5,0.0018,0.0001,2.0508,0.6141,0.0010
7T2C,197,0.0109477,5,0.0014,0.0000,2.0508,0.6141,0.0009
7T2C,198,0.00919558,5,0.0011,0.0000,2.0509,0.6141,0.0008
7T2C,199,0.00768951,5,0.0007,0.0000,2.0509,0.6141,0.0008
7T2C,200,0.00640001,5,0.0000,0.0000,2.0509,0.6141,0.0007
7Q9A,1,2485.54,5,2455.8984,53.7998,2455.9022,53.7886,
7Q9A,2,2412.94,5,2139.5403,33.4708,2139.5419,33.4903,2645.7922
7Q9A,3,2342.16,5,2088.9842,46.4547,2088.9925,46.4401,2442.4342
7Q9A,4,2273.18,5,1970.1373,25.5343,1970.1380,25.5330,2371.1417
7Q9A,5,2205.94,5,1969.6166,37.8444,1969.6037,37.8538,2300.7826
7Q9A,6,2140.41,5,1851.9204,47.3458,1851.9280,47.3540,2205.7696
7Q9A,7,2076.56,5,1790.5978,34.6143,1790.6013,34.6208,2122.7708
7Q9A,8,2014.35,5,1776.0430,16.0973,1776.0477,16.0981,2066.5205
7Q9A,9,1953.74,5,1706.9595,31.2124,1706.9529,31.2228,1999.7598
7Q9A,10,1894.71,5,1655.1999,39.1879,1655.1954,39.1845,1935.9414
7Q9A,11,1837.2,5,1599.0028,20.0627,1598.9929,20.0607,1908.8282
7Q9A,12,1781.21,5,1566.3874,38.9340,1566.3909,38.9294,1854.5767
7Q9A,13,1726.68,5,1520.1367,28.7033,1520.1477,28.6824,1790.0950
7Q9A,14,1673.58,5,1447.7614,16.9072,1447.7527,16.9069,1739.7076
7Q9A,15,1621.9,5,1393.6992,19.6300,1393.6991,19.6425,1658.8138
7Q9A,16,1571.58,5,1349.9498,22.3991,1349.9558,22.4176,1625.9069
7Q9A,17,1522.62,5,1330.2014,25.2290,1330.2018,25.2225,1577.7216
7Q9A,18,1474.96,5,1284.8329,31.3186,1284.8352,31.3041,1518.8202
7Q9A,19,1428.59,5,1258.8125,20.4481,1258.8027,20.4582,1499.3032
7Q9A,20,1383.47,5,1200.9297,15.3989,1200.9179,15.3953,1411.4720
7Q9A,21,1339.59,5,1182.2845,18.3982,1182.2787,18.3980,1382.7354
7Q9A,22,1296.9,5,1123.1485,23.9029,1123.1523,23.9017,1345.4590
7Q9A,23,1255.38,5,1071.4642,18.3962,1071.4689,18.3854,1302.0774
7Q9A,24,1215,5,1052.3239,19.4624,1052.3346,19.4467,1256.7967
7Q9A,25,1175.75,5,1024.5281,21.8459,1024.5445,21.8448,1224.5344
7Q9A,26,1137.58,5,986.9652,15.0988,986.9567,15.1054,1160.9643
7Q9A,27,1100.49,5,953.9514,10.0959,953.9503,10.0975,1144.6763
7Q9A,28,1064.43,5,919.2396,22.9869,919.2574,22.9729,1086.6443
7Q9A,29,1029.39,5,907.5470,25.8877,907.5336,25.8865,1063.8031
7Q9A,30,995.349,5,869.4351,34.6609,869.4412,34.6605,1032.1445
7Q9A,31,962.275,5,837.8453,12.8561,837.8476,12.8631,995.3667
7Q9A,32,930.147,5,811.3969,13.0481,811.3932,13.0397,963.8779
7Q9A,33,898.942,5,781.9585,24.1626,781.9574,24.1648,926.5714
7Q9A,34,868.639,5,749.9113,13.6592,749.9235,13.6597,902.8576
7Q9A,35,839.216,5,726.5211,8.7903,726.4956,8.7991,856.8094
7Q9A,36,810.652,5,700.0349,5.8896,700.0383,5.8998,832.2397
7Q9A,37,782.924,5,675.7386,19.6665,675.7518,19.6669,803.4368
7Q9A,38,756.014,5,646.4732,10.3666,646.4836,10.3581,777.4763
7Q9A,39,729.901,5,634.0392,12.2734,634.0377,12.2594,753.8042
7Q9A,40,704.564,5,613.4428,10.5084,613.4343,10.4940,717.4876
7Q9A,41,679.985,5,584.4161,8.9649,584.4103,8.9681,693.0758
7Q9A,42,656.145,5,565.5939,6.1270,565.5893,6.1284,672.3881
7Q9A,43,633.025,5,553.9759,10.3274,553.9669,10.3293,652.8554
7Q9A,44,610.606,5,525.9301,4.5120,525.9351,4.5033,633.5732
7Q9A,45,588.872,5,507.4560,6.0523,507.4585,6.0409,595.3481
7Q9A,46,567.804,5,489.2552,8.7989,489.2579,8.8079,578.1771
7Q9A,47,547.386,5,470.5827,8.7109,470.5808,8.7028,568.7680
7Q9A,48,527.6,5,447.2639,5.8042,447.2656,5.8180,541.2070
7Q9A,49,508.43,5,436.9847,9.2847,436.9723,9.2627,523.3282
7Q9A,50,489.861,5,415.8134,7.7039,415.8140,7.6999,504.8186
7Q9A,51,471.875,5,406.9497,9.2234,406.9417,9.2072,478.9744
7Q9A,52,454.46,5,387.2492,6.3346,387.2511,6.3309,471.4791
7Q9A,53,437.597,5,370.1412,4.1117,370.1260,4.1089,445.8841
7Q9A,54,421.274,5,364.3922,6.4846,364.3918,6.4729,429.1777
7Q9A,55,405.476,5,347.3331,8.4947,347.3378,8.4947,412.0229
7Q9A,56,390.188,5,330.9919,8.4092,330.9854,8.4097,399.2518
7Q9A,57,375.397,5,324.7077,3.6234,324.7264,3.6297,380.1476
7Q9A,58,361.089,5,313.6816,4.5289,313.7019,4.5347,372.5181
7Q9A,59,347.251,5,293.1243,3.0771,293.1238,3.0871,353.8693
7Q9A,60,333.87,5,285.7630,4.4168,285.7823,4.3963,340.8624
7Q9A,61,320.934,5,271.7710,3.5556,271.7835,3.5603,326.3570
7Q9A,62,308.43,5,266.5658,7.0288,266.5786,7.0358,319.5828
7Q9A,63,296.345,5,253.7006,6.5759,253.7113,6.5582,309.4044
7Q9A,64,284.669,5,241.9526,4.5950,241.9522,4.6141,294.9268
7Q9A,65,273.389,5,234.6069,5.5019,234.6028,5.4921,281.7299
7Q9A,66,262.495,5,224.8316,8.1481,224.8444,8.1237,268.8746
7Q9A,67,251.974,5,216.5792,3.8631,216.5804,3.8510,260.1702
7Q9A,68,241.818,5,204.1660,4.6015,204.1690,4.6100,244.8178
7Q9A,69,232.014,5,201.1271,1.5576,201.1162,1.5530,237.3513
7Q9A,70,222.553,5,191.1436,3.4725,191.1534,3.4608,229.2022
7Q9A,71,213.425,5,185.2927,2.4979,185.2852,2.5024,219.7576
7Q9A,72,204.619,5,173.9674,2.5340,173.9765,2.5307,210.6694
7Q9A,73,196.127,5,165.9750,2.5541,166.0038,2.5464,200.9634
7Q9A,74,187.938,5,158.1224,3.1479,158.1180,3.1618,189.3735
7Q9A,75,180.045,5,152.6098,1.8902,152.6123,1.8954,181.9270
7Q9A,76,172.437,5,146.2504,1.3243,146.2418,1.3352,177.7475
7Q9A,77,165.106,5,139.9748,1.8371,139.9791,1.8552,167.2858
7Q9A,78,158.045,5,133.0861,1.6139,133.0821,1.6239,159.6103
7Q9A,79,151.243,5,126.2300,0.9916,126.2269,0.9907,152.1958
7Q9A,80,144.695,5,120.6148,2.3406,120.6042,2.3239,144.4667
7Q9A,81,138.39,5,116.6157,1.7337,116.6000,1.7212,138.4580
7Q9A,82,132.323,5,111.1890,2.6644,111.1905,2.6847,134.5661
7Q9A,83,126.485,5,106.2948,1.5358,106.2871,1.5388,128.4400
7Q9A,84,120.869,5,101.9431,1.2426,101.9228,1.2465,120.1818
7Q9A,85,115.469,5,97.2856,2.8102,97.2732,2.8198,116.0048
7Q9A,86,110.276,5,93.1879,1.2641,93.1791,1.2617,111.5406
7Q9A,87,105.285,5,87.3018,1.8656,87.3014,1.8875,106.0839
7Q9A,88,100.489,5,85.2024,0.9498,85.1901,0.9443,100.7673
7Q9A,89,95.8813,5,81.8036,1.6215,81.7972,1.6130,97.4554
7Q9A,90,91.4559,5,77.0957,2.1660,77.0935,2.1697,92.9913
7Q9A,91,87.2068,5,73.9102,2.2075,73.9017,2.2155,88.6411
7Q9A,92,83.1281,5,70.3355,1.5547,70.3154,1.5535,84.3225
7Q9A,93,79.2139,5,66.3142,0.4558,66.3040,0.4371,79.9964
7Q9A,94,75.4588,5,63.3036,0.9480,63.3058,0.9476,75.7678
7Q9A,95,71.8574,5,59.8269,1.2089,59.8273,1.1972,73.4456
7Q9A,96,68.4042,5,57.5267,1.3305,57.5293,1.3318,68.6644
7Q9A,97,65.0944,5,54.7323,0.6473,54.7375,0.6431,65.8527
7Q9A,98,61.9226,5,52.1830,0.7053,52.2010,0.7014,63.1961
7Q9A,99,58.8844,5,49.0267,0.7650,49.0291,0.7587,60.1036
7Q9A,100,55.9748,5,47.0335,1.4543,47.0262,1.4637,56.4816
7Q9A,101,53.1893,5,44.2746,0.7058,44.2695,0.7102,53.8499
7Q9A,102,50.5235,5,42.0381,1.2295,42.0386,1.2121,50.7126
7Q9A,103,47.9731,5,39.6192,0.9264,39.6117,0.9342,48.5319
7Q9A,104,45.5338,5,37.9671,0.4918,37.9749,0.4798,45.7544
7Q9A,105,43.2016,5,36.3781,0.4569,36.3823,0.4682,43.6453
7Q9A,106,40.9725,5,34.2522,0.5590,34.2388,0.5418,42.1724
7Q9A,107,38.8428,5,32.7176,0.7155,32.7173,0.7337,39.4665
7Q9A,108,36.8086,5,30.4599,0.5949,30.4584,0.5951,37.3538
7Q9A,109,34.8665,5,28.9455,0.3781,28.9424,0.3677,35.0025
7Q9A,110,33.0129,5,27.4291,0.1596,27.4259,0.1553,33.6487
7Q9A,111,31.2443,5,25.9476,0.4609,25.9552,0.4460,31.4365
7Q9A,112,29.5577,5,24.0611,0.5179,24.0699,0.5177,29.6889
7Q9A,113,27.9497,5,22.8433,0.1673,22.8480,0.1921,27.8957
7Q9A,114,26.4172,5,21.9048,0.3642,21.9237,0.3734,26.1906
7Q9A,115,24.9573,5,20.7271,0.1921,20.7344,0.2172,25.1295
7Q9A,116,23.5672,5,19.6092,0.3813,19.6192,0.3546,23.5151
7Q9A,117,22.2439,5,18.2190,0.4190,18.2358,0.4361,22.1147
7Q9A,118,20.9849,5,17.6726,0.2342,17.6793,0.2403,21.4143
7Q9A,119,19.7874,5,16.1701,0.3376,16.1562,0.3551,20.3942
7Q9A,120,18.649,5,15.2840,0.2964,15.2586,0.2839,18.6522
7Q9A,121,17.5672,5,14.4372,0.2964,14.4439,0.2940,17.5673
7Q9A,122,16.5396,5,13.8148,0.1758,13.8300,0.1625,16.5603
7Q9A,123,15.564,5,12.9257,0.2269,12.9489,0.2346,15.8611
7Q9A,124,14.6382,5,12.0752,0.1808,12.0955,0.1709,14.8375
7Q9A,125,13.7599,5,11.2340,0.1595,11.2395,0.1547,13.7157
7Q9A,126,12.9272,5,10.5846,0.0905,10.6136,0.1206,13.1127
7Q9A,127,12.1381,5,9.8416,0.1199,9.8724,0.1026,12.0616
7Q9A,128,11.3907,5,9.2924,0.2022,9.3124,0.1958,11.4168
7Q9A,129,10.683,5,8.7891,0.1584,8.8016,0.1411,10.5744
7Q9A,130,10.0134,5,8.1953,0.2040,8.2268,0.1932,10.0113
7Q9A,131,9.38004,5,7.7452,0.0832,7.7806,0.1019,9.4613
7Q9A,132,8.78137,5,7.2402,0.0680,7.2754,0.0611,8.7707
7Q9A,133,8.21574,5,6.7957,0.0893,6.8516,0.1073,8.2455
7Q9A,134,7.68164,5,6.2322,0.1082,6.2753,0.1095,7.8087
7Q9A,135,7.17757,5,5.8669,0.1272,5.9173,0.1282,7.0725
7Q9A,136,6.70213,5,5.4308,0.0801,5.4645,0.0990,6.7341
7Q9A,137,6.25395,5,5.0635,0.1195,5.1062,0.1103,6.2105
7Q9A,138,5.8317,5,4.7184,0.0691,4.7661,0.0467,5.8226
7Q9A,139,5.43412,5,4.3669,0.0563,4.4262,0.0609,5.3708
7Q9A,140,5.06001,5,4.1178,0.0509,4.1892,0.0576,5.0390
7Q9A,141,4.7082,5,3.8420,0.0541,3.9313,0.0314,4.6454
7Q9A,142,4.37757,5,3.5802,0.0654,3.6404,0.0827,4.3826
7Q9A,143,4.06704,5,3.3331,0.1058,3.4013,0.1001,4.0176
7Q9A,144,3.77558,5,3.0471,0.0478,3.1337,0.0547,3.7687
7Q9A,145,3.50222,5,2.8427,0.0603,2.9376,0.0647,3.4513
7Q9A,146,3.246,5,2.6182,0.0550,2.7056,0.0606,3.2181
7Q9A,147,3.00601,5,2.4766,0.0488,2.5851,0.0324,3.0221
7Q9A,148,2.7814,5,2.2601,0.0410,2.4003,0.0692,2.7169
7Q9A,149,2.57133,5,2.0970,0.0257,2.2376,0.0272,2.5755
7Q9A,150,2.37501,5,1.9588,0.0311,2.0915,0.0082,2.3553
7Q9A,151,2.19168,5,1.7731,0.0442,1.9277,0.0379,2.1507
7Q9A,152,2.02061,5,1.6433,0.0343,1.8267,0.0364,1.9753
7Q9A,153,1.86112,5,1.5479,0.0156,1.7607,0.0489,1.8581
7Q9A,154,1.71255,5,1.4085,0.0410,1.6159,0.0633,1.7018
7Q9A,155,1.57426,5,1.2853,0.0357,1.4835,0.0453,1.5526
7Q9A,156,1.44565,5,1.1841,0.0129,1.4116,0.0620,1.4276
7Q9A,157,1.32616,5,1.0897,0.0234,1.3292,0.0852,1.3221
7Q9A,158,1.21523,5,0.9993,0.0242,1.2739,0.0851,1.2372
7Q9A,159,1.11236,5,0.8821,0.0197,1.1971,0.0661,1.1133
7Q9A,160,1.01704,5,0.8063,0.0140,1.1771,0.0803,1.0225
7Q9A,161,0.928804,5,0.7018,0.0122,1.1064,0.0845,0.1048
7Q9A,162,0.847218,5,0.6097,0.0107,1.0488,0.0882,0.0924
7Q9A,163,0.771854,5,0.5287,0.0093,1.0026,0.0912,0.0814
7Q9A,164,0.702309,5,0.4575,0.0081,0.9657,0.0937,0.0715
7Q9A,165,0.638207,5,0.3951,0.0069,0.9368,0.0958,0.0627
7Q9A,166,0.579186,5,0.3405,0.0059,0.9143,0.0973,0.0549
7Q9A,167,0.524908,5,0.2929,0.0051,0.8969,0.0985,0.0480
7Q9A,168,0.475048,5,0.2513,0.0043,0.8836,0.0993,0.0419
7Q9A,169,0.429305,5,0.2152,0.0037,0.8735,0.0999,0.0364
7Q9A,170,0.38739,5,0.1840,0.0031,0.8661,0.1003,0.0316
7Q9A,171,0.349033,5,0.1569,0.0027,0.8605,0.1007,0.0274
7Q9A,172,0.313979,5,0.1335,0.0021,0.8564,0.1008,0.0237
7Q9A,173,0.281986,5,0.1133,0.0017,0.8533,0.1010,0.0206
7Q9A,174,0.252829,5,0.0960,0.0014,0.8511,0.1010,0.0177
7Q9A,175,0.226295,5,0.0811,0.0011,0.8495,0.1009,0.0152
7Q9A,176,0.202186,5,0.0683,0.0009,0.8483,0.1009,0.0131
7Q9A,177,0.180312,5,0.0575,0.0007,0.8475,0.1009,0.0112
7Q9A,178,0.160499,5,0.0484,0.0005,0.8469,0.1009,0.0095
7Q9A,179,0.142582,5,0.0406,0.0004,0.8465,0.1008,0.0081
7Q9A,180,0.126407,5,0.0341,0.0004,0.8462,0.1008,0.0070
7Q9A,181,0.111832,5,0.0285,0.0003,0.8460,0.1007,0.0060
7Q9A,182,0.0987208,5,0.0239,0.0003,0.8459,0.1007,0.0051
7Q9A,183,0.0869503,5,0.0200,0.0004,0.8458,0.1006,0.0043
7Q9A,184,0.0764038,5,0.0167,0.0003,0.8458,0.1006,0.0037
7Q9A,185,0.0669735,5,0.0140,0.0003,0.8458,0.1006,0.0032
7Q9A,186,0.0585587,5,0.0118,0.0003,0.8459,0.1005,0.0027
7Q9A,187,0.0510671,5,0.0099,0.0002,0.8459,0.1006,0.0024
7Q9A,188,0.0444124,5,0.0082,0.0002,0.8459,0.1006,0.0021
7Q9A,189,0.0385154,5,0.0070,0.0002,0.8459,0.1006,0.0018
7Q9A,190,0.0333026,5,0.0059,0.0002,0.8460,0.1006,0.0016
7Q9A,191,0.0287066,5,0.0049,0.0001,0.8460,0.1006,0.0015
7Q9A,192,0.0246654,5,0.0041,0.0001,0.8461,0.1006,0.0013
7Q9A,193,0.021122,5,0.0035,0.0001,0.8461,0.1006,0.0012
7Q9A,194,0.0180242,5,0.0029,0.0001,0.8461,0.1006,0.0011
7Q9A,195,0.0153242,5,0.0024,0.0001,0.8461,0.1006,0.0010
7Q9A,196,0.0129786,5,0.0019,0.0001,0.8462,0.1006,0.0010
7Q9A,197,0.0109477,5,0.0015,0.0001,0.8462,0.1006,0.0009
7Q9A,198,0.00919558,5,0.0011,0.0001,0.8462,0.1006,0.0008
7Q9A,199,0.00768951,5,0.0007,0.0000,0.8463,0.1006,0.0007
7Q9A,200,0.00640001,5,0.0000,0.0000,0.8463,0.1006,0.0007
7Q9B,1,2485.54,5,2463.9511,57.0490,2464.0418,57.1253,
7Q9B,2,2412.94,5,2133.4622,50.4120,2133.4984,50.4473,2613.0802
7Q9B,3,2342.16,5,2051.9066,35.6270,2051.9285,35.6556,2444.4096
7Q9B,4,2273.18,5,1996.3601,21.4781,1996.3912,21.4734,2366.3396
7Q9B,5,2205.94,5,1925.3004,27.4970,1925.3233,27.6052,2285.5819
7Q9B,6,2140.41,5,1867.5360,48.1805,1867.6090,48.1968,2207.4171
7Q9B,7,2076.56,5,1785.4130,32.8176,1785.4989,32.8162,2118.3181
7Q9B,8,2014.35,5,1749.1596,32.1772,1749.2163,32.2886,2071.3583
7Q9B,9,1953.74,5,1688.7908,29.0833,1688.7627,29.1586,2016.3869
7Q9B,10,1894.71,5,1637.7671,58.7778,1637.7808,58.8011,1952.2315
7Q9B,11,1837.2,5,1575.2193,30.4113,1575.2687,30.5350,1908.5811
7Q9B,12,1781.21,5,1561.7087,29.7709,1561.7957,29.7486,1850.7202
7Q9B,13,1726.68,5,1490.4603,15.4571,1490.5579,15.5397,1775.2147
7Q9B,14,1673.58,5,1447.0082,19.2909,1447.0576,19.3096,1721.4012
7Q9B,15,1621.9,5,1425.5272,20.5748,1425.5036,20.5562,1673.3069
7Q9B,16,1571.58,5,1367.8755,5.0161,1367.9062,4.9879,1617.7379
7Q9B,17,1522.62,5,1320.6313,13.9876,1320.6937,14.0128,1573.5491
7Q9B,18,1474.96,5,1288.0914,8.9034,1288.2114,8.9051,1506.2012
7Q9B,19,1428.59,5,1244.3746,24.8109,1244.4259,24.8178,1488.6447
7Q9B,20,1383.47,5,1197.7585,3.3925,1197.8363,3.4620,1421.9689
7Q9B,21,1339.59,5,1169.0730,39.4179,1169.0936,39.4254,1394.3024
7Q9B,22,1296.9,5,1125.3724,14.7965,1125.2769,14.8713,1349.9278
7Q9B,23,1255.38,5,1091.2454,22.9448,1091.3671,22.8794,1283.1054
7Q9B,24,1215,5,1058.8332,22.7190,1058.8516,22.7281,1256.9637
7Q9B,25,1175.75,5,1011.6239,15.0847,1011.6019,15.0929,1212.9420
7Q9B,26,1137.58,5,985.5953,12.9013,985.6707,12.9112,1172.7373
7Q9B,27,1100.49,5,956.2985,19.0201,956.3605,18.9788,1133.9072
7Q9B,28,1064.43,5,910.2530,6.8620,910.2945,6.8486,1078.7401
7Q9B,29,1029.39,5,898.2021,12.2766,898.2494,12.1441,1068.4947
7Q9B,30,995.349,5,852.7155,12.0177,852.7845,11.9487,1015.7541
7Q9B,31,962.275,5,823.9264,11.1230,823.9539,10.9963,974.0700
7Q9B,32,930.147,5,793.7796,12.8975,793.7163,12.9221,948.8280
7Q9B,33,898.942,5,774.6860,19.9525,774.6754,19.8652,929.0461
7Q9B,34,868.639,5,749.0668,5.9410,749.1526,5.9101,902.2336
7Q9B,35,839.216,5,722.7002,23.6029,722.6175,23.6726,871.3815
7Q9B,36,810.652,5,697.7439,18.6415,697.7740,18.7145,830.2148
7Q9B,37,782.924,5,672.9907,11.4679,672.9174,11.5774,796.8039
7Q9B,38,756.014,5,653.9173,5.3410,653.9549,5.3569,766.9372
7Q9B,39,729.901,5,630.3163,11.3250,630.4436,11.3241,756.8997
7Q9B,40,704.564,5,599.5145,16.9875,599.5448,16.9633,712.8894
7Q9B,41,679.985,5,579.3810,9.9838,579.5373,10.0883,686.1813
7Q9B,42,656.145,5,565.5866,13.1009,565.6963,13.1794,658.9308
7Q9B,43,633.025,5,539.1517,14.0370,539.2524,14.1141,650.6799
7Q9B,44,610.606,5,525.8103,9.3908,525.8692,9.3130,632.4486
7Q9B,45,588.872,5,499.1620,10.6683,499.3173,10.7413,604.4242
7Q9B,46,567.804,5,490.0965,4.3375,490.1423,4.3542,582.2879
7Q9B,47,547.386,5,467.3351,7.2617,467.4028,7.2620,561.9800
7Q9B,48,527.6,5,452.2629,8.1683,452.4325,8.1388,531.0532
7Q9B,49,508.43,5,431.3139,2.3421,431.4973,2.3687,520.0272
7Q9B,50,489.861,5,417.4361,8.3274,417.4792,8.3288,501.7365
7Q9B,51,471.875,5,404.6257,8.4218,404.7431,8.3992,476.9285
7Q9B,52,454.46,5,384.0610,10.2233,384.2212,10.2195,466.4180
7Q9B,53,437.597,5,380.7611,8.3839,380.9012,8.3366,446.2422
7Q9B,54,421.274,5,362.1039,3.2740,362.2400,3.1387,434.4203
7Q9B,55,405.476,5,346.6447,7.4576,346.7210,7.4254,417.6378
7Q9B,56,390.188,5,340.6936,5.8396,340.7535,5.8814,402.9475
7Q9B,57,375.397,5,325.4045,5.3435,325.4413,5.2907,382.9910
7Q9B,58,361.089,5,316.4765,4.8012,316.4803,4.9871,372.4627
7Q9B,59,347.251,5,297.3550,3.4446,297.3149,3.4977,363.4565
7Q9B,60,333.87,5,287.5397,2.9208,287.6042,2.8067,343.9142
7Q9B,61,320.934,5,278.2392,4.4346,278.3130,4.4691,331.4073
7Q9B,62,308.43,5,262.4287,5.6173,262.4234,5.5939,313.5880
7Q9B,63,296.345,5,252.2887,3.4577,252.2929,3.4305,304.9671
7Q9B,64,284.669,5,244.4919,4.2892,244.5380,4.2115,292.3696
7Q9B,65,273.389,5,232.6596,2.3561,232.6002,2.4041,281.5952
7Q9B,66,262.495,5,221.8733,3.7331,221.8099,3.7132,265.3410
7Q9B,67,251.974,5,215.0198,4.6276,215.0328,4.5819,257.6590
7Q9B,68,241.818,5,205.7841,5.5439,205.8058,5.6042,244.9043
7Q9B,69,232.014,5,195.2315,2.7251,195.1914,2.7669,237.8076
7Q9B,70,222.553,5,187.5023,2.6834,187.5602,2.6952,225.7407
7Q9B,71,213.425,5,178.5328,2.1182,178.6808,2.0990,213.1213
7Q9B,72,204.619,5,171.7358,1.9207,171.7640,1.8856,205.8200
7Q9B,73,196.127,5,167.6408,4.5333,167.7281,4.5886,198.3139
7Q9B,74,187.938,5,161.0113,1.8189,161.0795,1.7287,193.9139
7Q9B,75,180.045,5,155.2817,1.6648,155.3090,1.6585,188.7049
7Q9B,76,172.437,5,146.7650,1.9075,146.8688,2.0539,175.6744
7Q9B,77,165.106,5,139.0972,2.1200,139.2452,2.1970,168.6015
7Q9B,78,158.045,5,134.1026,1.6592,134.3377,1.5100,157.6142
7Q9B,79,151.243,5,129.4933,2.2025,129.6829,2.1360,154.0249
7Q9B,80,144.695,5,122.6590,1.8772,122.6343,2.0099,147.5053
7Q9B,81,138.39,5,118.6036,2.1321,118.7230,2.0793,142.5800
7Q9B,82,132.323,5,112.4018,1.5604,112.4684,1.6893,135.1275
7Q9B,83,126.485,5,107.0818,2.3056,107.2134,2.2208,128.3433
7Q9B,84,120.869,5,101.8833,1.2824,101.9768,1.1491,122.5154
7Q9B,85,115.469,5,97.6275,1.7238,97.7274,1.7108,116.8506
7Q9B,86,110.276,5,94.1421,1.5042,94.3091,1.4888,110.9874
7Q9B,87,105.285,5,89.4674,1.6510,89.5734,1.6004,107.7199
7Q9B,88,100.489,5,83.8297,1.2517,83.9915,1.3037,103.6457
7Q9B,89,95.8813,5,80.3263,1.3091,80.4618,1.3877,96.9011
7Q9B,90,91.4559,5,75.3669,0.8811,75.6242,0.9122,92.1323
7Q9B,91,87.2068,5,72.8859,0.7069,72.9723,0.6833,87.7973
7Q9B,92,83.1281,5,70.1348,1.8933,70.2706,1.7359,83.9421
7Q9B,93,79.2139,5,66.1799,1.4809,66.2755,1.5303,79.1571
7Q9B,94,75.4588,5,64.0381,0.6882,64.1372,0.6936,76.2531
7Q9B,95,71.8574,5,60.6225,0.9825,60.8245,0.9592,72.5902
7Q9B,96,68.4042,5,57.6677,1.2236,57.8840,1.2431,68.3973
7Q9B,97,65.0944,5,54.0976,0.7904,54.4292,0.8230,65.7459
7Q9B,98,61.9226,5,52.6932,0.5156,52.8339,0.5757,62.5418
7Q9B,99,58.8844,5,48.6954,0.9054,48.8755,0.9045,60.1871
7Q9B,100,55.9748,5,46.4964,0.7209,46.6713,0.6899,55.9017
7Q9B,101,53.1893,5,43.6290,0.9821,43.8506,0.9937,53.4474
7Q9B,102,50.5235,5,42.1471,0.9762,42.3622,0.8829,50.7157
7Q9B,103,47.9731,5,40.5797,1.0266,40.8705,0.8996,49.0719
7Q9B,104,45.5338,5,38.1498,0.5679,38.4214,0.6726,45.9843
7Q9B,105,43.2016,5,35.9238,0.7815,36.1593,0.8606,43.9125
7Q9B,106,40.9725,5,34.2507,0.8652,34.5750,0.8272,41.3757
7Q9B,107,38.8428,5,32.3525,0.3460,32.6210,0.3458,39.7906
7Q9B,108,36.8086,5,30.6959,0.9119,31.0404,0.9595,36.9302
7Q9B,109,34.8665,5,29.2982,0.3035,29.7327,0.3965,35.1490
7Q9B,110,33.0129,5,27.6377,0.3623,28.0853,0.3029,33.5980
7Q9B,111,31.2443,5,25.4927,0.2899,25.9502,0.3480,30.7393
7Q9B,112,29.5577,5,24.2875,0.5013,24.8190,0.5078,29.4820
7Q9B,113,27.9497,5,23.1506,0.1579,23.6893,0.2242,27.9323
7Q9B,114,26.4172,5,21.8863,0.2899,22.4298,0.3056,26.4906
7Q9B,115,24.9573,5,20.7704,0.3198,21.2103,0.2559,24.9773
7Q9B,116,23.5672,5,19.7871,0.3504,20.2608,0.3357,23.8291
7Q9B,117,22.2439,5,18.3513,0.5022,18.9270,0.4713,22.3885
7Q9B,118,20.9849,5,17.3701,0.2724,17.9768,0.3301,21.0933
7Q9B,119,19.7874,5,16.5989,0.2127,17.2267,0.1638,20.2698
7Q9B,120,18.649,5,15.2658,0.3560,16.0076,0.3022,18.7819
7Q9B,121,17.5672,5,14.5443,0.0761,15.4005,0.1307,17.5065
7Q9B,122,16.5396,5,13.4050,0.3104,14.2122,0.3726,16.6116
7Q9B,123,15.564,5,12.6867,0.3263,13.5564,0.3141,15.3013
7Q9B,124,14.6382,5,11.9793,0.1939,12.8010,0.3199,14.5813
7Q9B,125,13.7599,5,11.1847,0.2532,12.1931,0.2470,13.7292
7Q9B,126,12.9272,5,10.6014,0.1283,11.6258,0.1377,12.6943
7Q9B,127,12.1381,5,9.9036,0.1709,11.0768,0.0956,11.9851
7Q9B,128,11.3907,5,9.0867,0.1684,10.2059,0.1610,11.2285
7Q9B,129,10.683,5,8.7486,0.1037,9.9969,0.1818,10.5529
7Q9B,130,10.0134,5,8.1802,0.2439,9.4532,0.2948,10.0235
7Q9B,131,9.38004,5,7.5341,0.0965,8.9168,0.1257,9.4154
7Q9B,132,8.78137,5,7.1759,0.1459,8.6122,0.1714,8.6680
7Q9B,133,8.21574,5,6.7568,0.1179,8.2434,0.2223,8.3167
7Q9B,134,7.68164,5,6.2666,0.1043,7.8544,0.1945,7.7237
7Q9B,135,7.17757,5,5.8892,0.0977,7.5301,0.1345,7.0720
7Q9B,136,6.70213,5,5.4989,0.0863,7.2493,0.0679,6.6192
7Q9B,137,6.25395,5,5.1203,0.1025,6.9286,0.1757,6.1806
7Q9B,138,5.8317,5,4.7716,0.1436,6.7370,0.1801,5.7996
7Q9B,139,5.43412,5,4.4162,0.0876,6.4616,0.2340,5.4145
7Q9B,140,5.06001,5,4.1136,0.0695,6.1892,0.1440,5.0396
7Q9B,141,4.7082,5,3.7642,0.0619,6.0481,0.1241,4.6447
7Q9B,142,4.37757,5,3.5284,0.0633,5.9604,0.0697,4.3208
7Q9B,143,4.06704,5,3.2223,0.0444,5.7849,0.1675,4.0101
7Q9B,144,3.77558,5,2.9864,0.0394,5.6114,0.0767,3.6609
7Q9B,145,3.50222,5,2.8215,0.0284,5.5931,0.1319,3.4210
7Q9B,146,3.246,5,2.6464,0.0681,5.4209,0.1351,3.2259
7Q9B,147,3.00601,5,2.4313,0.0382,5.2778,0.1351,2.9896
7Q9B,148,2.7814,5,2.2466,0.0396,5.2042,0.1032,2.7438
7Q9B,149,2.57133,5,2.0733,0.0534,5.1311,0.1062,2.5603
7Q9B,150,2.37501,5,1.9494,0.0371,5.0892,0.0421,2.3770
7Q9B,151,2.19168,5,1.7511,0.0375,4.9992,0.0741,2.2082
7Q9B,152,2.02061,5,1.6404,0.0347,4.9870,0.0590,1.9824
7Q9B,153,1.86112,5,1.5167,0.0071,4.9698,0.0948,1.8518
7Q9B,154,1.71255,5,1.3909,0.0217,4.9368,0.1128,1.7092
7Q9B,155,1.57426,5,1.2877,0.0146,4.9026,0.1185,1.5832
7Q9B,156,1.44565,5,1.1762,0.0205,4.8566,0.1396,1.4639
7Q9B,157,1.32616,5,1.0686,0.0268,4.8158,0.0935,1.3279
7Q9B,158,1.21523,5,0.9603,0.0172,4.8257,0.0914,1.1963
7Q9B,159,1.11236,5,0.8788,0.0066,4.8179,0.0662,1.0945
7Q9B,160,1.01704,5,0.7940,0.0077,4.7854,0.0621,1.0105
7Q9B,161,0.928804,5,0.6909,0.0068,4.7708,0.0628,0.1033
7Q9B,162,0.847218,5,0.6000,0.0060,4.7597,0.0634,0.0911
7Q9B,163,0.771854,5,0.5201,0.0053,4.7514,0.0638,0.0802
7Q9B,164,0.702309,5,0.4498,0.0047,4.7453,0.0642,0.0705
7Q9B,165,0.638207,5,0.3883,0.0041,4.7408,0.0646,0.0618
7Q9B,166,0.579186,5,0.3345,0.0036,4.7373,0.0649,0.0541
7Q9B,167,0.524908,5,0.2877,0.0031,4.7349,0.0652,0.0471
7Q9B,168,0.475048,5,0.2467,0.0026,4.7331,0.0654,0.0412
7Q9B,169,0.429305,5,0.2112,0.0023,4.7318,0.0655,0.0358
7Q9B,170,0.38739,5,0.1805,0.0020,4.7309,0.0657,0.0311
7Q9B,171,0.349033,5,0.1539,0.0017,4.7302,0.0658,0.0269
7Q9B,172,0.313979,5,0.1310,0.0015,4.7298,0.0660,0.0232
7Q9B,173,0.281986,5,0.1113,0.0013,4.7295,0.0660,0.0201
7Q9B,174,0.252829,5,0.0943,0.0012,4.7293,0.0661,0.0173
7Q9B,175,0.226295,5,0.0798,0.0011,4.7293,0.0662,0.0149
7Q9B,176,0.202186,5,0.0674,0.0010,4.7292,0.0663,0.0128
7Q9B,177,0.180312,5,0.0568,0.0011,4.7292,0.0663,0.0109
7Q9B,178,0.160499,5,0.0479,0.0011,4.7293,0.0664,0.0094
7Q9B,179,0.142582,5,0.0403,0.0011,4.7294,0.0664,0.0080
7Q9B,180,0.126407,5,0.0339,0.0010,4.7295,0.0665,0.0068
7Q9B,181,0.111832,5,0.0284,0.0010,4.7295,0.0665,0.0059
7Q9B,182,0.0987208,5,0.0238,0.0010,4.7296,0.0665,0.0050
7Q9B,183,0.0869503,5,0.0200,0.0010,4.7297,0.0665,0.0043
7Q9B,184,0.0764038,5,0.0168,0.0010,4.7297,0.0665,0.0036
7Q9B,185,0.0669735,5,0.0141,0.0009,4.7298,0.0665,0.0032
7Q9B,186,0.0585587,5,0.0118,0.0008,4.7299,0.0665,0.0027
7Q9B,187,0.0510671,5,0.0099,0.0008,4.7299,0.0665,0.0023
7Q9B,188,0.0444124,5,0.0083,0.0006,4.7300,0.0665,0.0021
7Q9B,189,0.0385154,5,0.0070,0.0005,4.7300,0.0665,0.0018
7Q9B,190,0.0333026,5,0.0059,0.0004,4.7300,0.0666,0.0016
7Q9B,191,0.0287066,5,0.0049,0.0003,4.7301,0.0666,0.0015
7Q9B,192,0.0246654,5,0.0041,0.0003,4.7301,0.0666,0.0013
7Q9B,193,0.021122,5,0.0033,0.0002,4.7301,0.0666,0.0012
7Q9B,194,0.0180242,5,0.0027,0.0001,4.7302,0.0666,0.0011
7Q9B,195,0.0153242,5,0.0022,0.0001,4.7302,0.0666,0.0010
7Q9B,196,0.0129786,5,0.0017,0.0001,4.7302,0.0666,0.0009
7Q9B,197,0.0109477,5,0.0014,0.0001,4.7302,0.0666,0.0009
7Q9B,198,0.00919558,5,0.0011,0.0000,4.7302,0.0666,0.0008
7Q9B,199,0.00768951,5,0.0007,0.0000,4.7303,0.0666,0.0007
7Q9B,200,0.00640001,5,0.0000,0.0000,4.7303,0.0666,0.0007
8GON,1,2485.54,5,2452.6443,29.1792,2452.7816,29.1635,
8GON,2,2412.94,5,2148.9689,28.1330,2149.1441,28.1311,2616.6857
8GON,3,2342.16,5,2043.0164,20.1610,2043.1285,20.0983,2452.3889
8GON,4,2273.18,5,1963.4836,24.4491,1963.4575,24.5363,2352.1205
8GON,5,2205.94,5,1957.8925,43.5513,1958.0532,43.6125,2303.4609
8GON,6,2140.41,5,1839.7283,20.2509,1839.7465,20.2900,2196.4478
8GON,7,2076.56,5,1832.1301,31.1622,1831.9337,30.9677,2157.9191
8GON,8,2014.35,5,1719.5680,14.6473,1719.3030,14.5727,2081.7755
8GON,9,1953.74,5,1708.2326,43.1276,1708.1400,42.8971,2003.1458
8GON,10,1894.71,5,1649.2731,35.8815,1649.2928,35.9206,1926.4215
8GON,11,1837.2,5,1593.5188,15.7172,1593.2561,15.8660,1907.8870
8GON,12,1781.21,5,1535.2355,11.2022,1535.2248,11.0877,1791.9047
8GON,13,1726.68,5,1505.1463,15.2028,1505.0539,15.0786,1781.7661
8GON,14,1673.58,5,1486.6358,38.8732,1486.7070,38.8701,1741.6385
8GON,15,1621.9,5,1431.3890,16.4721,1431.4165,16.5663,1686.0233
8GON,16,1571.58,5,1365.3848,15.1805,1365.5255,15.3900,1658.0460
8GON,17,1522.62,5,1346.8360,23.1573,1346.7024,23.1157,1577.4976
8GON,18,1474.96,5,1292.5600,13.8833,1292.6806,13.8553,1513.9703
8GON,19,1428.59,5,1230.2464,17.4831,1229.9421,17.3857,1488.6851
8GON,20,1383.47,5,1190.7422,17.7242,1190.8652,17.4772,1415.8767
8GON,21,1339.59,5,1155.5350,14.8647,1155.7438,14.7501,1382.3774
8GON,22,1296.9,5,1102.7996,28.2365,1102.7410,28.2123,1318.0962
8GON,23,1255.38,5,1098.4577,19.8306,1098.3678,19.9671,1279.7840
8GON,24,1215,5,1047.1284,13.6128,1047.0016,13.5569,1252.1485
8GON,25,1175.75,5,1006.7231,17.7807,1006.6624,17.6276,1185.6973
8GON,26,1137.58,5,983.6061,27.5147,983.7113,27.6945,1175.4156
8GON,27,1100.49,5,954.4912,17.0649,954.3204,16.9176,1122.1275
8GON,28,1064.43,5,932.2244,18.2220,932.4757,18.4051,1103.7643
8GON,29,1029.39,5,895.3678,13.4951,895.2166,13.3796,1064.5247
8GON,30,995.349,5,858.4784,9.4362,858.7496,9.4385,1015.5967
8GON,31,962.275,5,822.1137,10.9864,822.2009,10.9267,991.1814
8GON,32,930.147,5,812.5141,15.2156,812.2792,15.1843,945.0075
8GON,33,898.942,5,775.7712,20.9525,775.8902,20.9513,926.0669
8GON,34,868.639,5,753.9312,3.8931,754.0011,3.8064,897.8470
8GON,35,839.216,5,726.1838,10.5231,726.1376,10.5390,872.3275
8GON,36,810.652,5,699.8392,13.9568,699.9355,13.9881,830.4341
8GON,37,782.924,5,676.0739,18.3842,676.2662,18.3934,799.0921
8GON,38,756.014,5,653.9479,13.6037,654.1805,13.2273,776.8490
8GON,39,729.901,5,621.8852,14.8506,621.8294,14.7519,752.7030
8GON,40,704.564,5,604.1765,11.4021,604.3793,11.4861,717.1881
8GON,41,679.985,5,592.1925,7.2848,592.1822,7.2984,695.4447
8GON,42,656.145,5,560.6833,9.7008,560.8041,9.6558,671.6585
8GON,43,633.025,5,547.8473,9.1359,547.9591,9.1060,649.6037
8GON,44,610.606,5,538.5014,10.2223,538.4263,10.2855,633.8406
8GON,45,588.872,5,508.0274,5.6453,508.1379,5.6835,605.5295
8GON,46,567.804,5,490.7138,9.5899,490.6499,9.7195,584.4757
8GON,47,547.386,5,467.7397,15.0294,467.4462,15.0987,563.5850
8GON,48,527.6,5,453.2827,5.8954,453.2545,5.8328,539.4443
8GON,49,508.43,5,437.1591,9.5040,437.4784,9.7114,517.4819
8GON,50,489.861,5,419.9319,8.6863,419.6272,8.7423,502.6592
8GON,51,471.875,5,404.7022,5.3155,404.7577,5.3901,478.3657
8GON,52,454.46,5,390.3776,5.0173,390.4187,5.0866,467.9612
8GON,53,437.597,5,374.5367,5.4639,374.3067,5.3481,446.4824
8GON,54,421.274,5,358.7499,6.2154,358.6647,6.2816,430.0898
8GON,55,405.476,5,353.1104,3.6420,353.0219,3.6307,417.1942
8GON,56,390.188,5,343.6041,8.1667,343.5122,8.3815,411.2857
8GON,57,375.397,5,324.2361,5.1374,324.6044,5.3554,389.4446
8GON,58,361.089,5,310.6075,4.9896,310.6742,5.0553,371.9050
8GON,59,347.251,5,296.3111,5.6861,296.1858,5.6699,351.7520
8GON,60,333.87,5,287.5702,1.5464,287.5004,1.2575,339.6994
8GON,61,320.934,5,272.8292,5.3851,272.8680,5.1696,325.6579
8GON,62,308.43,5,265.8666,4.0493,265.8808,4.2540,311.7860
8GON,63,296.345,5,248.9450,3.9130,248.9576,3.8431,296.6040
8GON,64,284.669,5,238.5032,1.9749,238.4300,1.7598,287.0283
8GON,65,273.389,5,233.4913,4.5008,233.5027,4.3858,275.1533
8GON,66,262.495,5,226.1811,2.2456,226.1382,2.1574,270.8948
8GON,67,251.974,5,218.3007,4.7102,218.2443,4.7358,257.0750
8GON,68,241.818,5,207.0591,5.7103,207.0441,5.8164,248.3459
8GON,69,232.014,5,195.5076,3.4361,195.2113,3.2700,234.8732
8GON,70,222.553,5,189.6462,4.8569,189.3722,5.0645,226.1235
8GON,71,213.425,5,183.5216,2.4154,183.2923,2.3543,220.0591
8GON,72,204.619,5,172.0517,2.5315,172.0535,2.9994,207.1089
8GON,73,196.127,5,166.9180,5.8467,166.8890,5.8153,202.3705
8GON,74,187.938,5,159.1853,3.2826,159.2181,3.1997,193.8169
8GON,75,180.045,5,153.9963,2.8341,153.6602,2.7006,183.8359
8GON,76,172.437,5,146.4400,0.8596,146.7732,1.1429,174.2600
8GON,77,165.106,5,140.1998,1.6869,140.5978,1.8703,168.2508
8GON,78,158.045,5,136.6350,2.6633,137.1803,2.5339,162.9038
8GON,79,151.243,5,129.8788,2.4772,129.9792,1.9757,152.7006
8GON,80,144.695,5,123.8381,1.7689,124.0141,2.3940,149.5505
8GON,81,138.39,5,119.8531,2.5697,120.1172,2.4957,141.2473
8GON,82,132.323,5,112.6702,1.8615,112.7005,1.7697,136.0931
8GON,83,126.485,5,108.6045,1.9313,108.7347,2.4267,130.6913
8GON,84,120.869,5,101.2336,1.5098,101.5982,1.6277,121.5449
8GON,85,115.469,5,99.6876,2.3028,100.0155,2.0708,118.8124
8GON,86,110.276,5,94.6740,1.6160,95.1733,1.8309,113.4085
8GON,87,105.285,5,89.4554,2.2390,90.1158,1.9195,107.1527
8GON,88,100.489,5,86.7259,2.4595,87.4914,2.5042,103.2922
8GON,89,95.8813,5,81.7890,1.1802,82.3141,1.6355,98.0517
8GON,90,91.4559,5,77.2776,1.2656,78.1954,1.5857,93.8257
8GON,91,87.2068,5,73.4359,0.5967,73.7815,1.3781,88.5323
8GON,92,83.1281,5,70.3722,0.5062,71.2103,0.7831,82.6853
8GON,93,79.2139,5,66.5756,1.0603,67.4440,1.4446,79.5348
8GON,94,75.4588,5,63.9999,1.0255,65.0118,1.1014,75.8455
8GON,95,71.8574,5,61.5913,1.0330,62.1520,0.8727,72.8407
8GON,96,68.4042,5,58.5448,0.5211,59.6065,0.8324,69.8460
8GON,97,65.0944,5,55.5878,0.8117,57.1335,1.2037,65.3456
8GON,98,61.9226,5,52.7313,1.5711,53.7943,1.0598,62.0194
8GON,99,58.8844,5,50.5191,1.8365,51.6964,0.7726,59.6425
8GON,100,55.9748,5,47.1548,1.1978,48.4177,0.8938,56.2113
8GON,101,53.1893,5,44.7071,0.7304,46.1283,1.6756,53.3759
8GON,102,50.5235,5,42.2396,0.6647,43.9232,1.6601,50.9585
8GON,103,47.9731,5,40.6341,0.9928,42.3265,1.2650,49.0564
8GON,104,45.5338,5,37.9500,0.8038,40.0249,1.6018,45.7897
8GON,105,43.2016,5,36.1782,0.6714,38.2784,1.3311,43.7641
8GON,106,40.9725,5,34.5901,0.7923,37.0216,1.8070,41.2003
8GON,107,38.8428,5,32.9806,0.4065,35.2623,1.9794,39.8286
8GON,108,36.8086,5,30.4989,0.9557,32.9558,2.4144,37.2433
8GON,109,34.8665,5,28.9081,0.7015,31.8529,2.5837,35.0996
8GON,110,33.0129,5,27.5434,0.8733,30.5194,3.1390,32.8831
8GON,111,31.2443,5,26.0112,0.4913,29.2714,2.3815,31.0026
8GON,112,29.5577,5,24.6996,0.6074,27.9381,2.6395,29.5356
8GON,113,27.9497,5,23.6939,0.4858,26.9178,2.5315,28.6564
8GON,114,26.4172,5,22.7095,0.4332,26.1671,2.8190,26.9158
8GON,115,24.9573,5,20.8967,0.5260,24.8165,2.5444,25.2779
8GON,116,23.5672,5,19.6615,0.2214,23.6991,2.8280,23.7155
8GON,117,22.2439,5,18.5909,0.5106,23.1546,3.2740,22.0943
8GON,118,20.9849,5,17.5701,0.2371,21.9997,3.2360,21.1988
8GON,119,19.7874,5,16.5081,0.4176,21.5014,3.6485,19.8413
8GON,120,18.649,5,15.4256,0.2978,20.6720,3.2488,19.1500
8GON,121,17.5672,5,14.7255,0.1424,19.9989,3.5972,17.7867
8GON,122,16.5396,5,13.7955,0.2472,19.2495,3.8953,16.5897
8GON,123,15.564,5,12.9967,0.3043,18.6789,3.9438,15.7417
8GON,124,14.6382,5,12.3696,0.2939,18.4837,4.2328,14.7515
8GON,125,13.7599,5,11.3363,0.2001,17.4838,4.1223,13.7858
8GON,126,12.9272,5,10.8020,0.2739,17.0749,4.1807,12.9137
8GON,127,12.1381,5,9.8771,0.1023,16.6708,4.4528,12.2494
8GON,128,11.3907,5,9.4334,0.1126,16.4096,4.5569,11.4218
8GON,129,10.683,5,8.8163,0.1414,16.1659,4.7071,10.5490
8GON,130,10.0134,5,8.3680,0.0977,15.8739,4.7133,10.0525
8GON,131,9.38004,5,7.7325,0.1008,15.4414,4.9018,9.4646
8GON,132,8.78137,5,7.2007,0.1786,15.1800,4.9193,8.8088
8GON,133,8.21574,5,6.6537,0.2596,14.8742,5.0394,8.1437
8GON,134,7.68164,5,6.2979,0.0806,14.6711,5.0868,7.6166
8GON,135,7.17757,5,5.9962,0.0686,14.3573,5.1311,7.2801
8GON,136,6.70213,5,5.4787,0.0432,14.1995,5.2603,6.6423
8GON,137,6.25395,5,5.1122,0.1758,14.1279,5.3220,6.2813
8GON,138,5.8317,5,4.7874,0.0537,13.9921,5.4382,5.7719
8GON,139,5.43412,5,4.4394,0.0288,13.8438,5.5478,5.3725
8GON,140,5.06001,5,4.1733,0.0433,13.7378,5.6112,5.0342
8GON,141,4.7082,5,3.8493,0.0642,13.6293,5.7182,4.6686
8GON,142,4.37757,5,3.6059,0.0586,13.4486,5.8388,4.3247
8GON,143,4.06704,5,3.3466,0.0526,13.3748,5.9486,4.0680
8GON,144,3.77558,5,3.1020,0.0453,13.3410,6.0472,3.7940
8GON,145,3.50222,5,2.9003,0.0700,13.2762,6.0821,3.5235
8GON,146,3.246,5,2.6668,0.0238,13.2459,6.1091,3.2492
8GON,147,3.00601,5,2.4397,0.0299,13.1551,6.1471,2.9707
8GON,148,2.7814,5,2.2686,0.0283,13.1057,6.2526,2.7647
8GON,149,2.57133,5,2.1106,0.0338,13.0155,6.2708,2.5771
8GON,150,2.37501,5,1.9568,0.0527,12.9783,6.2997,2.3596
8GON,151,2.19168,5,1.7864,0.0346,12.9753,6.3700,2.1962
8GON,152,2.02061,5,1.6382,0.0411,12.9189,6.4208,1.9929
8GON,153,1.86112,5,1.5198,0.0314,12.8656,6.3830,1.8307
8GON,154,1.71255,5,1.3765,0.0303,12.8867,6.3969,1.7277
8GON,155,1.57426,5,1.2758,0.0210,12.8239,6.3660,1.5397
8GON,156,1.44565,5,1.1799,0.0156,12.8108,6.4012,1.4286
8GON,157,1.32616,5,1.0785,0.0298,12.8000,6.4140,1.3069
8GON,158,1.21523,5,0.9816,0.0266,12.8140,6.4355,1.2117
8GON,159,1.11236,5,0.8789,0.0134,12.8185,6.4299,1.1055
8GON,160,1.01704,5,0.7883,0.0123,12.7808,6.4537,0.9976
8GON,161,0.928804,5,0.6860,0.0107,12.7705,6.4623,0.1026
8GON,162,0.847218,5,0.5958,0.0094,12.7625,6.4688,0.0905
8GON,163,0.771854,5,0.5163,0.0082,12.7564,6.4738,0.0798
8GON,164,0.702309,5,0.4467,0.0071,12.7517,6.4776,0.0700
8GON,165,0.638207,5,0.3856,0.0062,12.7481,6.4805,0.0613
8GON,166,0.579186,5,0.3323,0.0053,12.7454,6.4826,0.0536
8GON,167,0.524908,5,0.2857,0.0046,12.7434,6.4842,0.0469
8GON,168,0.475048,5,0.2452,0.0039,12.7418,6.4854,0.0409
8GON,169,0.429305,5,0.2100,0.0034,12.7407,6.4862,0.0355
8GON,170,0.38739,5,0.1794,0.0029,12.7399,6.4869,0.0309
8GON,171,0.349033,5,0.1531,0.0024,12.7394,6.4873,0.0267
8GON,172,0.313979,5,0.1303,0.0020,12.7389,6.4876,0.0231
8GON,173,0.281986,5,0.1108,0.0017,12.7385,6.4877,0.0200
8GON,174,0.252829,5,0.0940,0.0015,12.7383,6.4878,0.0172
8GON,175,0.226295,5,0.0796,0.0013,12.7381,6.4879,0.0148
8GON,176,0.202186,5,0.0674,0.0011,12.7380,6.4879,0.0127
8GON,177,0.180312,5,0.0571,0.0010,12.7379,6.4879,0.0108
8GON,178,0.160499,5,0.0482,0.0009,12.7378,6.4879,0.0093
8GON,179,0.142582,5,0.0408,0.0008,12.7377,6.4879,0.0079
8GON,180,0.126407,5,0.0344,0.0007,12.7377,6.4879,0.0068
8GON,181,0.111832,5,0.0290,0.0006,12.7376,6.4879,0.0058
8GON,182,0.0987208,5,0.0244,0.0005,12.7376,6.4879,0.0050
8GON,183,0.0869503,5,0.0206,0.0005,12.7376,6.4878,0.0043
8GON,184,0.0764038,5,0.0173,0.0004,12.7375,6.4878,0.0037
8GON,185,0.0669735,5,0.0145,0.0004,12.7375,6.4878,0.0032
8GON,186,0.0585587,5,0.0122,0.0003,12.7375,6.4877,0.0028
8GON,187,0.0510671,5,0.0102,0.0003,12.7375,6.4877,0.0024
8GON,188,0.0444124,5,0.0085,0.0003,12.7375,6.4877,0.0021
8GON,189,0.0385154,5,0.0070,0.0002,12.7374,6.4876,0.0019
8GON,190,0.0333026,5,0.0058,0.0002,12.7374,6.4876,0.0017
8GON,191,0.0287066,5,0.0048,0.0001,12.7374,6.4876,0.0015
8GON,192,0.0246654,5,0.0039,0.0001,12.7373,6.4876,0.0013
8GON,193,0.021122,5,0.0032,0.0001,12.7373,6.4876,0.0012
8GON,194,0.0180242,5,0.0026,0.0000,12.7373,6.4876,0.0011
8GON,195,0.0153242,5,0.0022,0.0001,12.7373,6.4876,0.0010
8GON,196,0.0129786,5,0.0017,0.0000,12.7373,6.4876,0.0009
8GON,197,0.0109477,5,0.0013,0.0001,12.7373,6.4875,0.0008
8GON,198,0.00919558,5,0.0010,0.0000,12.7373,6.4875,0.0008
8GON,199,0.00768951,5,0.0006,0.0000,12.7373,6.4875,0.0007
8GON,200,0.00640001,5,0.0000,0.0000,12.7373,6.4875,0.0006
8I5C,1,2485.54,5,2465.8587,34.6016,2465.8977,34.6211,
8I5C,2,2412.94,5,2122.6547,25.4875,2122.6508,25.4986,2615.9206
8I5C,3,2342.16,5,2022.1523,46.2437,2022.1601,46.2521,2433.4485
8I5C,4,2273.18,5,1985.8390,27.2202,1985.8551,27.2354,2332.7312
8I5C,5,2205.94,5,1903.2613,34.3028,1903.2726,34.3148,2294.4649
8I5C,6,2140.41,5,1851.6470,39.0739,1851.6582,39.0978,2190.1737
8I5C,7,2076.56,5,1788.5042,21.8861,1788.5010,21.8943,2160.6201
8I5C,8,2014.35,5,1733.0152,45.2979,1733.0085,45.3054,2050.9570
8I5C,9,1953.74,5,1694.1617,21.2024,1694.1560,21.2184,2019.0546
8I5C,10,1894.71,5,1680.0893,16.7876,1680.1113,16.7950,1935.5499
8I5C,11,1837.2,5,1590.0435,15.2519,1590.0319,15.2390,1915.7113
8I5C,12,1781.21,5,1530.5115,28.6968,1530.5074,28.6899,1826.1547
8I5C,13,1726.68,5,1529.5225,29.6284,1529.4927,29.6280,1777.3682
8I5C,14,1673.58,5,1439.5302,25.3236,1439.5508,25.3245,1716.1956
8I5C,15,1621.9,5,1426.9270,25.6236,1426.9198,25.6286,1688.1071
8I5C,16,1571.58,5,1377.7324,40.2746,1377.7585,40.3150,1642.0477
8I5C,17,1522.62,5,1324.5192,20.7666,1324.5124,20.7566,1595.1595
8I5C,18,1474.96,5,1294.7716,22.6318,1294.7732,22.6296,1530.1797
8I5C,19,1428.59,5,1236.7135,28.2338,1236.7216,28.2348,1476.6210
8I5C,20,1383.47,5,1192.6156,26.3041,1192.6355,26.2914,1422.7733
8I5C,21,1339.59,5,1153.9850,13.4656,1153.9911,13.4583,1357.6250
8I5C,22,1296.9,5,1108.9978,16.8597,1109.0136,16.8450,1338.8441
8I5C,23,1255.38,5,1090.5842,15.7475,1090.6070,15.7375,1285.8442
8I5C,24,1215,5,1045.1807,21.9107,1045.1935,21.9130,1248.7845
8I5C,25,1175.75,5,1016.7972,17.0149,1016.7960,17.0284,1218.5368
8I5C,26,1137.58,5,981.5035,21.2511,981.4934,21.2679,1178.8671
8I5C,27,1100.49,5,940.1281,23.5305,940.1394,23.5243,1110.6334
8I5C,28,1064.43,5,928.3270,21.5553,928.3319,21.5728,1102.1949
8I5C,29,1029.39,5,891.1526,15.9386,891.1420,15.9222,1069.4124
8I5C,30,995.349,5,869.4839,13.9408,869.5082,13.9447,1023.1695
8I5C,31,962.275,5,823.8554,19.3982,823.8587,19.4070,982.5727
8I5C,32,930.147,5,793.8777,7.8236,793.8697,7.8024,958.8046
8I5C,33,898.942,5,775.6760,12.8476,775.6761,12.8378,922.7868
8I5C,34,868.639,5,742.4080,9.3425,742.4011,9.3574,884.7419
8I5C,35,839.216,5,726.4363,16.6671,726.4357,16.6803,865.7717
8I5C,36,810.652,5,697.8161,5.6492,697.8354,5.6518,827.3384
8I5C,37,782.924,5,666.4067,17.9808,666.4317,17.9920,790.1811
8I5C,38,756.014,5,645.4321,3.4060,645.4211,3.3860,766.4555
8I5C,39,729.901,5,629.3447,7.7515,629.3472,7.7496,755.0366
8I5C,40,704.564,5,608.7764,10.9744,608.7803,10.9667,737.4770
8I5C,41,679.985,5,585.5106,9.2160,585.5092,9.2185,702.8841
8I5C,42,656.145,5,562.3046,6.9379,562.3163,6.9451,670.3421
8I5C,43,633.025,5,532.5074,8.6857,532.5313,8.6773,649.5210
8I5C,44,610.606,5,530.0774,6.6940,530.0917,6.6660,618.7567
8I5C,45,588.872,5,512.3401,9.1524,512.3237,9.1224,606.9850
8I5C,46,567.804,5,482.3038,5.0007,482.2832,4.9842,579.6852
8I5C,47,547.386,5,468.6926,10.6697,468.6602,10.6725,560.6512
8I5C,48,527.6,5,451.6305,9.8767,451.6451,9.8565,543.5031
8I5C,49,508.43,5,437.5250,8.2215,437.5325,8.2224,523.7901
8I5C,50,489.861,5,423.3033,6.8036,423.3100,6.8253,504.4433
8I5C,51,471.875,5,404.9342,9.4341,404.9222,9.3924,489.6928
8I5C,52,454.46,5,388.4992,9.1588,388.4656,9.1380,467.6498
8I5C,53,437.597,5,374.6399,7.3973,374.6378,7.3766,450.2980
8I5C,54,421.274,5,361.4715,5.2140,361.4458,5.2255,433.4678
8I5C,55,405.476,5,345.3509,4.2096,345.3533,4.2088,413.3605
8I5C,56,390.188,5,333.1395,4.8530,333.1566,4.8607,397.7693
8I5C,57,375.397,5,322.6975,7.7179,322.6928,7.7234,381.2814
8I5C,58,361.089,5,310.2357,5.8842,310.2407,5.8709,368.5811
8I5C,59,347.251,5,298.3144,3.8693,298.3086,3.8276,358.1810
8I5C,60,333.87,5,283.0689,5.4904,283.0828,5.4735,343.3521
8I5C,61,320.934,5,274.4840,7.9014,274.4781,7.8807,324.1008
8I5C,62,308.43,5,265.2419,3.3530,265.2254,3.3635,313.9943
8I5C,63,296.345,5,255.6779,4.3695,255.6376,4.3692,304.8700
8I5C,64,284.669,5,243.6644,2.1149,243.6403,2.1299,292.2391
8I5C,65,273.389,5,235.1686,3.3473,235.1787,3.3658,279.0552
8I5C,66,262.495,5,224.9844,2.7403,224.9896,2.7542,269.8855
8I5C,67,251.974,5,211.9511,4.2475,211.9640,4.2924,253.1200
8I5C,68,241.818,5,206.8286,2.5332,206.8175,2.5554,247.2961
8I5C,69,232.014,5,196.2766,4.0512,196.2751,4.0814,237.3907
8I5C,70,222.553,5,191.3201,4.3442,191.3173,4.3342,228.0277
8I5C,71,213.425,5,181.4630,4.9646,181.4513,4.9805,216.8019
8I5C,72,204.619,5,175.3604,4.3013,175.3501,4.2818,211.2714
8I5C,73,196.127,5,165.3764,2.5132,165.3904,2.5210,199.3143
8I5C,74,187.938,5,157.4196,1.7917,157.4270,1.8024,191.6004
8I5C,75,180.045,5,153.3265,2.0055,153.3352,2.0007,186.5684
8I5C,76,172.437,5,146.8458,2.9387,146.8402,2.9481,175.5547
8I5C,77,165.106,5,140.8227,1.0363,140.8168,1.0754,167.2039
8I5C,78,158.045,5,133.9703,4.3730,133.9992,4.3788,160.3333
8I5C,79,151.243,5,129.9491,2.4223,129.9715,2.4296,153.2830
8I5C,80,144.695,5,121.7240,1.5629,121.7378,1.5459,146.2955
8I5C,81,138.39,5,118.2993,1.9216,118.2812,1.9266,141.6852
8I5C,82,132.323,5,111.9404,2.1215,111.9360,2.1170,136.3977
8I5C,83,126.485,5,108.2381,2.3090,108.2195,2.2901,128.6018
8I5C,84,120.869,5,101.9759,2.5267,101.9875,2.5043,124.3220
8I5C,85,115.469,5,97.4821,1.7535,97.4803,1.7581,116.9592
8I5C,86,110.276,5,94.1121,1.7310,94.1217,1.7393,111.8269
8I5C,87,105.285,5,88.3241,1.4342,88.3214,1.4430,107.3687
8I5C,88,100.489,5,86.3702,1.6289,86.3453,1.6768,102.3863
8I5C,89,95.8813,5,80.6971,1.3645,80.6874,1.3596,97.9480
8I5C,90,91.4559,5,77.6829,1.2247,77.6756,1.2463,93.4316
8I5C,91,87.2068,5,74.0064,1.6664,74.0194,1.6702,88.5412
8I5C,92,83.1281,5,69.0618,0.9868,69.0730,0.9608,84.0370
8I5C,93,79.2139,5,66.8795,0.7187,66.8659,0.7337,80.8445
8I5C,94,75.4588,5,62.5597,1.0466,62.5427,1.0618,76.8331
8I5C,95,71.8574,5,59.4261,1.8979,59.4299,1.8845,71.8620
8I5C,96,68.4042,5,56.9974,0.6283,56.9818,0.6183,68.4567
8I5C,97,65.0944,5,54.3314,1.0395,54.3128,1.0574,65.0279
8I5C,98,61.9226,5,51.6614,0.4295,51.6442,0.4237,62.7440
8I5C,99,58.8844,5,49.7555,0.3932,49.7505,0.3678,59.7609
8I5C,100,55.9748,5,47.0294,0.7800,47.0130,0.7639,56.8000
8I5C,101,53.1893,5,44.3017,0.8040,44.2848,0.7780,53.2966
8I5C,102,50.5235,5,42.1343,0.6832,42.1320,0.6845,51.0371
8I5C,103,47.9731,5,40.0399,0.5169,40.0237,0.5029,48.6372
8I5C,104,45.5338,5,37.8228,0.3648,37.8244,0.3885,46.1531
8I5C,105,43.2016,5,35.2400,0.1319,35.2463,0.1205,42.7900
8I5C,106,40.9725,5,34.0673,0.8397,34.0731,0.8593,41.3850
8I5C,107,38.8428,5,32.0993,0.7169,32.1008,0.7029,38.9550
8I5C,108,36.8086,5,30.9774,0.5080,30.9703,0.5229,36.9170
8I5C,109,34.8665,5,29.4949,0.5623,29.4876,0.5454,35.3875
8I5C,110,33.0129,5,27.5163,0.4111,27.5127,0.4076,33.3339
8I5C,111,31.2443,5,26.0781,0.4573,26.0632,0.4626,31.3024
8I5C,112,29.5577,5,24.6250,0.5299,24.6268,0.5162,29.9302
8I5C,113,27.9497,5,23.0795,0.3510,23.0948,0.3780,27.8404
8I5C,114,26.4172,5,21.5910,0.2865,21.5767,0.3343,26.2019
8I5C,115,24.9573,5,20.5964,0.2869,20.6122,0.2706,25.1666
8I5C,116,23.5672,5,19.5900,0.3954,19.5864,0.3813,23.9660
8I5C,117,22.2439,5,18.5421,0.1704,18.5447,0.1795,22.2072
8I5C,118,20.9849,5,17.3191,0.3248,17.3292,0.3116,21.3473
8I5C,119,19.7874,5,16.2667,0.4734,16.2725,0.4712,19.7805
8I5C,120,18.649,5,15.1945,0.5962,15.1820,0.6228,18.4568
8I5C,121,17.5672,5,14.5355,0.2141,14.5164,0.2266,17.6498
8I5C,122,16.5396,5,13.6939,0.3596,13.6691,0.3461,16.8116
8I5C,123,15.564,5,13.0622,0.2121,13.0394,0.2102,15.8853
8I5C,124,14.6382,5,11.8006,0.1208,11.8144,0.1123,14.6907
8I5C,125,13.7599,5,11.3351,0.0988,11.3370,0.1111,13.5529
8I5C,126,12.9272,5,10.7701,0.2037,10.7746,0.1754,13.0012
8I5C,127,12.1381,5,9.9660,0.1130,9.9722,0.1056,12.2297
8I5C,128,11.3907,5,9.3477,0.1632,9.3578,0.1289,11.2881
8I5C,129,10.683,5,8.8177,0.1635,8.8405,0.1449,10.6792
8I5C,130,10.0134,5,8.2812,0.1741,8.2454,0.1617,10.2320
8I5C,131,9.38004,5,7.7925,0.1655,7.7852,0.1589,9.4004
8I5C,132,8.78137,5,7.3156,0.0984,7.3282,0.1034,8.8511
8I5C,133,8.21574,5,6.8637,0.1328,6.8815,0.1314,8.2750
8I5C,134,7.68164,5,6.3633,0.1575,6.3635,0.1572,7.7199
8I5C,135,7.17757,5,5.9303,0.0823,5.9551,0.0861,7.2185
8I5C,136,6.70213,5,5.5258,0.1429,5.5746,0.1603,6.7678
8I5C,137,6.25395,5,5.1633,0.1745,5.2538,0.1832,6.2442
8I5C,138,5.8317,5,4.7591,0.0870,4.8602,0.1772,5.8550
8I5C,139,5.43412,5,4.4436,0.0789,4.5128,0.1270,5.4941
8I5C,140,5.06001,5,4.1573,0.0790,4.2508,0.1113,5.0155
8I5C,141,4.7082,5,3.8170,0.0852,3.9414,0.1593,4.6401
8I5C,142,4.37757,5,3.6045,0.0661,3.7475,0.1209,4.2805
8I5C,143,4.06704,5,3.3279,0.0664,3.5028,0.1681,4.0319
8I5C,144,3.77558,5,3.0283,0.0433,3.2297,0.1679,3.7974
8I5C,145,3.50222,5,2.8581,0.0392,3.0870,0.1660,3.4490
8I5C,146,3.246,5,2.6548,0.0359,2.9301,0.1868,3.1810
8I5C,147,3.00601,5,2.4979,0.0096,2.7572,0.1372,2.9767
8I5C,148,2.7814,5,2.2629,0.0626,2.5504,0.1485,2.8171
8I5C,149,2.57133,5,2.0880,0.0358,2.4078,0.1856,2.5227
8I5C,150,2.37501,5,1.9237,0.0443,2.2693,0.1692,2.3247
8I5C,151,2.19168,5,1.8133,0.0171,2.1611,0.1698,2.1849
8I5C,152,2.02061,5,1.6364,0.0519,2.0267,0.1988,2.0196
8I5C,153,1.86112,5,1.4989,0.0125,1.9210,0.2275,1.8583
8I5C,154,1.71255,5,1.4038,0.0284,1.8323,0.2295,1.7061
8I5C,155,1.57426,5,1.2781,0.0314,1.7037,0.2258,1.5757
8I5C,156,1.44565,5,1.1499,0.0139,1.6379,0.2247,1.4285
8I5C,157,1.32616,5,1.0726,0.0195,1.5910,0.2411,1.2995
8I5C,158,1.21523,5,0.9665,0.0111,1.5203,0.2702,1.1833
8I5C,159,1.11236,5,0.8919,0.0149,1.4739,0.2719,1.0964
8I5C,160,1.01704,5,0.8037,0.0161,1.4144,0.2894,1.0145
8I5C,161,0.928804,5,0.6992,0.0141,1.3545,0.3003,0.1047
8I5C,162,0.847218,5,0.6072,0.0124,1.3064,0.3095,0.0923
8I5C,163,0.771854,5,0.5262,0.0108,1.2682,0.3172,0.0812
8I5C,164,0.702309,5,0.4551,0.0094,1.2382,0.3233,0.0714
8I5C,165,0.638207,5,0.3928,0.0081,1.2149,0.3282,0.0626
8I5C,166,0.579186,5,0.3383,0.0070,1.1970,0.3319,0.0547
8I5C,167,0.524908,5,0.2908,0.0060,1.1833,0.3346,0.0478
8I5C,168,0.475048,5,0.2494,0.0052,1.1730,0.3365,0.0417
8I5C,169,0.429305,5,0.2134,0.0044,1.1652,0.3379,0.0363
8I5C,170,0.38739,5,0.1823,0.0038,1.1595,0.3388,0.0314
8I5C,171,0.349033,5,0.1554,0.0033,1.1552,0.3395,0.0273
8I5C,172,0.313979,5,0.1322,0.0028,1.1521,0.3398,0.0235
8I5C,173,0.281986,5,0.1123,0.0024,1.1498,0.3400,0.0203
8I5C,174,0.252829,5,0.0951,0.0020,1.1482,0.3401,0.0175
8I5C,175,0.226295,5,0.0805,0.0018,1.1470,0.3401,0.0150
8I5C,176,0.202186,5,0.0680,0.0015,1.1461,0.3400,0.0129
8I5C,177,0.180312,5,0.0574,0.0013,1.1456,0.3400,0.0110
8I5C,178,0.160499,5,0.0484,0.0012,1.1452,0.3399,0.0094
8I5C,179,0.142582,5,0.0409,0.0011,1.1449,0.3398,0.0080
8I5C,180,0.126407,5,0.0345,0.0010,1.1447,0.3396,0.0069
8I5C,181,0.111832,5,0.0291,0.0009,1.1446,0.3395,0.0059
8I5C,182,0.0987208,5,0.0246,0.0009,1.1446,0.3395,0.0050
8I5C,183,0.0869503,5,0.0208,0.0008,1.1445,0.3394,0.0043
8I5C,184,0.0764038,5,0.0175,0.0007,1.1445,0.3393,0.0037
8I5C,185,0.0669735,5,0.0149,0.0007,1.1445,0.3393,0.0032
8I5C,186,0.0585587,5,0.0126,0.0007,1.1445,0.3392,0.0028
8I5C,187,0.0510671,5,0.0107,0.0006,1.1445,0.3392,0.0024
8I5C,188,0.0444124,5,0.0090,0.0005,1.1446,0.3392,0.0021
8I5C,189,0.0385154,5,0.0075,0.0004,1.1446,0.3391,0.0019
8I5C,190,0.0333026,5,0.0063,0.0003,1.1447,0.3391,0.0016
8I5C,191,0.0287066,5,0.0053,0.0002,1.1447,0.3391,0.0015
8I5C,192,0.0246654,5,0.0044,0.0002,1.1447,0.3391,0.0014
8I5C,193,0.021122,5,0.0037,0.0002,1.1447,0.3391,0.0012
8I5C,194,0.0180242,5,0.0030,0.0001,1.1447,0.3391,0.0011
8I5C,195,0.0153242,5,0.0024,0.0001,1.1447,0.3391,0.0011
8I5C,196,0.0129786,5,0.0019,0.0001,1.1447,0.3391,0.0009
8I5C,197,0.0109477,5,0.0015,0.0001,1.1447,0.3391,0.0009
8I5C,198,0.00919558,5,0.0011,0.0001,1.1448,0.3391,0.0008
8I5C,199,0.00768951,5,0.0007,0.0000,1.1448,0.3391,0.0007
8I5C,200,0.00640001,5,0.0000,0.0000,1.1448,0.3391,0.0007
8WTE,1,2485.54,5,2447.1090,65.6253,2447.1823,65.5424,
8WTE,2,2412.94,5,2115.7971,25.8814,2115.8825,25.8676,2590.2095
8WTE,3,2342.16,5,2022.2722,52.0656,2022.3496,52.0327,2426.5314
8WTE,4,2273.18,5,1968.9899,50.0140,1969.1931,49.9823,2339.8367
8WTE,5,2205.94,5,1938.7069,30.6339,1938.8148,30.6889,2294.1798
8WTE,6,2140.41,5,1847.9615,21.4373,1847.9465,21.4340,2171.6511
8WTE,7,2076.56,5,1853.2661,24.5950,1853.2142,24.5967,2170.3187
8WTE,8,2014.35,5,1719.6560,30.1710,1719.6739,30.1615,2069.5086
8WTE,9,1953.74,5,1682.1703,23.9524,1682.0416,23.7921,2002.5990
8WTE,10,1894.71,5,1641.2384,35.1894,1641.3672,35.3799,1945.4285
8WTE,11,1837.2,5,1576.1690,36.2995,1576.2927,36.2597,1879.9734
8WTE,12,1781.21,5,1545.5940,20.6659,1545.6172,20.7379,1829.2720
8WTE,13,1726.68,5,1493.5371,30.4939,1493.5400,30.4633,1803.4755
8WTE,14,1673.58,5,1455.9693,38.7721,1456.0449,38.5212,1729.8485
8WTE,15,1621.9,5,1404.7194,30.2370,1404.8097,30.0744,1666.5216
8WTE,16,1571.58,5,1375.1075,14.8424,1375.2745,14.9058,1641.6441
8WTE,17,1522.62,5,1314.1332,17.5933,1314.2349,17.6140,1543.4358
8WTE,18,1474.96,5,1298.7163,7.6806,1298.8186,7.6968,1517.6636
8WTE,19,1428.59,5,1227.6200,10.5613,1227.6083,10.5678,1475.2130
8WTE,20,1383.47,5,1192.1700,23.8441,1192.2487,23.8405,1431.7586
8WTE,21,1339.59,5,1163.1599,18.3253,1163.2185,18.3928,1382.3807
8WTE,22,1296.9,5,1118.0742,16.0167,1117.8679,15.7225,1329.9661
8WTE,23,1255.38,5,1078.2961,18.6484,1078.2711,18.6169,1296.2029
8WTE,24,1215,5,1053.4895,24.6367,1053.6119,24.7168,1251.3330
8WTE,25,1175.75,5,1003.9012,19.5039,1003.9336,19.4582,1210.3082
8WTE,26,1137.58,5,967.6800,13.9487,967.6357,13.9214,1152.2630
8WTE,27,1100.49,5,949.3326,21.0400,949.2088,20.8447,1130.2798
8WTE,28,1064.43,5,927.7442,14.5323,927.7121,14.5492,1085.2039
8WTE,29,1029.39,5,897.0681,16.9659,896.9969,16.8909,1064.9451
8WTE,30,995.349,5,857.2614,12.0621,857.3963,12.1712,1019.8820
8WTE,31,962.275,5,832.0628,14.4686,831.9858,14.4140,984.7988
8WTE,32,930.147,5,800.2804,31.2071,800.2378,31.2647,949.4871
8WTE,33,898.942,5,776.0681,16.3890,776.0722,16.3991,918.1943
8WTE,34,868.639,5,762.3406,8.3219,762.3265,8.3350,898.4900
8WTE,35,839.216,5,735.7056,18.2449,735.6486,18.2134,857.5842
8WTE,36,810.652,5,707.9096,16.2983,707.8616,16.3157,853.7503
8WTE,37,782.924,5,674.0683,13.7440,674.0380,13.7118,807.0152
8WTE,38,756.014,5,648.4329,11.7318,648.2336,11.4244,774.3919
8WTE,39,729.901,5,622.6543,19.3351,622.6886,19.3656,756.7934
8WTE,40,704.564,5,604.1670,3.6826,604.2021,3.7148,714.7008
8WTE,41,679.985,5,578.9452,5.2965,578.8116,5.2896,695.5751
8WTE,42,656.145,5,562.3267,11.4336,562.1748,11.4551,680.0907
8WTE,43,633.025,5,548.9348,10.5456,548.8960,10.6143,642.4278
8WTE,44,610.606,5,534.0983,6.9755,534.2105,6.8387,637.4155
8WTE,45,588.872,5,504.5994,6.8465,504.5821,6.8402,602.3286
8WTE,46,567.804,5,492.4206,7.4966,492.4823,7.4277,581.4212
8WTE,47,547.386,5,467.5296,8.3449,467.4042,8.1874,554.6385
8WTE,48,527.6,5,457.0687,7.9209,456.9898,7.7684,545.7452
8WTE,49,508.43,5,432.0320,4.2196,432.0457,4.2345,524.9118
8WTE,50,489.861,5,422.6861,1.0523,422.7125,1.0373,508.6140
8WTE,51,471.875,5,410.4967,6.0544,410.6624,5.9052,479.9292
8WTE,52,454.46,5,394.2237,8.5671,394.1642,8.4241,466.8626
8WTE,53,437.597,5,368.6132,7.6876,368.5519,7.9108,447.6902
8WTE,54,421.274,5,358.4020,4.7220,358.3914,4.7582,426.6803
8WTE,55,405.476,5,347.1533,7.5273,346.7981,7.1207,415.5932
8WTE,56,390.188,5,334.4450,7.4868,334.3344,7.4257,400.6443
8WTE,57,375.397,5,323.2206,5.1908,323.1440,5.1116,380.0773
8WTE,58,361.089,5,308.4172,5.2250,308.4229,5.2310,366.6844
8WTE,59,347.251,5,297.7372,7.8531,297.6942,7.8064,355.0348
8WTE,60,333.87,5,284.9293,5.5370,284.7184,5.3801,338.8450
8WTE,61,320.934,5,269.6499,4.1154,269.5451,4.2511,325.8026
8WTE,62,308.43,5,259.7168,2.7755,259.7593,2.7928,314.3194
8WTE,63,296.345,5,250.6295,4.4846,250.4250,4.4831,300.5886
8WTE,64,284.669,5,242.5250,3.4927,242.4494,3.4990,289.8015
8WTE,65,273.389,5,234.0664,7.2208,234.0190,7.0405,279.4374
8WTE,66,262.495,5,222.8784,4.6106,222.7058,4.7429,265.1941
8WTE,67,251.974,5,211.7774,5.6605,211.6855,5.4922,258.4975
8WTE,68,241.818,5,209.1674,3.3127,209.0421,3.1046,246.4255
8WTE,69,232.014,5,198.3682,4.8143,198.3193,4.7092,237.0785
8WTE,70,222.553,5,192.2158,2.9660,192.0450,2.9373,227.2587
8WTE,71,213.425,5,181.7391,2.4703,181.3906,2.9048,218.8046
8WTE,72,204.619,5,176.3166,3.2919,176.0488,3.4821,208.7741
8WTE,73,196.127,5,166.2031,2.4250,166.0496,2.5081,198.5703
8WTE,74,187.938,5,159.4560,1.3974,159.3206,1.4140,189.1685
8WTE,75,180.045,5,153.1387,2.8683,153.0142,3.0844,183.2472
8WTE,76,172.437,5,146.8804,2.1205,146.7341,2.0535,175.9982
8WTE,77,165.106,5,138.8379,4.1037,138.7079,4.1951,165.5804
8WTE,78,158.045,5,132.6146,1.6328,132.3548,1.3201,158.8117
8WTE,79,151.243,5,128.6285,1.6952,128.4847,1.7423,153.1127
8WTE,80,144.695,5,122.0357,2.2480,122.4072,2.1188,147.1459
8WTE,81,138.39,5,117.0808,1.1804,117.3671,1.5906,139.3763
8WTE,82,132.323,5,111.6467,1.7375,112.0376,1.2888,132.7447
8WTE,83,126.485,5,108.0402,2.2028,108.5425,2.7708,129.0684
8WTE,84,120.869,5,101.0802,1.3580,101.3409,1.4828,122.6124
8WTE,85,115.469,5,98.3882,2.1927,98.7731,2.1552,119.2360
8WTE,86,110.276,5,93.9711,1.7920,94.2486,1.7686,112.2249
8WTE,87,105.285,5,89.7920,1.0975,90.3012,1.5123,108.0749
8WTE,88,100.489,5,85.1112,1.0004,85.6531,1.1654,103.0316
8WTE,89,95.8813,5,80.3018,1.2710,80.9784,2.4214,98.4531
8WTE,90,91.4559,5,77.1344,1.2698,77.6021,1.0649,92.8209
8WTE,91,87.2068,5,71.2025,1.2684,71.6672,1.3739,87.3687
8WTE,92,83.1281,5,69.7343,0.8723,70.2158,1.0542,84.4277
8WTE,93,79.2139,5,66.9499,0.4112,67.6769,1.6636,80.3313
8WTE,94,75.4588,5,63.4569,0.4864,64.0161,1.3488,76.7633
8WTE,95,71.8574,5,59.8321,1.0287,60.4391,2.1063,72.3473
8WTE,96,68.4042,5,58.0229,0.7602,58.6416,1.7052,69.1273
8WTE,97,65.0944,5,54.3114,0.9067,55.0965,1.8578,66.3872
8WTE,98,61.9226,5,52.3805,1.0712,53.1805,1.0642,62.7785
8WTE,99,58.8844,5,49.0704,0.7932,49.4555,1.2809,59.5934
8WTE,100,55.9748,5,46.6281,0.5711,47.3526,1.8339,56.4019
8WTE,101,53.1893,5,45.0688,0.5182,45.7847,1.2763,53.9453
8WTE,102,50.5235,5,43.0915,0.7224,43.9457,1.7035,51.9815
8WTE,103,47.9731,5,40.5247,1.0852,41.4630,2.6474,49.1718
8WTE,104,45.5338,5,39.0316,1.1006,40.0753,2.2355,46.9399
8WTE,105,43.2016,5,36.1364,0.6361,37.1295,1.6858,44.1728
8WTE,106,40.9725,5,34.1971,0.3796,35.0688,1.8892,41.3815
8WTE,107,38.8428,5,32.1860,0.6219,33.4786,3.0257,38.8675
8WTE,108,36.8086,5,31.0724,0.4613,32.5304,2.3894,36.8710
8WTE,109,34.8665,5,29.2511,0.1497,30.6718,2.6830,35.1324
8WTE,110,33.0129,5,27.8466,0.4257,29.1859,2.7892,34.2331
8WTE,111,31.2443,5,26.1641,0.8788,27.5860,2.7874,32.1654
8WTE,112,29.5577,5,24.2979,0.4024,25.9250,3.0553,29.5658
8WTE,113,27.9497,5,23.3214,0.4278,24.8375,3.0866,28.1177
8WTE,114,26.4172,5,22.0955,0.4336,23.7223,3.0379,26.4990
8WTE,115,24.9573,5,20.8345,0.3340,22.4248,3.2125,25.2140
8WTE,116,23.5672,5,19.4067,0.3153,21.2459,3.3997,23.8878
8WTE,117,22.2439,5,18.2562,0.5098,20.2173,3.4869,21.9618
8WTE,118,20.9849,5,17.3694,0.3552,19.3499,4.0443,21.2174
8WTE,119,19.7874,5,16.3232,0.1867,18.4424,4.0020,19.7436
8WTE,120,18.649,5,15.5489,0.1815,17.7410,4.0058,18.7429
8WTE,121,17.5672,5,14.5348,0.3636,16.8467,3.8918,17.3423
8WTE,122,16.5396,5,13.6631,0.2053,15.8707,3.8455,16.3684
8WTE,123,15.564,5,13.0246,0.1579,15.2435,3.9776,15.4728
8WTE,124,14.6382,5,12.2344,0.2779,14.5854,3.9601,14.9288
8WTE,125,13.7599,5,11.2825,0.1233,13.9117,4.5808,13.6993
8WTE,126,12.9272,5,10.6639,0.1581,13.3993,4.7973,12.9180
8WTE,127,12.1381,5,10.0321,0.1916,12.7214,4.7758,12.0814
8WTE,128,11.3907,5,9.3377,0.1429,12.1038,4.9321,11.2931
8WTE,129,10.683,5,8.8031,0.1989,11.6587,4.9503,10.6791
8WTE,130,10.0134,5,8.3278,0.1189,11.1311,5.0241,10.1317
8WTE,131,9.38004,5,7.7809,0.1686,10.6490,5.1905,9.4672
8WTE,132,8.78137,5,7.1072,0.1850,10.0386,5.2792,8.6617
8WTE,133,8.21574,5,6.7941,0.0829,9.8168,5.4869,8.2440
8WTE,134,7.68164,5,6.2910,0.0208,9.4558,5.7479,7.6584
8WTE,135,7.17757,5,5.8677,0.0982,9.1185,5.7239,7.1432
8WTE,136,6.70213,5,5.4875,0.1056,8.7993,5.8093,6.6626
8WTE,137,6.25395,5,5.1205,0.1044,8.4373,5.9072,6.1344
8WTE,138,5.8317,5,4.7672,0.0823,8.1664,5.8984,5.8429
8WTE,139,5.43412,5,4.5310,0.0874,7.8999,5.8660,5.3997
8WTE,140,5.06001,5,4.1539,0.0405,7.7143,6.1391,5.1411
8WTE,141,4.7082,5,3.8600,0.0868,7.5694,6.1511,4.6262
8WTE,142,4.37757,5,3.5831,0.0881,7.3292,6.2566,4.3357
8WTE,143,4.06704,5,3.3445,0.0545,7.1284,6.3355,4.0702
8WTE,144,3.77558,5,3.1077,0.0350,6.9420,6.4163,3.7509
8WTE,145,3.50222,5,2.8679,0.0251,6.7934,6.4768,3.5160
8WTE,146,3.246,5,2.6389,0.0361,6.6207,6.4661,3.1962
8WTE,147,3.00601,5,2.4311,0.0533,6.5149,6.5369,3.0104
8WTE,148,2.7814,5,2.2484,0.0226,6.3869,6.6343,2.7225
8WTE,149,2.57133,5,2.0790,0.0378,6.2892,6.7314,2.5612
8WTE,150,2.37501,5,1.9261,0.0457,6.2020,6.8147,2.3702
8WTE,151,2.19168,5,1.7995,0.0403,6.1485,6.8121,2.2010
8WTE,152,2.02061,5,1.6314,0.0325,6.0334,6.8566,1.9555
8WTE,153,1.86112,5,1.5373,0.0246,5.9992,6.8921,1.8305
8WTE,154,1.71255,5,1.3943,0.0128,5.9170,6.9054,1.7043
8WTE,155,1.57426,5,1.2672,0.0091,5.8782,6.9063,1.5542
8WTE,156,1.44565,5,1.1768,0.0266,5.8594,6.9305,1.4253
8WTE,157,1.32616,5,1.0648,0.0298,5.8521,6.9707,1.2911
8WTE,158,1.21523,5,0.9638,0.0136,5.8215,6.9699,1.1973
8WTE,159,1.11236,5,0.8908,0.0169,5.8047,6.9743,1.0963
8WTE,160,1.01704,5,0.7935,0.0032,5.7547,6.9983,1.0072
8WTE,161,0.928804,5,0.6906,0.0027,5.7270,7.0114,0.1032
8WTE,162,0.847218,5,0.5999,0.0025,5.7055,7.0216,0.0909
8WTE,163,0.771854,5,0.5202,0.0021,5.6891,7.0295,0.0801
8WTE,164,0.702309,5,0.4502,0.0018,5.6767,7.0356,0.0703
8WTE,165,0.638207,5,0.3888,0.0015,5.6673,7.0402,0.0617
8WTE,166,0.579186,5,0.3350,0.0013,5.6603,7.0436,0.0540
8WTE,167,0.524908,5,0.2881,0.0012,5.6551,7.0462,0.0472
8WTE,168,0.475048,5,0.2473,0.0011,5.6513,7.0481,0.0412
8WTE,169,0.429305,5,0.2117,0.0009,5.6486,7.0496,0.0359
8WTE,170,0.38739,5,0.1808,0.0008,5.6466,7.0507,0.0312
8WTE,171,0.349033,5,0.1542,0.0007,5.6452,7.0515,0.0270
8WTE,172,0.313979,5,0.1312,0.0006,5.6442,7.0520,0.0234
8WTE,173,0.281986,5,0.1115,0.0006,5.6435,7.0524,0.0201
8WTE,174,0.252829,5,0.0945,0.0005,5.6431,7.0527,0.0174
8WTE,175,0.226295,5,0.0801,0.0005,5.6428,7.0529,0.0149
8WTE,176,0.202186,5,0.0678,0.0006,5.6426,7.0529,0.0128
8WTE,177,0.180312,5,0.0574,0.0007,5.6425,7.0530,0.0110
8WTE,178,0.160499,5,0.0486,0.0009,5.6425,7.0531,0.0093
8WTE,179,0.142582,5,0.0412,0.0012,5.6424,7.0531,0.0080
8WTE,180,0.126407,5,0.0348,0.0014,5.6425,7.0531,0.0068
8WTE,181,0.111832,5,0.0294,0.0013,5.6425,7.0531,0.0059
8WTE,182,0.0987208,5,0.0250,0.0016,5.6426,7.0530,0.0050
8WTE,183,0.0869503,5,0.0212,0.0017,5.6426,7.0530,0.0043
8WTE,184,0.0764038,5,0.0179,0.0016,5.6426,7.0529,0.0037
8WTE,185,0.0669735,5,0.0151,0.0016,5.6427,7.0529,0.0032
8WTE,186,0.0585587,5,0.0127,0.0017,5.6427,7.0529,0.0028
8WTE,187,0.0510671,5,0.0107,0.0015,5.6428,7.0528,0.0024
8WTE,188,0.0444124,5,0.0089,0.0014,5.6428,7.0528,0.0022
8WTE,189,0.0385154,5,0.0074,0.0011,5.6428,7.0527,0.0019
8WTE,190,0.0333026,5,0.0062,0.0009,5.6428,7.0527,0.0017
8WTE,191,0.0287066,5,0.0051,0.0008,5.6429,7.0526,0.0015
8WTE,192,0.0246654,5,0.0042,0.0007,5.6429,7.0526,0.0013
8WTE,193,0.021122,5,0.0035,0.0005,5.6429,7.0526,0.0013
8WTE,194,0.0180242,5,0.0028,0.0003,5.6429,7.0526,0.0011
8WTE,195,0.0153242,5,0.0022,0.0002,5.6429,7.0526,0.0010
8WTE,196,0.0129786,5,0.0018,0.0002,5.6429,7.0526,0.0009
8WTE,197,0.0109477,5,0.0014,0.0001,5.6429,7.0526,0.0008
8WTE,198,0.00919558,5,0.0010,0.0001,5.6429,7.0526,0.0008
8WTE,199,0.00768951,5,0.0007,0.0000,5.6429,7.0526,0.0007
8WTE,200,0.00640001,5,0.0000,0.0000,5.6430,7.0525,0.0007
8QFY,1,2485.54,5,2479.0322,25.1039,2479.0191,25.0905,
8QFY,2,2412.94,5,2108.5646,16.1024,2108.5594,16.1074,2586.1745
8QFY,3,2342.16,5,2072.2699,34.5319,2072.2848,34.5466,2414.2819
8QFY,4,2273.18,5,1985.3821,41.0081,1985.3803,41.0098,2339.8868
8QFY,5,2205.94,5,1905.9138,22.1996,1905.9293,22.1924,2271.8638
8QFY,6,2140.41,5,1856.8146,40.6337,1856.8313,40.6217,2222.5866
8QFY,7,2076.56,5,1821.5415,21.8098,1821.5369,21.8127,2111.3684
8QFY,8,2014.35,5,1760.5613,47.0341,1760.5561,47.0341,2065.4121
8QFY,9,1953.74,5,1715.3218,23.7819,1715.3263,23.7902,2025.1390
8QFY,10,1894.71,5,1645.4730,40.7498,1645.4686,40.7457,1941.8787
8QFY,11,1837.2,5,1586.9516,30.0248,1586.9619,30.0346,1917.3543
8QFY,12,1781.21,5,1558.6683,17.0665,1558.6638,17.0478,1817.9460
8QFY,13,1726.68,5,1500.9405,21.6756,1500.9285,21.6746,1770.4801
8QFY,14,1673.58,5,1484.9734,35.3831,1484.9992,35.3883,1761.0682
8QFY,15,1621.9,5,1408.2918,27.8150,1408.2995,27.8257,1676.4510
8QFY,16,1571.58,5,1383.7957,18.5309,1383.8033,18.5308,1630.3862
8QFY,17,1522.62,5,1325.2320,25.9877,1325.2158,25.9703,1598.3366
8QFY,18,1474.96,5,1281.4949,28.2778,1281.4951,28.2746,1518.1800
8QFY,19,1428.59,5,1239.2480,23.5684,1239.2417,23.5737,1483.6129
8QFY,20,1383.47,5,1216.1396,20.4361,1216.1423,20.4454,1426.2446
8QFY,21,1339.59,5,1160.1193,22.7722,1160.1031,22.7804,1377.0987
8QFY,22,1296.9,5,1123.1967,8.6867,1123.2235,8.6794,1345.6543
8QFY,23,1255.38,5,1100.0112,21.5236,1100.0186,21.5160,1322.1710
8QFY,24,1215,5,1070.8457,10.3440,1070.8422,10.3381,1267.6593
8QFY,25,1175.75,5,1025.7314,18.0438,1025.7378,18.0413,1203.3785
8QFY,26,1137.58,5,978.7619,17.2983,978.7729,17.3137,1163.9471
8QFY,27,1100.49,5,955.2107,12.6169,955.2144,12.6111,1118.3118
8QFY,28,1064.43,5,919.9287,21.4824,919.9388,21.4823,1100.2210
8QFY,29,1029.39,5,908.7987,15.4536,908.8053,15.4521,1063.1197
8QFY,30,995.349,5,866.7365,10.8429,866.7339,10.8403,1028.5007
8QFY,31,962.275,5,843.4645,13.1643,843.4661,13.1595,1001.8384
8QFY,32,930.147,5,793.8415,10.5505,793.8520,10.5430,959.7325
8QFY,33,898.942,5,788.1455,27.6184,788.1454,27.6155,939.4096
8QFY,34,868.639,5,746.3345,16.6548,746.3367,16.6559,894.4167
8QFY,35,839.216,5,714.2882,11.4625,714.2981,11.4690,865.5253
8QFY,36,810.652,5,698.7511,1.9988,698.7573,1.9908,836.1380
8QFY,37,782.924,5,672.6946,18.9406,672.6911,18.9539,794.4515
8QFY,38,756.014,5,649.5156,13.0924,649.5205,13.0870,771.3784
8QFY,39,729.901,5,632.4293,9.7281,632.4268,9.7375,754.0145
8QFY,40,704.564,5,614.1677,8.7177,614.1766,8.7198,734.0306
8QFY,41,679.985,5,596.5463,7.0534,596.5501,7.0532,705.0311
8QFY,42,656.145,5,564.6542,7.6471,564.6509,7.6555,681.2505
8QFY,43,633.025,5,540.4717,4.5954,540.4726,4.5864,654.3402
8QFY,44,610.606,5,522.3341,7.4026,522.3369,7.4020,615.9927
8QFY,45,588.872,5,505.2719,6.4130,505.2791,6.4092,602.0938
8QFY,46,567.804,5,489.6386,8.0997,489.6390,8.0952,578.9018
8QFY,47,547.386,5,465.5219,13.4749,465.5309,13.4654,563.6837
8QFY,48,527.6,5,441.5490,7.0619,441.5293,7.0424,537.0108
8QFY,49,508.43,5,433.1063,3.2484,433.1070,3.2538,515.9211
8QFY,50,489.861,5,423.3987,12.4304,423.3993,12.4317,498.7751
8QFY,51,471.875,5,405.8083,6.7899,405.7914,6.7783,482.7697
8QFY,52,454.46,5,388.7363,5.9721,388.7342,5.9694,463.7080
8QFY,53,437.597,5,371.3449,1.7941,371.3576,1.7825,449.8735
8QFY,54,421.274,5,359.1857,6.9218,359.1839,6.9255,428.2390
8QFY,55,405.476,5,346.7355,4.4925,346.7514,4.4787,415.0887
8QFY,56,390.188,5,330.4859,6.0215,330.4856,6.0433,393.6089
8QFY,57,375.397,5,323.4466,2.3249,323.4586,2.3211,379.7306
8QFY,58,361.089,5,308.5008,5.5735,308.5110,5.5827,374.0354
8QFY,59,347.251,5,297.3533,7.8667,297.3691,7.8557,358.4417
8QFY,60,333.87,5,284.5703,6.8719,284.5745,6.8690,344.9910
8QFY,61,320.934,5,270.4526,4.3322,270.4486,4.3180,326.5695
8QFY,62,308.43,5,261.1368,2.4218,261.1391,2.4227,315.8456
8QFY,63,296.345,5,253.7033,3.0811,253.6988,3.0676,305.2890
8QFY,64,284.669,5,242.2087,3.6706,242.2220,3.6639,293.3751
8QFY,65,273.389,5,235.1464,9.0745,235.1522,9.0754,277.5453
8QFY,66,262.495,5,223.4669,5.1891,223.4838,5.1850,267.6231
8QFY,67,251.974,5,213.9420,2.4008,213.9421,2.3984,255.0222
8QFY,68,241.818,5,204.0142,5.3076,204.0004,5.2750,246.9803
8QFY,69,232.014,5,195.6625,1.6440,195.6583,1.6399,235.3518
8QFY,70,222.553,5,190.7148,2.2586,190.7211,2.2584,225.6602
8QFY,71,213.425,5,180.1186,4.8431,180.1139,4.8344,220.3289
8QFY,72,204.619,5,176.9765,2.9918,176.9869,2.9872,209.6232
8QFY,73,196.127,5,167.1111,2.8334,167.1127,2.8440,201.5710
8QFY,74,187.938,5,158.9965,2.0014,158.9974,1.9825,190.5954
8QFY,75,180.045,5,153.3223,2.3356,153.3270,2.3095,183.1779
8QFY,76,172.437,5,146.4692,2.2082,146.4802,2.2003,176.8091
8QFY,77,165.106,5,137.8538,3.7424,137.8543,3.7450,169.9888
8QFY,78,158.045,5,132.6948,2.0627,132.6971,2.0584,160.0375
8QFY,79,151.243,5,127.0337,3.5173,127.0352,3.5252,152.3025
8QFY,80,144.695,5,122.5726,2.2448,122.5794,2.2485,148.6009
8QFY,81,138.39,5,115.4589,2.5261,115.4498,2.5302,140.0446
8QFY,82,132.323,5,113.3028,2.4047,113.3149,2.4090,135.6446
8QFY,83,126.485,5,107.4373,1.6331,107.4423,1.6373,129.1649
8QFY,84,120.869,5,101.9653,2.0018,101.9565,1.9960,123.2974
8QFY,85,115.469,5,98.3421,1.6584,98.3425,1.6462,116.5517
8QFY,86,110.276,5,92.2182,1.8840,92.2314,1.9045,112.1182
8QFY,87,105.285,5,89.0121,1.1966,89.0307,1.1971,106.3194
8QFY,88,100.489,5,84.7700,1.1906,84.7784,1.1866,102.8742
8QFY,89,95.8813,5,81.0932,0.9713,81.0821,0.9703,98.6052
8QFY,90,91.4559,5,76.2343,1.2604,76.2414,1.2727,92.3370
8QFY,91,87.2068,5,73.4114,1.0801,73.4034,1.0802,87.0394
8QFY,92,83.1281,5,70.1792,0.9026,70.1707,0.9002,85.4904
8QFY,93,79.2139,5,66.4060,0.9111,66.4004,0.9254,80.2033
8QFY,94,75.4588,5,63.9076,0.5285,63.8986,0.5332,76.3741
8QFY,95,71.8574,5,59.8442,0.8094,59.8360,0.8254,73.0505
8QFY,96,68.4042,5,57.7716,0.9574,57.7761,0.9515,68.7495
8QFY,97,65.0944,5,54.7775,0.4945,54.7659,0.5022,67.2248
8QFY,98,61.9226,5,51.6572,0.7973,51.6525,0.8066,62.9674
8QFY,99,58.8844,5,50.1462,0.9594,50.1658,0.9657,59.3141
8QFY,100,55.9748,5,47.3930,0.8360,47.4109,0.8297,56.9271
8QFY,101,53.1893,5,44.0886,0.9382,44.0649,0.9496,54.2793
8QFY,102,50.5235,5,42.6608,0.8548,42.6704,0.8487,51.0493
8QFY,103,47.9731,5,39.7068,0.4387,39.7124,0.4141,48.3891
8QFY,104,45.5338,5,38.2263,0.2954,38.2369,0.2895,45.9717
8QFY,105,43.2016,5,36.2272,0.7903,36.2441,0.7901,43.6331
8QFY,106,40.9725,5,34.3274,0.8016,34.3345,0.7984,41.3898
8QFY,107,38.8428,5,32.2608,0.3636,32.2728,0.3517,39.5265
8QFY,108,36.8086,5,30.5546,0.6777,30.5606,0.6799,36.8820
8QFY,109,34.8665,5,29.4565,0.4786,29.4512,0.4964,35.3591
8QFY,110,33.0129,5,27.6783,0.7340,27.6832,0.7218,33.4732
8QFY,111,31.2443,5,25.6417,0.3695,25.6512,0.3694,31.2891
8QFY,112,29.5577,5,24.3009,0.7701,24.3042,0.7741,29.5442
8QFY,113,27.9497,5,23.2275,0.4212,23.2263,0.4063,27.9859
8QFY,114,26.4172,5,21.9026,0.6595,21.9021,0.6652,26.6598
8QFY,115,24.9573,5,20.8585,0.4288,20.8563,0.4231,25.3726
8QFY,116,23.5672,5,19.3581,0.3398,19.3529,0.3470,23.8150
8QFY,117,22.2439,5,18.4251,0.4183,18.4299,0.4109,22.2704
8QFY,118,20.9849,5,17.3803,0.2430,17.3790,0.2622,21.1087
8QFY,119,19.7874,5,16.3030,0.3723,16.3106,0.3691,20.0362
8QFY,120,18.649,5,15.3936,0.3988,15.3955,0.4019,18.7516
8QFY,121,17.5672,5,14.3743,0.3092,14.3893,0.3139,17.6435
8QFY,122,16.5396,5,13.6960,0.1193,13.7033,0.1201,16.8046
8QFY,123,15.564,5,12.8673,0.3404,12.8750,0.3499,15.4812
8QFY,124,14.6382,5,12.0903,0.3620,12.0909,0.3656,14.7355
8QFY,125,13.7599,5,11.2175,0.2430,11.2168,0.2532,13.7659
8QFY,126,12.9272,5,10.5890,0.1196,10.5727,0.0992,12.7624
8QFY,127,12.1381,5,9.9303,0.1599,9.9216,0.1628,12.0144
8QFY,128,11.3907,5,9.2725,0.1052,9.2864,0.1070,11.4370
8QFY,129,10.683,5,8.7033,0.2481,8.6787,0.2676,10.6414
8QFY,130,10.0134,5,8.1899,0.1420,8.1804,0.1523,10.1348
8QFY,131,9.38004,5,7.6395,0.0993,7.6456,0.0958,9.2868
8QFY,132,8.78137,5,7.1799,0.2557,7.1862,0.2669,8.7818
8QFY,133,8.21574,5,6.7795,0.1140,6.7798,0.1155,8.0434
8QFY,134,7.68164,5,6.2925,0.1191,6.3080,0.1083,7.7194
8QFY,135,7.17757,5,5.8865,0.1572,5.8956,0.1485,7.2368
8QFY,136,6.70213,5,5.4620,0.0540,5.4596,0.0552,6.7126
8QFY,137,6.25395,5,5.1186,0.0334,5.1448,0.0325,6.2785
8QFY,138,5.8317,5,4.7348,0.0968,4.7439,0.1201,5.7938
8QFY,139,5.43412,5,4.4539,0.1043,4.4589,0.0946,5.3993
8QFY,140,5.06001,5,4.1334,0.1076,4.1423,0.0777,4.9939
8QFY,141,4.7082,5,3.8623,0.0747,3.8874,0.0778,4.6749
8QFY,142,4.37757,5,3.5561,0.0581,3.5649,0.0422,4.3444
8QFY,143,4.06704,5,3.2734,0.0761,3.2714,0.0484,4.0849
8QFY,144,3.77558,5,3.0609,0.0240,3.0793,0.0174,3.7332
8QFY,145,3.50222,5,2.8116,0.0406,2.8386,0.0297,3.4205
8QFY,146,3.246,5,2.6726,0.0424,2.7113,0.0346,3.2457
8QFY,147,3.00601,5,2.4480,0.0242,2.4896,0.0395,2.9408
8QFY,148,2.7814,5,2.2883,0.0299,2.3285,0.0352,2.7838
8QFY,149,2.57133,5,2.1104,0.0433,2.1868,0.0518,2.5785
8QFY,150,2.37501,5,1.9413,0.0259,2.0187,0.0424,2.3605
8QFY,151,2.19168,5,1.7876,0.0291,1.8920,0.0436,2.1553
8QFY,152,2.02061,5,1.6194,0.0216,1.7270,0.0372,1.9933
8QFY,153,1.86112,5,1.4953,0.0312,1.5895,0.0164,1.8364
8QFY,154,1.71255,5,1.3834,0.0371,1.5264,0.0416,1.6889
8QFY,155,1.57426,5,1.2477,0.0204,1.4118,0.0565,1.5651
8QFY,156,1.44565,5,1.1553,0.0285,1.3355,0.0668,1.4192
8QFY,157,1.32616,5,1.0535,0.0257,1.2584,0.0906,1.2884
8QFY,158,1.21523,5,0.9750,0.0206,1.2045,0.0764,1.2202
8QFY,159,1.11236,5,0.8783,0.0175,1.1293,0.0824,1.0914
8QFY,160,1.01704,5,0.8037,0.0139,1.0745,0.0978,1.0139
8QFY,161,0.928804,5,0.6994,0.0122,0.9968,0.1042,0.1046
8QFY,162,0.847218,5,0.6076,0.0107,0.9326,0.1104,0.0921
8QFY,163,0.771854,5,0.5268,0.0094,0.8802,0.1159,0.0811
8QFY,164,0.702309,5,0.4559,0.0082,0.8378,0.1210,0.0713
8QFY,165,0.638207,5,0.3938,0.0072,0.8039,0.1252,0.0625
8QFY,166,0.579186,5,0.3394,0.0062,0.7773,0.1287,0.0548
8QFY,167,0.524908,5,0.2919,0.0054,0.7564,0.1315,0.0478
8QFY,168,0.475048,5,0.2506,0.0048,0.7403,0.1338,0.0417
8QFY,169,0.429305,5,0.2147,0.0042,0.7279,0.1354,0.0363
8QFY,170,0.38739,5,0.1836,0.0037,0.7185,0.1366,0.0315
8QFY,171,0.349033,5,0.1567,0.0032,0.7114,0.1376,0.0273
8QFY,172,0.313979,5,0.1334,0.0027,0.7062,0.1384,0.0237
8QFY,173,0.281986,5,0.1133,0.0024,0.7023,0.1390,0.0205
8QFY,174,0.252829,5,0.0961,0.0020,0.6994,0.1393,0.0176
8QFY,175,0.226295,5,0.0813,0.0016,0.6972,0.1396,0.0151
8QFY,176,0.202186,5,0.0687,0.0014,0.6957,0.1397,0.0130
8QFY,177,0.180312,5,0.0580,0.0012,0.6945,0.1399,0.0111
8QFY,178,0.160499,5,0.0488,0.0011,0.6936,0.1399,0.0095
8QFY,179,0.142582,5,0.0411,0.0009,0.6930,0.1400,0.0082
8QFY,180,0.126407,5,0.0345,0.0008,0.6926,0.1400,0.0070
8QFY,181,0.111832,5,0.0289,0.0007,0.6922,0.1401,0.0060
8QFY,182,0.0987208,5,0.0243,0.0007,0.6920,0.1401,0.0051
8QFY,183,0.0869503,5,0.0203,0.0006,0.6919,0.1401,0.0044
8QFY,184,0.0764038,5,0.0171,0.0005,0.6918,0.1402,0.0037
8QFY,185,0.0669735,5,0.0143,0.0004,0.6916,0.1402,0.0032
8QFY,186,0.0585587,5,0.0119,0.0004,0.6916,0.1402,0.0028
8QFY,187,0.0510671,5,0.0100,0.0004,0.6915,0.1402,0.0024
8QFY,188,0.0444124,5,0.0085,0.0003,0.6915,0.1402,0.0020
8QFY,189,0.0385154,5,0.0072,0.0003,0.6915,0.1402,0.0018
8QFY,190,0.0333026,5,0.0060,0.0003,0.6915,0.1402,0.0016
8QFY,191,0.0287066,5,0.0051,0.0003,0.6915,0.1402,0.0014
8QFY,192,0.0246654,5,0.0042,0.0003,0.6915,0.1402,0.0013
8QFY,193,0.021122,5,0.0036,0.0004,0.6915,0.1402,0.0012
8QFY,194,0.0180242,5,0.0029,0.0003,0.6915,0.1403,0.0011
8QFY,195,0.0153242,5,0.0024,0.0003,0.6915,0.1403,0.0010
8QFY,196,0.0129786,5,0.0019,0.0002,0.6915,0.1403,0.0010
8QFY,197,0.0109477,5,0.0015,0.0001,0.6916,0.1403,0.0009
8QFY,198,0.00919558,5,0.0011,0.0001,0.6916,0.1403,0.0008
8QFY,199,0.00768951,5,0.0007,0.0000,0.6916,0.1403,0.0007
8QFY,200,0.00640001,5,0.0000,0.0000,0.6916,0.1403,0.0007
8F5A,1,2485.54,5,2508.6783,45.3969,2508.7053,45.4233,
8F5A,2,2412.94,5,2141.9474,33.5399,2141.9632,33.5070,2602.6370
8F5A,3,2342.16,5,2055.1404,46.1620,2055.1574,46.1709,2428.3706
8F5A,4,2273.18,5,1958.3843,40.5243,1958.3918,40.4990,2339.4529
8F5A,5,2205.94,5,1916.8820,30.9343,1916.8788,30.9675,2251.0580
8F5A,6,2140.41,5,1870.4400,40.9372,1870.4691,40.9522,2190.2416
8F5A,7,2076.56,5,1800.9884,14.1038,1800.9860,14.0956,2143.2702
8F5A,8,2014.35,5,1761.6333,38.1677,1761.6337,38.1438,2099.1080
8F5A,9,1953.74,5,1676.0074,28.6843,1676.0269,28.6659,2025.8025
8F5A,10,1894.71,5,1647.6173,20.0925,1647.6180,20.0782,1951.3716
8F5A,11,1837.2,5,1626.4097,55.8405,1626.4294,55.7746,1896.0984
8F5A,12,1781.21,5,1550.0346,21.7827,1550.0035,21.7929,1844.6745
8F5A,13,1726.68,5,1496.7917,28.0129,1496.7370,28.0141,1803.0964
8F5A,14,1673.58,5,1471.0437,15.0569,1471.0377,15.0389,1734.5710
8F5A,15,1621.9,5,1412.1721,37.4640,1412.1841,37.4575,1674.7129
8F5A,16,1571.58,5,1366.5572,41.0174,1366.5216,41.0350,1627.5872
8F5A,17,1522.62,5,1332.2861,13.3194,1332.2422,13.3474,1578.1856
8F5A,18,1474.96,5,1277.5653,20.2670,1277.6099,20.2946,1524.7443
8F5A,19,1428.59,5,1210.3728,9.6485,1210.3547,9.6201,1473.3028
8F5A,20,1383.47,5,1200.5791,21.9820,1200.5732,21.9773,1416.5761
8F5A,21,1339.59,5,1167.3787,15.2728,1167.3669,15.2585,1380.0651
8F5A,22,1296.9,5,1112.8141,18.3691,1112.8123,18.3592,1309.4406
8F5A,23,1255.38,5,1089.6222,20.9203,1089.5686,20.9061,1283.3925
8F5A,24,1215,5,1043.7599,28.5117,1043.7563,28.4989,1248.0947
8F5A,25,1175.75,5,1018.2999,26.8024,1018.2863,26.8304,1193.9412
8F5A,26,1137.58,5,985.8610,14.0496,985.8572,14.0849,1176.3122
8F5A,27,1100.49,5,946.6236,10.8558,946.6341,10.8442,1131.5202
8F5A,28,1064.43,5,923.3645,12.0175,923.3508,11.9849,1090.1029
8F5A,29,1029.39,5,882.2524,10.0166,882.2939,10.0027,1029.3885
8F5A,30,995.349,5,858.9334,19.7651,858.9420,19.7783,1021.4106
8F5A,31,962.275,5,838.7734,25.9191,838.8217,25.8898,996.5832
8F5A,32,930.147,5,812.6414,24.4724,812.6580,24.4448,970.7469
8F5A,33,898.942,5,781.1326,8.4561,781.1350,8.4536,940.7196
8F5A,34,868.639,5,747.6353,12.6528,747.6594,12.6667,897.1930
8F5A,35,839.216,5,716.1749,10.8540,716.1199,10.8980,848.7915
8F5A,36,810.652,5,694.8929,13.0323,694.8830,13.0409,837.3571
8F5A,37,782.924,5,684.9357,14.4436,684.9642,14.4238,797.6235
8F5A,38,756.014,5,662.2646,10.7506,662.2467,10.7273,788.9050
8F5A,39,729.901,5,627.0479,17.6581,627.0534,17.6262,754.1188
8F5A,40,704.564,5,603.3362,15.2553,603.3994,15.2559,720.6536
8F5A,41,679.985,5,584.0508,6.6537,584.0449,6.6412,697.5304
8F5A,42,656.145,5,560.4564,12.6865,560.4041,12.7015,676.9847
8F5A,43,633.025,5,535.5096,8.2788,535.5247,8.2571,640.2716
8F5A,44,610.606,5,527.2360,5.4389,527.2605,5.4569,620.4502
8F5A,45,588.872,5,510.0863,7.9538,510.0937,7.9449,600.8091
8F5A,46,567.804,5,489.8519,15.1038,489.8591,15.1487,590.3370
8F5A,47,547.386,5,466.2646,13.7928,466.3088,13.7708,556.4889
8F5A,48,527.6,5,452.8482,3.5038,452.8315,3.4683,537.1882
8F5A,49,508.43,5,435.6872,13.2166,435.6894,13.1953,516.7162
8F5A,50,489.861,5,418.4859,10.3873,418.4792,10.3845,504.8004
8F5A,51,471.875,5,407.4934,9.0353,407.4995,9.0684,483.7781
8F5A,52,454.46,5,388.2994,6.9153,388.3181,6.8947,460.6557
8F5A,53,437.597,5,376.0511,8.8179,376.0634,8.7789,451.8890
8F5A,54,421.274,5,358.4169,5.6136,358.3922,5.6108,432.8597
8F5A,55,405.476,5,346.9308,5.9816,346.9266,6.0130,416.0145
8F5A,56,390.188,5,330.0413,3.9237,330.0113,3.8855,400.7356
8F5A,57,375.397,5,320.8440,5.1889,320.7907,5.1851,381.7462
8F5A,58,361.089,5,309.8438,6.2878,309.8444,6.2959,373.6110
8F5A,59,347.251,5,294.5787,6.7459,294.5469,6.7778,355.6646
8F5A,60,333.87,5,283.4752,5.0661,283.5021,5.0256,339.6123
8F5A,61,320.934,5,275.2187,6.2836,275.2276,6.2818,324.6841
8F5A,62,308.43,5,266.3643,7.9088,266.3659,7.8853,315.5420
8F5A,63,296.345,5,254.2084,4.3849,254.1840,4.3862,310.8519
8F5A,64,284.669,5,242.7018,3.5351,242.6987,3.5619,290.0656
8F5A,65,273.389,5,231.9442,3.9278,231.9508,3.9434,275.7381
8F5A,66,262.495,5,224.3553,3.0220,224.3763,3.0206,268.6526
8F5A,67,251.974,5,216.3981,5.7095,216.3791,5.7113,260.0477
8F5A,68,241.818,5,202.6641,5.9345,202.6774,5.9575,249.1513
8F5A,69,232.014,5,197.2730,1.2789,197.3280,1.2766,236.0727
8F5A,70,222.553,5,187.2158,3.3231,187.2292,3.3355,222.9832
8F5A,71,213.425,5,182.8950,4.6917,182.9109,4.7029,216.7299
8F5A,72,204.619,5,175.7964,3.6251,175.7996,3.6491,210.3116
8F5A,73,196.127,5,170.0074,0.7515,169.9490,0.7493,200.5200
8F5A,74,187.938,5,159.3434,3.7572,159.3337,3.7971,189.9696
8F5A,75,180.045,5,152.3755,2.3750,152.3777,2.3961,182.5911
8F5A,76,172.437,5,146.6807,3.6583,146.6806,3.6537,179.5933
8F5A,77,165.106,5,142.0991,3.8753,142.1451,3.8504,168.9691
8F5A,78,158.045,5,136.9493,1.3313,136.9423,1.3718,162.1454
8F5A,79,151.243,5,129.3055,1.9221,129.3013,1.9233,155.7916
8F5A,80,144.695,5,122.4205,2.9411,122.4354,2.9381,146.9741
8F5A,81,138.39,5,119.5949,1.2291,119.5871,1.2373,142.1465
8F5A,82,132.323,5,112.7568,3.2780,112.7695,3.2797,136.3503
8F5A,83,126.485,5,106.0854,1.8904,106.0772,1.8881,128.5539
8F5A,84,120.869,5,100.8304,1.3847,100.8428,1.3827,121.7894
8F5A,85,115.469,5,97.6257,1.2469,97.6397,1.2584,115.9719
8F5A,86,110.276,5,92.6268,1.4628,92.6269,1.4894,112.2152
8F5A,87,105.285,5,90.8837,1.6910,90.9024,1.6860,107.8481
8F5A,88,100.489,5,84.7721,1.0899,84.7869,1.0722,102.8370
8F5A,89,95.8813,5,80.5304,1.9276,80.5441,1.8663,97.4430
8F5A,90,91.4559,5,78.5937,1.0973,78.6244,1.1292,92.2182
8F5A,91,87.2068,5,74.0158,1.0358,74.0021,1.0204,89.2815
8F5A,92,83.1281,5,70.3169,1.1996,70.3256,1.1948,84.3122
8F5A,93,79.2139,5,66.6889,0.8562,66.6874,0.8817,81.1223
8F5A,94,75.4588,5,62.9795,1.5718,62.9817,1.5554,76.6510
8F5A,95,71.8574,5,58.8256,1.3787,58.8301,1.3912,71.6979
8F5A,96,68.4042,5,57.6144,1.0874,57.6130,1.0845,68.8882
8F5A,97,65.0944,5,55.8142,0.7663,55.8121,0.7495,66.8511
8F5A,98,61.9226,5,52.7158,0.6574,52.7444,0.6695,63.4924
8F5A,99,58.8844,5,48.9978,0.8010,49.0221,0.8187,59.7299
8F5A,100,55.9748,5,47.7174,0.2524,47.7184,0.2714,56.8351
8F5A,101,53.1893,5,44.6941,0.5215,44.6912,0.5353,54.4072
8F5A,102,50.5235,5,42.2594,0.7901,42.2713,0.7861,51.6092
8F5A,103,47.9731,5,39.4359,0.8545,39.4233,0.8294,48.4988
8F5A,104,45.5338,5,37.9680,0.1841,38.0369,0.1681,46.1892
8F5A,105,43.2016,5,35.7193,0.9870,35.7432,0.9852,43.0047
8F5A,106,40.9725,5,34.3764,0.9461,34.3786,0.9540,41.2983
8F5A,107,38.8428,5,32.9134,0.4734,32.9480,0.4605,39.5337
8F5A,108,36.8086,5,31.1794,0.2166,31.2073,0.2069,37.3382
8F5A,109,34.8665,5,29.4063,0.4847,29.4669,0.4832,35.2450
8F5A,110,33.0129,5,27.1135,0.2526,27.1356,0.3036,33.3975
8F5A,111,31.2443,5,25.8166,0.2664,25.8248,0.3259,31.3291
8F5A,112,29.5577,5,24.5152,0.3681,24.5085,0.3773,29.6930
8F5A,113,27.9497,5,23.0927,0.3631,23.0937,0.3470,28.3042
8F5A,114,26.4172,5,22.0928,0.4856,22.1417,0.4867,26.8033
8F5A,115,24.9573,5,20.6369,0.4829,20.6839,0.4855,25.1892
8F5A,116,23.5672,5,19.5673,0.4206,19.6245,0.3286,23.9636
8F5A,117,22.2439,5,17.8552,0.3262,17.9344,0.3695,22.3647
8F5A,118,20.9849,5,17.3836,0.2968,17.4382,0.3363,20.8407
8F5A,119,19.7874,5,16.4322,0.3809,16.4319,0.3709,19.8583
8F5A,120,18.649,5,15.2530,0.3560,15.2429,0.3652,18.6079
8F5A,121,17.5672,5,14.5930,0.3316,14.6057,0.2936,17.6431
8F5A,122,16.5396,5,13.7401,0.2412,13.7655,0.1862,16.7760
8F5A,123,15.564,5,12.8893,0.1410,12.9108,0.1733,15.4997
8F5A,124,14.6382,5,12.1740,0.2760,12.2183,0.3098,14.9186
8F5A,125,13.7599,5,11.2718,0.2936,11.3638,0.3199,13.7591
8F5A,126,12.9272,5,10.7919,0.1270,10.9168,0.2090,13.0847
8F5A,127,12.1381,5,9.9232,0.3342,10.0696,0.3942,12.1561
8F5A,128,11.3907,5,9.2631,0.1367,9.4424,0.1357,11.2559
8F5A,129,10.683,5,8.7576,0.1904,8.9402,0.1147,10.6435
8F5A,130,10.0134,5,8.2540,0.1836,8.3794,0.2033,9.9515
8F5A,131,9.38004,5,7.7565,0.1036,7.9188,0.0899,9.3578
8F5A,132,8.78137,5,7.1880,0.0753,7.4054,0.1114,8.8798
8F5A,133,8.21574,5,6.8045,0.1236,7.0085,0.2217,8.1795
8F5A,134,7.68164,5,6.4402,0.1761,6.6462,0.1045,7.6993
8F5A,135,7.17757,5,5.9494,0.1220,6.2035,0.2354,7.1658
8F5A,136,6.70213,5,5.5794,0.1455,5.8861,0.1585,6.6713
8F5A,137,6.25395,5,5.2009,0.0411,5.4262,0.1791,6.2032
8F5A,138,5.8317,5,4.9416,0.1458,5.2242,0.1624,5.8270
8F5A,139,5.43412,5,4.4546,0.0666,4.7664,0.1145,5.4719
8F5A,140,5.06001,5,4.1851,0.0688,4.4945,0.1189,5.0738
8F5A,141,4.7082,5,3.8463,0.0539,4.1769,0.1471,4.6878
8F5A,142,4.37757,5,3.5113,0.0467,3.8437,0.1803,4.3315
8F5A,143,4.06704,5,3.3589,0.0445,3.7873,0.1799,4.0858
8F5A,144,3.77558,5,3.1364,0.0874,3.5914,0.1601,3.7573
8F5A,145,3.50222,5,2.8522,0.0439,3.3427,0.1795,3.5360
8F5A,146,3.246,5,2.6533,0.0418,3.2221,0.2187,3.1557
8F5A,147,3.00601,5,2.4586,0.0262,3.0860,0.1651,2.9997
8F5A,148,2.7814,5,2.2956,0.0174,2.9346,0.0752,2.7932
8F5A,149,2.57133,5,2.1217,0.0632,2.8264,0.1412,2.5919
8F5A,150,2.37501,5,1.9392,0.0152,2.6449,0.1701,2.3243
8F5A,151,2.19168,5,1.7972,0.0388,2.5889,0.1750,2.1840
8F5A,152,2.02061,5,1.6506,0.0232,2.5186,0.1595,2.0025
8F5A,153,1.86112,5,1.5338,0.0192,2.4265,0.1651,1.8316
8F5A,154,1.71255,5,1.3966,0.0156,2.3711,0.1942,1.7127
8F5A,155,1.57426,5,1.2891,0.0161,2.3323,0.1704,1.5896
8F5A,156,1.44565,5,1.1922,0.0173,2.2885,0.1585,1.4428
8F5A,157,1.32616,5,1.0684,0.0334,2.2226,0.1801,1.3257
8F5A,158,1.21523,5,0.9901,0.0172,2.1866,0.1846,1.2051
8F5A,159,1.11236,5,0.8881,0.0150,2.1335,0.1866,1.1082
8F5A,160,1.01704,5,0.7912,0.0153,2.0769,0.1797,1.0188
8F5A,161,0.928804,5,0.6882,0.0135,2.0406,0.1854,0.1033
8F5A,162,0.847218,5,0.5976,0.0117,2.0126,0.1902,0.0909
8F5A,163,0.771854,5,0.5178,0.0102,1.9911,0.1943,0.0801
8F5A,164,0.702309,5,0.4478,0.0088,1.9747,0.1976,0.0703
8F5A,165,0.638207,5,0.3865,0.0076,1.9624,0.2004,0.0616
8F5A,166,0.579186,5,0.3329,0.0066,1.9531,0.2026,0.0539
8F5A,167,0.524908,5,0.2861,0.0058,1.9462,0.2046,0.0471
8F5A,168,0.475048,5,0.2454,0.0051,1.9412,0.2061,0.0410
8F5A,169,0.429305,5,0.2100,0.0044,1.9375,0.2074,0.0357
8F5A,170,0.38739,5,0.1793,0.0038,1.9349,0.2084,0.0310
8F5A,171,0.349033,5,0.1528,0.0033,1.9332,0.2092,0.0268
8F5A,172,0.313979,5,0.1300,0.0028,1.9319,0.2099,0.0232
8F5A,173,0.281986,5,0.1104,0.0024,1.9310,0.2105,0.0200
8F5A,174,0.252829,5,0.0935,0.0020,1.9305,0.2110,0.0172
8F5A,175,0.226295,5,0.0791,0.0018,1.9301,0.2113,0.0148
8F5A,176,0.202186,5,0.0668,0.0015,1.9299,0.2116,0.0127
8F5A,177,0.180312,5,0.0563,0.0012,1.9298,0.2119,0.0108
8F5A,178,0.160499,5,0.0474,0.0010,1.9298,0.2121,0.0093
8F5A,179,0.142582,5,0.0399,0.0008,1.9298,0.2122,0.0079
8F5A,180,0.126407,5,0.0335,0.0006,1.9298,0.2123,0.0068
8F5A,181,0.111832,5,0.0281,0.0005,1.9298,0.2125,0.0058
8F5A,182,0.0987208,5,0.0236,0.0005,1.9299,0.2126,0.0050
8F5A,183,0.0869503,5,0.0198,0.0005,1.9300,0.2126,0.0042
8F5A,184,0.0764038,5,0.0165,0.0005,1.9300,0.2127,0.0037
8F5A,185,0.0669735,5,0.0139,0.0005,1.9301,0.2127,0.0031
8F5A,186,0.0585587,5,0.0116,0.0004,1.9302,0.2128,0.0027
8F5A,187,0.0510671,5,0.0098,0.0004,1.9302,0.2128,0.0023
8F5A,188,0.0444124,5,0.0082,0.0003,1.9303,0.2128,0.0020
8F5A,189,0.0385154,5,0.0069,0.0003,1.9303,0.2129,0.0018
8F5A,190,0.0333026,5,0.0058,0.0002,1.9303,0.2129,0.0016
8F5A,191,0.0287066,5,0.0048,0.0002,1.9304,0.2129,0.0014
8F5A,192,0.0246654,5,0.0040,0.0002,1.9304,0.2129,0.0013
8F5A,193,0.021122,5,0.0033,0.0001,1.9304,0.2129,0.0012
8F5A,194,0.0180242,5,0.0027,0.0001,1.9305,0.2129,0.0011
8F5A,195,0.0153242,5,0.0023,0.0001,1.9305,0.2129,0.0010
8F5A,196,0.0129786,5,0.0018,0.0001,1.9305,0.2128,0.0009
8F5A,197,0.0109477,5,0.0014,0.0001,1.9305,0.2129,0.0009
8F5A,198,0.00919558,5,0.0011,0.0001,1.9305,0.2129,0.0008
8F5A,199,0.00768951,5,0.0007,0.0000,1.9306,0.2128,0.0007
8F5A,200,0.00640001,5,0.0000,0.0000,1.9305,0.2128,0.0007
8YE4,1,2485.54,5,2473.9363,36.2872,2473.9364,36.3065,
8YE4,2,2412.94,5,2136.9718,37.3823,2136.9535,37.4486,2576.6923
8YE4,3,2342.16,5,2023.0346,28.1435,2023.0319,28.1621,2405.5230
8YE4,4,2273.18,5,1927.1087,29.9880,1927.0923,29.9733,2299.1297
8YE4,5,2205.94,5,1917.6621,27.9179,1917.6281,27.9468,2236.8431
8YE4,6,2140.41,5,1876.1563,19.9932,1876.1613,19.9777,2199.8615
8YE4,7,2076.56,5,1815.1189,38.1669,1815.0810,38.1198,2142.6490
8YE4,8,2014.35,5,1780.1993,28.2491,1780.1646,28.2234,2095.2964
8YE4,9,1953.74,5,1721.4455,24.5105,1721.4296,24.5296,2010.3808
8YE4,10,1894.71,5,1673.7183,28.5170,1673.7215,28.5218,1971.5668
8YE4,11,1837.2,5,1583.8396,41.8971,1583.8079,41.8941,1892.5957
8YE4,12,1781.21,5,1522.1949,28.8235,1522.1773,28.7957,1836.7523
8YE4,13,1726.68,5,1502.3996,30.5597,1502.4047,30.6434,1761.6162
8YE4,14,1673.58,5,1467.7764,13.1792,1467.7925,13.2477,1721.9955
8YE4,15,1621.9,5,1418.2945,18.2580,1418.3192,18.2672,1684.1599
8YE4,16,1571.58,5,1362.7752,17.6400,1362.7368,17.6277,1614.5777
8YE4,17,1522.62,5,1317.4979,27.8130,1317.5002,27.8466,1550.1567
8YE4,18,1474.96,5,1273.6707,23.0945,1273.6867,23.1046,1520.3047
8YE4,19,1428.59,5,1253.0744,24.1397,1253.0679,24.1450,1463.4634
8YE4,20,1383.47,5,1189.3337,25.9335,1189.3009,25.9564,1431.8771
8YE4,21,1339.59,5,1151.7939,27.0619,1151.7934,27.0980,1372.1312
8YE4,22,1296.9,5,1109.1198,12.1027,1109.1245,12.0926,1337.3700
8YE4,23,1255.38,5,1082.0095,20.3555,1082.0570,20.3737,1270.9999
8YE4,24,1215,5,1036.5090,19.2293,1036.4986,19.2242,1254.1492
8YE4,25,1175.75,5,1026.7144,3.3180,1026.7013,3.2971,1183.5776
8YE4,26,1137.58,5,990.9725,10.5425,990.9952,10.5227,1173.9301
8YE4,27,1100.49,5,946.3283,11.2358,946.2512,11.2574,1131.8612
8YE4,28,1064.43,5,910.1368,16.1907,910.1245,16.1328,1090.5143
8YE4,29,1029.39,5,889.2313,13.5874,889.2101,13.5980,1060.0895
8YE4,30,995.349,5,872.1920,15.9998,872.1746,15.9783,1025.9851
8YE4,31,962.275,5,831.9131,13.2478,831.9246,13.2414,990.9732
8YE4,32,930.147,5,789.0000,24.1028,789.0134,24.1150,962.2417
8YE4,33,898.942,5,776.5870,12.8942,776.5471,12.9133,907.7854
8YE4,34,868.639,5,749.2957,20.9495,749.2059,20.9596,884.5607
8YE4,35,839.216,5,730.5709,12.3222,730.5220,12.3623,864.3851
8YE4,36,810.652,5,701.6959,10.4954,701.7042,10.4782,832.9674
8YE4,37,782.924,5,670.5844,6.1430,670.5482,6.1258,800.8242
8YE4,38,756.014,5,654.7116,5.1652,654.7114,5.1904,780.7469
8YE4,39,729.901,5,634.2515,8.9889,634.2517,8.9632,752.4759
8YE4,40,704.564,5,609.2176,6.6440,609.2276,6.6329,731.0758
8YE4,41,679.985,5,577.7125,13.8586,577.7509,13.8970,699.4876
8YE4,42,656.145,5,558.7011,10.0822,558.6964,10.1137,665.9885
8YE4,43,633.025,5,545.2254,8.4016,545.2079,8.3905,649.2810
8YE4,44,610.606,5,519.5805,7.2663,519.5990,7.2409,632.3700
8YE4,45,588.872,5,511.0849,9.7575,511.0278,9.8004,603.0789
8YE4,46,567.804,5,490.3759,8.1839,490.3501,8.2134,586.8064
8YE4,47,547.386,5,466.8470,7.6573,466.8065,7.6452,553.5732
8YE4,48,527.6,5,456.1355,7.5919,456.1019,7.5621,545.7053
8YE4,49,508.43,5,436.7239,12.0847,436.6772,12.1185,523.5424
8YE4,50,489.861,5,418.9683,4.2702,419.0014,4.2659,500.0243
8YE4,51,471.875,5,401.5092,6.9427,401.5194,6.9521,478.6451
8YE4,52,454.46,5,389.5504,7.1488,389.5739,7.1589,466.1180
8YE4,53,437.597,5,377.4732,7.5809,377.4646,7.5976,447.7540
8YE4,54,421.274,5,363.8452,4.4270,363.8710,4.4723,428.4617
8YE4,55,405.476,5,343.8410,3.1045,343.8055,3.0551,415.2704
8YE4,56,390.188,5,327.4287,3.8380,327.4187,3.8593,393.9346
8YE4,57,375.397,5,319.4431,6.0499,319.4323,6.0923,380.4788
8YE4,58,361.089,5,306.7666,5.6769,306.7669,5.6920,364.6493
8YE4,59,347.251,5,293.9505,3.2585,293.9418,3.2157,356.8142
8YE4,60,333.87,5,283.9626,6.6190,284.0025,6.6262,340.9826
8YE4,61,320.934,5,273.7624,4.7518,273.7736,4.7653,329.9057
8YE4,62,308.43,5,263.0944,3.2622,263.0814,3.2357,316.7094
8YE4,63,296.345,5,248.6251,1.4317,248.6308,1.4379,301.0364
8YE4,64,284.669,5,240.0257,3.3985,240.0286,3.4094,287.2945
8YE4,65,273.389,5,234.9516,4.5202,234.9055,4.5202,278.7716
8YE4,66,262.495,5,220.5826,3.6030,220.4930,3.5912,268.5770
8YE4,67,251.974,5,216.5567,3.7813,216.5492,3.7862,256.3640
8YE4,68,241.818,5,207.3741,4.3378,207.3745,4.3509,247.8757
8YE4,69,232.014,5,194.7887,4.9544,194.7897,4.9753,235.0945
8YE4,70,222.553,5,188.6929,4.9270,188.7051,4.9339,224.0071
8YE4,71,213.425,5,183.2908,4.4588,183.2956,4.4592,217.7810
8YE4,72,204.619,5,173.9991,4.3332,173.9572,4.2743,212.0542
8YE4,73,196.127,5,165.1630,2.7942,165.1894,2.7992,197.4293
8YE4,74,187.938,5,161.7387,3.1131,161.7148,3.1368,192.9450
8YE4,75,180.045,5,154.6676,1.6992,154.6816,1.7190,184.9391
8YE4,76,172.437,5,146.7499,2.4961,146.8082,2.5122,177.4216
8YE4,77,165.106,5,141.6432,2.0736,141.7041,2.0538,169.6923
8YE4,78,158.045,5,134.2798,1.9920,134.3104,1.9171,162.5310
8YE4,79,151.243,5,129.5369,2.3397,129.5496,2.3000,154.6532
8YE4,80,144.695,5,123.7766,3.9970,123.7807,4.0132,147.1557
8YE4,81,138.39,5,118.0051,1.3636,118.0365,1.3675,142.7425
8YE4,82,132.323,5,112.0977,1.8554,112.0717,1.8839,135.4345
8YE4,83,126.485,5,105.9253,2.3001,105.8709,2.2500,127.7221
8YE4,84,120.869,5,101.2172,1.8064,101.1885,1.7517,122.3920
8YE4,85,115.469,5,98.9363,2.1506,98.9498,2.1532,116.6619
8YE4,86,110.276,5,93.0189,1.5243,93.0226,1.5495,113.5012
8YE4,87,105.285,5,89.1287,1.9787,89.1099,1.9665,107.4480
8YE4,88,100.489,5,85.0156,0.1544,85.0224,0.2224,101.5819
8YE4,89,95.8813,5,81.2989,1.7868,81.3147,1.8102,97.6150
8YE4,90,91.4559,5,77.0559,1.9236,77.0408,1.9398,92.3260
8YE4,91,87.2068,5,74.0206,1.0407,74.0156,0.9764,88.4328
8YE4,92,83.1281,5,69.7127,0.8885,69.7368,0.8087,83.6967
8YE4,93,79.2139,5,66.8087,1.0347,66.8506,1.0679,80.9764
8YE4,94,75.4588,5,62.4485,1.2059,62.5158,1.2422,76.0211
8YE4,95,71.8574,5,60.0800,1.2072,60.1244,1.1474,72.3120
8YE4,96,68.4042,5,57.2030,0.6611,57.2283,0.6364,69.5229
8YE4,97,65.0944,5,53.4684,0.5870,53.4874,0.5790,64.9406
8YE4,98,61.9226,5,52.1386,1.6792,52.2064,1.7044,63.3030
8YE4,99,58.8844,5,50.0021,0.9273,50.0141,0.8984,60.5106
8YE4,100,55.9748,5,47.1959,0.5585,47.2711,0.5367,57.6801
8YE4,101,53.1893,5,43.6266,0.3383,43.6780,0.3288,53.6069
8YE4,102,50.5235,5,41.1888,0.3953,41.2439,0.3997,49.8386
8YE4,103,47.9731,5,39.2951,0.8900,39.3255,0.8773,47.3987
8YE4,104,45.5338,5,37.6605,0.5363,37.7110,0.5302,44.7596
8YE4,105,43.2016,5,35.5489,0.8779,35.6024,0.8904,43.0325
8YE4,106,40.9725,5,34.1706,0.6737,34.1728,0.6840,41.4629
8YE4,107,38.8428,5,31.9983,1.0968,32.0495,1.0990,38.7159
8YE4,108,36.8086,5,30.3011,1.0009,30.3794,0.9920,36.6885
8YE4,109,34.8665,5,28.7159,0.5611,28.8568,0.5093,35.2204
8YE4,110,33.0129,5,27.6237,0.4558,27.7473,0.4022,33.3434
8YE4,111,31.2443,5,26.1945,0.7670,26.2273,0.7544,31.5917
8YE4,112,29.5577,5,24.2740,0.6858,24.3839,0.7195,30.0876
8YE4,113,27.9497,5,23.0687,0.3318,23.1831,0.3728,27.9533
8YE4,114,26.4172,5,21.8962,0.5609,21.9365,0.5448,26.5654
8YE4,115,24.9573,5,20.9030,0.4071,20.9371,0.3808,25.3323
8YE4,116,23.5672,5,19.6185,0.2796,19.7044,0.2596,23.8615
8YE4,117,22.2439,5,18.5265,0.2801,18.6234,0.3365,22.5483
8YE4,118,20.9849,5,17.2263,0.4459,17.3411,0.4182,21.0123
8YE4,119,19.7874,5,16.5025,0.3052,16.6206,0.4010,19.8977
8YE4,120,18.649,5,15.3257,0.2218,15.4269,0.1352,18.6741
8YE4,121,17.5672,5,14.5738,0.2417,14.6923,0.2743,17.5719
8YE4,122,16.5396,5,13.7660,0.2073,13.8558,0.1802,16.7303
8YE4,123,15.564,5,12.9125,0.3667,13.0200,0.2776,15.7777
8YE4,124,14.6382,5,12.0604,0.2619,12.1865,0.2002,14.6604
8YE4,125,13.7599,5,11.4451,0.2336,11.5876,0.1720,13.7895
8YE4,126,12.9272,5,10.7513,0.1912,10.9087,0.2237,13.1752
8YE4,127,12.1381,5,10.0122,0.0890,10.2355,0.1587,12.0479
8YE4,128,11.3907,5,9.3784,0.1233,9.5977,0.1291,11.6601
8YE4,129,10.683,5,8.7465,0.2237,8.9779,0.2198,10.6856
8YE4,130,10.0134,5,8.0560,0.0982,8.3007,0.1729,9.9117
8YE4,131,9.38004,5,7.7175,0.2328,8.0649,0.3312,9.3929
8YE4,132,8.78137,5,7.2196,0.1695,7.5507,0.3192,8.8650
8YE4,133,8.21574,5,6.7693,0.1323,7.1020,0.1932,8.1037
8YE4,134,7.68164,5,6.3713,0.1458,6.7123,0.2411,7.6631
8YE4,135,7.17757,5,5.8997,0.1259,6.2939,0.2514,7.2534
8YE4,136,6.70213,5,5.5134,0.0998,5.9367,0.2299,6.7271
8YE4,137,6.25395,5,5.0842,0.0598,5.5312,0.1916,6.2746
8YE4,138,5.8317,5,4.7131,0.0557,5.2179,0.2143,5.8007
8YE4,139,5.43412,5,4.4752,0.0557,5.0147,0.1940,5.4502
8YE4,140,5.06001,5,4.2070,0.0523,4.7183,0.2234,5.1271
8YE4,141,4.7082,5,3.9219,0.0774,4.5164,0.2324,4.7065
8YE4,142,4.37757,5,3.6200,0.0733,4.3039,0.2563,4.3962
8YE4,143,4.06704,5,3.3199,0.0458,4.0406,0.2553,4.0298
8YE4,144,3.77558,5,3.0928,0.0287,3.9130,0.3493,3.7502
8YE4,145,3.50222,5,2.8526,0.0673,3.7097,0.3134,3.4275
8YE4,146,3.246,5,2.6811,0.0703,3.5699,0.3145,3.1950
8YE4,147,3.00601,5,2.4932,0.0697,3.3649,0.3137,3.0244
8YE4,148,2.7814,5,2.3231,0.0306,3.2676,0.3580,2.7503
8YE4,149,2.57133,5,2.1531,0.0726,3.1812,0.4341,2.5772
8YE4,150,2.37501,5,1.9696,0.0277,3.0729,0.4686,2.3421
8YE4,151,2.19168,5,1.8089,0.0281,2.9781,0.4680,2.1881
8YE4,152,2.02061,5,1.6749,0.0616,2.8702,0.4383,2.0129
8YE4,153,1.86112,5,1.5522,0.0358,2.7693,0.4312,1.8220
8YE4,154,1.71255,5,1.4090,0.0305,2.6881,0.4541,1.7191
8YE4,155,1.57426,5,1.2838,0.0243,2.6273,0.4716,1.5399
8YE4,156,1.44565,5,1.1707,0.0163,2.5503,0.4510,1.4354
8YE4,157,1.32616,5,1.0712,0.0299,2.4755,0.4581,1.3049
8YE4,158,1.21523,5,0.9960,0.0132,2.4453,0.4662,1.1948
8YE4,159,1.11236,5,0.8808,0.0191,2.3898,0.4651,1.1115
8YE4,160,1.01704,5,0.7997,0.0131,2.3878,0.4590,1.0042
8YE4,161,0.928804,5,0.6959,0.0114,2.3559,0.4660,0.1041
8YE4,162,0.847218,5,0.6044,0.0098,2.3313,0.4716,0.0918
8YE4,163,0.771854,5,0.5239,0.0086,2.3126,0.4758,0.0808
8YE4,164,0.702309,5,0.4531,0.0074,2.2984,0.4790,0.0710
8YE4,165,0.638207,5,0.3912,0.0065,2.2879,0.4815,0.0622
8YE4,166,0.579186,5,0.3370,0.0056,2.2802,0.4833,0.0545
8YE4,167,0.524908,5,0.2897,0.0048,2.2746,0.4845,0.0476
8YE4,168,0.475048,5,0.2485,0.0042,2.2705,0.4855,0.0415
8YE4,169,0.429305,5,0.2127,0.0036,2.2676,0.4862,0.0361
8YE4,170,0.38739,5,0.1816,0.0032,2.2657,0.4867,0.0313
8YE4,171,0.349033,5,0.1548,0.0029,2.2643,0.4870,0.0271
8YE4,172,0.313979,5,0.1317,0.0025,2.2635,0.4873,0.0234
8YE4,173,0.281986,5,0.1118,0.0022,2.2630,0.4874,0.0202
8YE4,174,0.252829,5,0.0946,0.0020,2.2627,0.4875,0.0175
8YE4,175,0.226295,5,0.0800,0.0018,2.2625,0.4876,0.0150
8YE4,176,0.202186,5,0.0675,0.0016,2.2625,0.4875,0.0129
8YE4,177,0.180312,5,0.0569,0.0015,2.2625,0.4876,0.0110
8YE4,178,0.160499,5,0.0479,0.0013,2.2626,0.4876,0.0094
8YE4,179,0.142582,5,0.0402,0.0012,2.2627,0.4876,0.0080
8YE4,180,0.126407,5,0.0338,0.0011,2.2629,0.4876,0.0068
8YE4,181,0.111832,5,0.0283,0.0010,2.2630,0.4875,0.0058
8YE4,182,0.0987208,5,0.0238,0.0008,2.2631,0.4875,0.0050
8YE4,183,0.0869503,5,0.0199,0.0007,2.2633,0.4875,0.0042
8YE4,184,0.0764038,5,0.0167,0.0006,2.2634,0.4875,0.0037
8YE4,185,0.0669735,5,0.0140,0.0005,2.2635,0.4875,0.0031
8YE4,186,0.0585587,5,0.0118,0.0005,2.2636,0.4875,0.0027
8YE4,187,0.0510671,5,0.0099,0.0004,2.2637,0.4874,0.0023
8YE4,188,0.0444124,5,0.0084,0.0003,2.2638,0.4874,0.0020
8YE4,189,0.0385154,5,0.0071,0.0003,2.2639,0.4874,0.0018
8YE4,190,0.0333026,5,0.0060,0.0002,2.2639,0.4874,0.0016
8YE4,191,0.0287066,5,0.0050,0.0002,2.2640,0.4874,0.0014
8YE4,192,0.0246654,5,0.0042,0.0001,2.2640,0.4874,0.0013
8YE4,193,0.021122,5,0.0035,0.0001,2.2641,0.4874,0.0012
8YE4,194,0.0180242,5,0.0029,0.0001,2.2641,0.4874,0.0011
8YE4,195,0.0153242,5,0.0024,0.0000,2.2641,0.4873,0.0010
8YE4,196,0.0129786,5,0.0019,0.0001,2.2642,0.4873,0.0009
8YE4,197,0.0109477,5,0.0015,0.0001,2.2642,0.4873,0.0009
8YE4,198,0.00919558,5,0.0011,0.0001,2.2642,0.4873,0.0009
8YE4,199,0.00768951,5,0.0007,0.0000,2.2642,0.4873,0.0008
8YE4,200,0.00640001,5,0.0000,0.0000,2.2642,0.4873,0.0007
8RYM,1,2485.54,5,2446.5205,45.0016,2446.5038,44.9463,
8RYM,2,2412.94,5,2155.8607,33.2690,2155.8452,33.2929,2618.9341
8RYM,3,2342.16,5,2045.6846,33.5173,2045.6687,33.4937,2432.2733
8RYM,4,2273.18,5,1993.4183,31.0115,1993.4351,30.9686,2344.4786
8RYM,5,2205.94,5,1899.3825,31.3807,1899.4145,31.4329,2287.2994
8RYM,6,2140.41,5,1868.0954,23.7301,1868.1178,23.7710,2210.7045
8RYM,7,2076.56,5,1824.7603,18.1798,1824.7315,18.2112,2155.9261
8RYM,8,2014.35,5,1767.8656,44.2230,1767.8600,44.1881,2073.3998
8RYM,9,1953.74,5,1700.0280,24.2806,1700.0745,24.3270,1999.2069
8RYM,10,1894.71,5,1642.5789,35.5770,1642.6126,35.5623,1954.9101
8RYM,11,1837.2,5,1603.6002,18.0955,1603.5981,18.1007,1860.4090
8RYM,12,1781.21,5,1530.4679,41.7328,1530.4692,41.6916,1797.3936
8RYM,13,1726.68,5,1505.4479,37.0314,1505.4236,37.0171,1786.5417
8RYM,14,1673.58,5,1443.3468,43.0779,1443.3568,43.0925,1709.0032
8RYM,15,1621.9,5,1406.9650,43.7884,1406.9116,43.7431,1669.8338
8RYM,16,1571.58,5,1360.6403,26.0390,1360.6511,26.0133,1614.9019
8RYM,17,1522.62,5,1321.6389,29.9604,1321.6177,29.9627,1561.2170
8RYM,18,1474.96,5,1283.7515,14.3481,1283.7319,14.3903,1531.3153
8RYM,19,1428.59,5,1247.5823,23.0436,1247.5802,23.0157,1461.1854
8RYM,20,1383.47,5,1190.8684,15.5572,1190.8916,15.6353,1404.7485
8RYM,21,1339.59,5,1155.2648,32.4507,1155.3040,32.4944,1349.7902
8RYM,22,1296.9,5,1142.1439,19.2391,1142.2213,19.2633,1341.3282
8RYM,23,1255.38,5,1096.6672,19.0535,1096.6283,19.0806,1290.8700
8RYM,24,1215,5,1057.4749,7.7430,1057.4715,7.7786,1253.3589
8RYM,25,1175.75,5,1001.5744,9.7029,1001.5485,9.6988,1199.8813
8RYM,26,1137.58,5,993.0375,13.5672,993.0756,13.6097,1176.9658
8RYM,27,1100.49,5,940.9403,19.3261,941.0523,19.2591,1128.0392
8RYM,28,1064.43,5,932.0179,14.8811,932.0294,14.8534,1081.2469
8RYM,29,1029.39,5,909.9888,23.9959,910.0112,23.8751,1064.0332
8RYM,30,995.349,5,849.5729,15.6517,849.5888,15.5779,1013.4679
8RYM,31,962.275,5,834.7131,20.9659,834.7332,20.9424,989.7537
8RYM,32,930.147,5,803.3115,13.7686,803.3202,13.7864,943.7438
8RYM,33,898.942,5,783.9951,23.7995,784.0143,23.7714,933.7286
8RYM,34,868.639,5,752.3088,15.8341,752.2994,15.8329,899.9877
8RYM,35,839.216,5,724.8003,16.4800,724.7522,16.5055,861.7668
8RYM,36,810.652,5,697.1439,8.2636,697.1511,8.2903,821.0602
8RYM,37,782.924,5,670.9191,18.3155,670.9037,18.3314,804.7353
8RYM,38,756.014,5,653.8545,5.0935,653.8521,5.0696,774.4498
8RYM,39,729.901,5,624.6955,7.2182,624.6581,7.1799,753.7504
8RYM,40,704.564,5,599.7226,5.3255,599.6787,5.2768,717.7687
8RYM,41,679.985,5,585.0805,10.5073,585.0620,10.5428,688.5123
8RYM,42,656.145,5,568.0343,4.4407,568.0389,4.4604,670.8153
8RYM,43,633.025,5,535.1032,3.9550,535.1072,3.9584,646.3263
8RYM,44,610.606,5,522.4572,6.0130,522.4582,5.9738,614.2531
8RYM,45,588.872,5,510.5235,10.4070,510.4640,10.3760,606.9065
8RYM,46,567.804,5,486.9723,6.5363,486.8980,6.5385,581.5679
8RYM,47,547.386,5,470.3382,8.2008,470.3446,8.1867,562.2119
8RYM,48,527.6,5,454.8571,6.8714,454.8760,6.8827,538.5364
8RYM,49,508.43,5,438.0840,8.3939,438.1145,8.3886,520.7162
8RYM,50,489.861,5,419.4347,10.5784,419.3772,10.5585,497.2668
8RYM,51,471.875,5,402.6202,4.5173,402.6187,4.5389,483.3346
8RYM,52,454.46,5,389.5935,3.8401,389.5223,3.8247,464.1288
8RYM,53,437.597,5,379.1664,5.9883,379.1744,5.9475,450.5682
8RYM,54,421.274,5,365.5220,5.0740,365.4830,5.0958,428.2226
8RYM,55,405.476,5,351.9276,4.2324,351.9032,4.2798,415.8009
8RYM,56,390.188,5,335.8342,5.8822,335.8004,5.8823,400.1367
8RYM,57,375.397,5,325.0477,5.3933,325.0278,5.4386,385.6999
8RYM,58,361.089,5,314.1159,4.3120,314.1845,4.2695,369.7209
8RYM,59,347.251,5,297.9087,6.1035,297.8983,6.1081,354.0121
8RYM,60,333.87,5,279.3285,3.1539,279.3190,3.2148,345.0294
8RYM,61,320.934,5,275.5203,4.5901,275.5469,4.5920,325.8157
8RYM,62,308.43,5,262.8077,2.4641,262.8411,2.4411,313.5556
8RYM,63,296.345,5,254.4330,2.1877,254.4261,2.2077,303.4279
8RYM,64,284.669,5,241.9547,3.6403,241.9557,3.6162,292.8676
8RYM,65,273.389,5,234.6487,3.6418,234.6292,3.6455,285.9850
8RYM,66,262.495,5,226.3576,4.7478,226.3285,4.7295,271.7574
8RYM,67,251.974,5,212.8004,4.6403,212.8057,4.6352,260.9505
8RYM,68,241.818,5,209.7664,4.8361,209.7483,4.8261,244.9205
8RYM,69,232.014,5,196.2979,3.2198,196.2407,3.1570,238.0334
8RYM,70,222.553,5,190.4439,4.0942,190.4227,4.0977,225.3587
8RYM,71,213.425,5,181.0665,2.1798,181.0964,2.1719,217.8439
8RYM,72,204.619,5,173.7108,4.1035,173.7355,4.1173,206.8459
8RYM,73,196.127,5,166.6524,2.0712,166.6465,2.1272,200.3571
8RYM,74,187.938,5,161.6488,2.4330,161.6609,2.4494,190.1569
8RYM,75,180.045,5,153.3912,3.4478,153.3906,3.4671,184.1689
8RYM,76,172.437,5,147.3544,3.5624,147.3187,3.5647,176.9754
8RYM,77,165.106,5,140.6871,2.6514,140.7109,2.6392,166.9511
8RYM,78,158.045,5,133.5274,2.0947,133.5065,2.1168,159.8379
8RYM,79,151.243,5,127.3361,3.6089,127.3324,3.6191,153.4062
8RYM,80,144.695,5,121.8208,1.4735,121.8416,1.4599,146.4359
8RYM,81,138.39,5,118.3647,2.4889,118.4269,2.4159,141.3930
8RYM,82,132.323,5,112.1493,2.7692,112.2156,2.7221,135.7056
8RYM,83,126.485,5,106.6076,1.8099,106.5832,1.8428,129.1321
8RYM,84,120.869,5,101.7905,1.6663,101.7761,1.6462,122.1613
8RYM,85,115.469,5,97.4223,1.9953,97.4098,1.9774,117.0058
8RYM,86,110.276,5,94.4147,1.2594,94.4147,1.3039,111.5192
8RYM,87,105.285,5,88.1259,2.6744,88.1749,2.6666,106.5874
8RYM,88,100.489,5,83.9597,1.8724,84.0129,1.8570,100.9231
8RYM,89,95.8813,5,81.1246,1.3653,81.2477,1.2925,96.3365
8RYM,90,91.4559,5,77.1225,1.9450,77.1721,1.9330,94.5099
8RYM,91,87.2068,5,73.3278,2.0910,73.3812,2.0551,88.1426
8RYM,92,83.1281,5,69.9652,0.6677,70.0630,0.6385,83.3656
8RYM,93,79.2139,5,66.9576,1.3785,66.9832,1.3892,79.5740
8RYM,94,75.4588,5,63.1410,0.9287,63.1297,0.8726,76.5334
8RYM,95,71.8574,5,60.0324,1.2487,60.0318,1.2430,73.2204
8RYM,96,68.4042,5,57.4851,0.5389,57.4780,0.5731,68.9069
8RYM,97,65.0944,5,54.9578,1.6280,54.8717,1.5638,65.9362
8RYM,98,61.9226,5,52.4327,1.1077,52.4265,1.1252,61.7869
8RYM,99,58.8844,5,50.4086,0.9081,50.3977,0.8948,60.0823
8RYM,100,55.9748,5,46.3768,0.8222,46.3700,0.8428,55.7444
8RYM,101,53.1893,5,44.8372,0.4748,44.7346,0.5113,53.7675
8RYM,102,50.5235,5,42.0535,1.0126,42.0030,0.9762,51.1779
8RYM,103,47.9731,5,40.0582,0.6325,40.0063,0.5667,47.8024
8RYM,104,45.5338,5,37.9136,0.6056,37.8935,0.6396,45.8185
8RYM,105,43.2016,5,36.0085,1.0030,35.9640,0.9764,43.3117
8RYM,106,40.9725,5,34.3520,0.5303,34.4360,0.5154,41.2628
8RYM,107,38.8428,5,32.8628,0.5531,32.8760,0.4983,39.7599
8RYM,108,36.8086,5,30.9151,0.5588,30.9328,0.5521,37.1786
8RYM,109,34.8665,5,28.9239,0.6475,28.9322,0.6356,35.1865
8RYM,110,33.0129,5,27.2545,0.3375,27.3103,0.4019,32.7107
8RYM,111,31.2443,5,26.2630,0.6589,26.2557,0.5989,30.9436
8RYM,112,29.5577,5,24.1360,0.2252,24.1852,0.3011,29.9960
8RYM,113,27.9497,5,23.3868,0.4322,23.4466,0.4581,28.0079
8RYM,114,26.4172,5,21.9978,0.4271,22.0994,0.4574,26.8000
8RYM,115,24.9573,5,20.6711,0.4954,20.8797,0.5278,25.1342
8RYM,116,23.5672,5,19.4553,0.5315,19.5781,0.4765,23.6159
8RYM,117,22.2439,5,18.3631,0.2397,18.4618,0.3194,22.4303
8RYM,118,20.9849,5,17.9250,0.4177,17.9593,0.3655,21.1480
8RYM,119,19.7874,5,16.4007,0.1966,16.4602,0.2101,20.0789
8RYM,120,18.649,5,15.4223,0.2743,15.4956,0.3306,18.5668
8RYM,121,17.5672,5,14.2144,0.2130,14.3306,0.2396,17.6439
8RYM,122,16.5396,5,13.5627,0.4209,13.6565,0.4234,16.6217
8RYM,123,15.564,5,12.9727,0.1148,13.0368,0.1333,15.8517
8RYM,124,14.6382,5,12.2762,0.1450,12.4530,0.1878,14.7983
8RYM,125,13.7599,5,11.4882,0.1855,11.6782,0.1853,13.9480
8RYM,126,12.9272,5,10.8121,0.1766,11.0246,0.2322,12.7497
8RYM,127,12.1381,5,10.0891,0.1872,10.3047,0.1700,12.0172
8RYM,128,11.3907,5,9.6172,0.1310,9.8010,0.1855,11.4690
8RYM,129,10.683,5,8.7566,0.1719,9.0495,0.2299,10.7140
8RYM,130,10.0134,5,8.1116,0.0846,8.4283,0.1749,9.9183
8RYM,131,9.38004,5,7.7619,0.0682,8.1098,0.1657,9.2377
8RYM,132,8.78137,5,7.1913,0.0906,7.6156,0.1705,8.7111
8RYM,133,8.21574,5,6.7769,0.1242,7.3254,0.3977,8.2118
8RYM,134,7.68164,5,6.3682,0.0785,6.9159,0.2315,7.7502
8RYM,135,7.17757,5,5.9125,0.0476,6.4628,0.3112,7.1753
8RYM,136,6.70213,5,5.5991,0.0490,6.1530,0.3403,6.7583
8RYM,137,6.25395,5,5.1513,0.0918,5.7551,0.3363,6.2396
8RYM,138,5.8317,5,4.8176,0.0668,5.3802,0.2600,5.8517
8RYM,139,5.43412,5,4.4921,0.0613,5.1813,0.2817,5.4017
8RYM,140,5.06001,5,4.2196,0.0578,4.9781,0.3279,5.0800
8RYM,141,4.7082,5,3.9361,0.0740,4.6781,0.2578,4.6814
8RYM,142,4.37757,5,3.5753,0.0379,4.4044,0.3590,4.3489
8RYM,143,4.06704,5,3.3147,0.0890,4.1647,0.4055,4.0425
8RYM,144,3.77558,5,3.1207,0.0645,3.9668,0.4070,3.6871
8RYM,145,3.50222,5,2.8884,0.0594,3.7987,0.3667,3.4998
8RYM,146,3.246,5,2.6997,0.0548,3.6846,0.3783,3.2236
8RYM,147,3.00601,5,2.4888,0.0588,3.5320,0.4707,2.9991
8RYM,148,2.7814,5,2.3159,0.0214,3.4453,0.4409,2.7346
8RYM,149,2.57133,5,2.1403,0.0398,3.2794,0.4250,2.5990
8RYM,150,2.37501,5,1.9167,0.0333,3.1710,0.4847,2.3616
8RYM,151,2.19168,5,1.7765,0.0324,3.1438,0.5148,2.1637
8RYM,152,2.02061,5,1.6704,0.0507,3.0985,0.5392,2.0111
8RYM,153,1.86112,5,1.5239,0.0285,3.0199,0.5714,1.8346
8RYM,154,1.71255,5,1.4165,0.0159,2.9813,0.5682,1.6963
8RYM,155,1.57426,5,1.2993,0.0223,2.9320,0.5683,1.5641
8RYM,156,1.44565,5,1.1845,0.0295,2.8904,0.5976,1.4488
8RYM,157,1.32616,5,1.0789,0.0199,2.8660,0.6214,1.3179
8RYM,158,1.21523,5,0.9807,0.0054,2.8125,0.6124,1.1983
8RYM,159,1.11236,5,0.8782,0.0160,2.7800,0.6411,1.0808
8RYM,160,1.01704,5,0.7888,0.0169,2.7456,0.6678,1.0089
8RYM,161,0.928804,5,0.6862,0.0146,2.7155,0.6761,0.1028
8RYM,162,0.847218,5,0.5960,0.0125,2.6921,0.6826,0.0905
8RYM,163,0.771854,5,0.5165,0.0107,2.6740,0.6878,0.0797
8RYM,164,0.702309,5,0.4468,0.0092,2.6601,0.6917,0.0700
8RYM,165,0.638207,5,0.3857,0.0078,2.6495,0.6945,0.0614
8RYM,166,0.579186,5,0.3322,0.0066,2.6413,0.6968,0.0538
8RYM,167,0.524908,5,0.2856,0.0056,2.6352,0.6986,0.0469
8RYM,168,0.475048,5,0.2450,0.0048,2.6306,0.6998,0.0409
8RYM,169,0.429305,5,0.2097,0.0040,2.6270,0.7007,0.0356
8RYM,170,0.38739,5,0.1792,0.0033,2.6245,0.7014,0.0309
8RYM,171,0.349033,5,0.1527,0.0028,2.6226,0.7018,0.0268
8RYM,172,0.313979,5,0.1299,0.0023,2.6212,0.7022,0.0231
8RYM,173,0.281986,5,0.1104,0.0019,2.6201,0.7024,0.0199
8RYM,174,0.252829,5,0.0935,0.0015,2.6194,0.7026,0.0172
8RYM,175,0.226295,5,0.0791,0.0012,2.6188,0.7027,0.0148
8RYM,176,0.202186,5,0.0669,0.0009,2.6184,0.7028,0.0127
8RYM,177,0.180312,5,0.0564,0.0006,2.6182,0.7029,0.0108
8RYM,178,0.160499,5,0.0476,0.0005,2.6180,0.7029,0.0093
8RYM,179,0.142582,5,0.0401,0.0003,2.6178,0.7028,0.0079
8RYM,180,0.126407,5,0.0337,0.0003,2.6177,0.7029,0.0068
8RYM,181,0.111832,5,0.0283,0.0003,2.6177,0.7029,0.0058
8RYM,182,0.0987208,5,0.0238,0.0003,2.6176,0.7028,0.0050
8RYM,183,0.0869503,5,0.0200,0.0003,2.6176,0.7028,0.0042
8RYM,184,0.0764038,5,0.0168,0.0004,2.6176,0.7029,0.0036
8RYM,185,0.0669735,5,0.0141,0.0003,2.6177,0.7029,0.0031
8RYM,186,0.0585587,5,0.0118,0.0003,2.6177,0.7028,0.0027
8RYM,187,0.0510671,5,0.0099,0.0002,2.6177,0.7028,0.0024
8RYM,188,0.0444124,5,0.0083,0.0002,2.6177,0.7029,0.0021
8RYM,189,0.0385154,5,0.0070,0.0001,2.6177,0.7029,0.0018
8RYM,190,0.0333026,5,0.0058,0.0001,2.6177,0.7028,0.0016
8RYM,191,0.0287066,5,0.0049,0.0001,2.6178,0.7028,0.0015
8RYM,192,0.0246654,5,0.0041,0.0001,2.6178,0.7028,0.0013
8RYM,193,0.021122,5,0.0034,0.0001,2.6178,0.7028,0.0012
8RYM,194,0.0180242,5,0.0028,0.0001,2.6178,0.7028,0.0011
8RYM,195,0.0153242,5,0.0023,0.0001,2.6178,0.7028,0.0010
8RYM,196,0.0129786,5,0.0019,0.0001,2.6178,0.7028,0.0009
8RYM,197,0.0109477,5,0.0015,0.0001,2.6178,0.7028,0.0009
8RYM,198,0.00919558,5,0.0010,0.0000,2.6178,0.7028,0.0008
8RYM,199,0.00768951,5,0.0007,0.0000,2.6178,0.7028,0.0007
8RYM,200,0.00640001,5,0.0000,0.0000,2.6178,0.7028,0.0007
8RLU,1,2485.54,5,2492.5007,21.2869,2492.4814,21.2941,
8RLU,2,2412.94,5,2185.3389,20.9594,2185.3136,20.9890,2637.4809
8RLU,3,2342.16,5,2079.0025,32.8794,2079.0309,32.9162,2449.9352
8RLU,4,2273.18,5,1985.4759,26.6636,1985.4951,26.6557,2374.9684
8RLU,5,2205.94,5,1947.8822,21.8855,1947.8754,21.8889,2265.4669
8RLU,6,2140.41,5,1874.7836,41.8817,1874.7956,41.8491,2255.5132
8RLU,7,2076.56,5,1810.8846,36.0911,1810.8770,36.0946,2132.9538
8RLU,8,2014.35,5,1731.6706,28.3645,1731.6782,28.3429,2067.4762
8RLU,9,1953.74,5,1729.1161,17.8642,1729.1146,17.8659,2041.6158
8RLU,10,1894.71,5,1675.5596,40.9356,1675.5288,40.9183,2007.1235
8RLU,11,1837.2,5,1601.1662,20.4570,1601.1678,20.4672,1905.8083
8RLU,12,1781.21,5,1578.0104,36.8124,1578.0138,36.8312,1858.9918
8RLU,13,1726.68,5,1512.4923,20.8885,1512.5214,20.8545,1793.4818
8RLU,14,1673.58,5,1449.0497,19.8259,1449.0388,19.8214,1721.6819
8RLU,15,1621.9,5,1414.3458,22.6108,1414.3739,22.5893,1695.2076
8RLU,16,1571.58,5,1368.0955,10.2402,1368.1001,10.2184,1631.9734
8RLU,17,1522.62,5,1305.4588,32.7222,1305.4776,32.7351,1545.1168
8RLU,18,1474.96,5,1284.3221,9.6329,1284.3710,9.6395,1523.6619
8RLU,19,1428.59,5,1254.0659,33.3273,1254.0455,33.3323,1479.2700
8RLU,20,1383.47,5,1184.6425,16.2450,1184.6671,16.2490,1418.7411
8RLU,21,1339.59,5,1158.0714,22.8359,1158.0685,22.8525,1367.7603
8RLU,22,1296.9,5,1126.0423,12.7767,1126.0612,12.7896,1336.3308
8RLU,23,1255.38,5,1100.3440,14.5466,1100.3758,14.5283,1300.8947
8RLU,24,1215,5,1052.6123,19.9730,1052.6206,19.9745,1251.6131
8RLU,25,1175.75,5,1018.2725,15.0635,1018.2555,15.0992,1219.6728
8RLU,26,1137.58,5,988.1241,26.0934,988.1288,26.0752,1179.6832
8RLU,27,1100.49,5,957.9391,11.5231,957.9470,11.5474,1123.6202
8RLU,28,1064.43,5,906.7150,12.2592,906.7983,12.2598,1089.4892
8RLU,29,1029.39,5,895.7994,15.1796,895.7993,15.2110,1056.1455
8RLU,30,995.349,5,861.8813,16.4815,861.9150,16.4972,1026.0036
8RLU,31,962.275,5,819.1568,4.4363,819.1179,4.4557,974.8625
8RLU,32,930.147,5,808.2407,26.8470,808.2878,26.8101,956.1447
8RLU,33,898.942,5,772.6410,19.9348,772.6436,19.9057,930.2002
8RLU,34,868.639,5,753.4752,11.8751,753.4694,11.8461,903.2384
8RLU,35,839.216,5,720.4840,6.5571,720.4986,6.5162,866.6454
8RLU,36,810.652,5,698.0257,5.2332,697.9742,5.2305,831.7623
8RLU,37,782.924,5,677.2189,9.8906,677.2116,9.9213,812.7694
8RLU,38,756.014,5,653.5662,11.0205,653.5593,11.0252,783.2906
8RLU,39,729.901,5,635.9745,7.7256,636.0074,7.7173,748.6444
8RLU,40,704.564,5,610.0513,6.8597,610.0564,6.8423,725.6035
8RLU,41,679.985,5,594.6861,11.6733,594.7139,11.7132,713.9014
8RLU,42,656.145,5,554.7278,12.9199,554.7265,12.9132,674.1128
8RLU,43,633.025,5,544.7540,15.8269,544.7695,15.8163,641.5788
8RLU,44,610.606,5,525.9513,16.7678,526.0053,16.7438,620.3866
8RLU,45,588.872,5,511.3141,10.7349,511.3356,10.7199,597.3340
8RLU,46,567.804,5,489.0426,8.2445,489.0729,8.2473,572.5351
8RLU,47,547.386,5,467.3124,5.7259,467.3248,5.7064,560.0015
8RLU,48,527.6,5,457.7845,6.1521,457.7971,6.1529,541.4205
8RLU,49,508.43,5,433.5689,9.2696,433.5729,9.2559,525.5140
8RLU,50,489.861,5,421.7105,9.0147,421.6666,9.0124,503.3198
8RLU,51,471.875,5,408.7623,6.0398,408.7506,6.0132,483.3873
8RLU,52,454.46,5,394.0332,4.7098,394.0370,4.7201,461.3001
8RLU,53,437.597,5,375.7203,6.8382,375.7558,6.8263,449.7613
8RLU,54,421.274,5,359.8125,5.5416,359.8507,5.5615,423.7122
8RLU,55,405.476,5,348.0571,8.6418,348.1354,8.6610,413.0315
8RLU,56,390.188,5,337.6546,4.9951,337.7037,5.0143,401.8875
8RLU,57,375.397,5,317.0724,8.1608,317.0512,8.2355,382.7199
8RLU,58,361.089,5,308.0349,4.7463,308.0143,4.7752,366.8241
8RLU,59,347.251,5,298.7854,3.5847,298.7960,3.5762,356.2636
8RLU,60,333.87,5,288.3542,3.5255,288.3808,3.5545,342.4269
8RLU,61,320.934,5,276.4351,3.9640,276.4146,4.0323,331.6178
8RLU,62,308.43,5,260.0754,1.5066,260.0756,1.5209,312.2335
8RLU,63,296.345,5,254.2913,7.3905,254.3059,7.3918,298.8614
8RLU,64,284.669,5,244.6099,2.6117,244.6254,2.6240,291.9171
8RLU,65,273.389,5,234.5765,3.6427,234.5915,3.6725,280.0013
8RLU,66,262.495,5,221.9267,2.6140,221.9355,2.6406,268.4151
8RLU,67,251.974,5,214.3459,4.2666,214.3637,4.3143,254.9071
8RLU,68,241.818,5,205.4629,6.5471,205.4622,6.5471,243.8946
8RLU,69,232.014,5,196.1447,2.0709,196.1645,2.0701,234.9202
8RLU,70,222.553,5,188.0030,6.2331,188.0798,6.2276,223.2406
8RLU,71,213.425,5,182.2356,2.0221,182.2650,1.9766,215.4014
8RLU,72,204.619,5,172.1863,1.4558,172.1470,1.4660,210.6304
8RLU,73,196.127,5,167.2007,2.5080,167.2041,2.5138,202.7157
8RLU,74,187.938,5,160.2155,1.5953,160.2076,1.5525,191.7225
8RLU,75,180.045,5,153.0428,1.1792,153.0072,1.2093,185.4048
8RLU,76,172.437,5,145.0116,2.1967,145.0148,2.2319,173.8658
8RLU,77,165.106,5,138.5096,1.6892,138.5660,1.6510,168.4666
8RLU,78,158.045,5,134.9743,2.7759,134.9814,2.7693,159.3167
8RLU,79,151.243,5,128.1560,3.4697,128.1825,3.4776,154.1483
8RLU,80,144.695,5,123.8744,2.0192,123.9638,1.9918,147.3334
8RLU,81,138.39,5,117.3953,3.2687,117.4133,3.2751,140.0375
8RLU,82,132.323,5,111.1964,1.8390,111.1913,1.8284,133.9129
8RLU,83,126.485,5,106.6505,1.7250,106.6468,1.7227,128.8822
8RLU,84,120.869,5,102.4062,0.8645,102.4277,0.8455,123.1526
8RLU,85,115.469,5,98.6800,0.5356,98.6528,0.5302,117.3772
8RLU,86,110.276,5,92.7751,0.8664,92.7662,0.8624,112.0814
8RLU,87,105.285,5,89.8587,1.7116,89.8831,1.7061,106.7816
8RLU,88,100.489,5,84.0560,2.0683,84.1455,2.0437,100.5189
8RLU,89,95.8813,5,82.5940,1.3306,82.5892,1.2963,97.3812
8RLU,90,91.4559,5,76.9519,0.5223,76.9728,0.5579,94.6548
8RLU,91,87.2068,5,72.9471,1.1471,72.9779,1.1489,88.0143
8RLU,92,83.1281,5,70.2511,0.7816,70.2917,0.8282,82.8539
8RLU,93,79.2139,5,66.5207,1.7267,66.5427,1.6957,80.6890
8RLU,94,75.4588,5,63.1234,0.5711,63.1418,0.5225,77.1899
8RLU,95,71.8574,5,60.5035,0.7754,60.5480,0.7820,73.1249
8RLU,96,68.4042,5,57.7357,1.4591,57.7963,1.4760,68.9371
8RLU,97,65.0944,5,54.6684,0.5932,54.6842,0.5973,66.0711
8RLU,98,61.9226,5,51.7516,0.4694,51.7495,0.4520,62.7145
8RLU,99,58.8844,5,49.1903,0.6578,49.2028,0.6813,59.6074
8RLU,100,55.9748,5,46.1704,1.1634,46.1817,1.1824,56.2347
8RLU,101,53.1893,5,44.2257,0.6746,44.2266,0.7704,53.4813
8RLU,102,50.5235,5,42.7085,1.4143,42.7413,1.4447,51.2468
8RLU,103,47.9731,5,40.0693,0.6580,40.1828,0.6368,48.2106
8RLU,104,45.5338,5,38.3822,0.8771,38.4676,0.8388,45.9506
8RLU,105,43.2016,5,35.5305,0.5577,35.5676,0.5398,43.3524
8RLU,106,40.9725,5,34.8434,0.5720,34.8993,0.5953,41.5953
8RLU,107,38.8428,5,32.5394,0.2826,32.6447,0.3087,39.3342
8RLU,108,36.8086,5,30.8077,0.4720,30.9033,0.5097,37.0214
8RLU,109,34.8665,5,28.7765,0.4683,28.8357,0.4440,34.7020
8RLU,110,33.0129,5,27.6699,0.6544,27.7427,0.6280,33.3330
8RLU,111,31.2443,5,26.1840,0.5814,26.2468,0.6391,31.2582
8RLU,112,29.5577,5,24.5256,0.3994,24.6071,0.3959,29.5307
8RLU,113,27.9497,5,22.7553,0.3341,22.8943,0.3518,28.3226
8RLU,114,26.4172,5,21.9324,0.2315,22.0373,0.2861,26.4699
8RLU,115,24.9573,5,20.5364,0.4094,20.5379,0.4122,25.1636
8RLU,116,23.5672,5,19.5538,0.3340,19.6302,0.3354,23.5901
8RLU,117,22.2439,5,18.0008,0.1442,18.0852,0.1480,22.1319
8RLU,118,20.9849,5,17.3409,0.2365,17.3906,0.2209,20.8978
8RLU,119,19.7874,5,16.4535,0.4925,16.5734,0.5182,19.8932
8RLU,120,18.649,5,15.3026,0.3822,15.3719,0.3637,18.4758
8RLU,121,17.5672,5,14.3233,0.3230,14.4313,0.2730,17.8402
8RLU,122,16.5396,5,13.5478,0.1210,13.6742,0.1723,16.6672
8RLU,123,15.564,5,12.7799,0.5233,12.8977,0.4732,15.5263
8RLU,124,14.6382,5,12.0723,0.1161,12.1911,0.1263,14.7016
8RLU,125,13.7599,5,11.2706,0.2450,11.4144,0.2407,13.8023
8RLU,126,12.9272,5,10.7501,0.2486,10.8925,0.2055,13.1428
8RLU,127,12.1381,5,9.9121,0.1928,10.0716,0.1566,12.4173
8RLU,128,11.3907,5,9.4264,0.1677,9.6699,0.2145,11.4260
8RLU,129,10.683,5,8.7009,0.1598,8.9202,0.1625,10.6256
8RLU,130,10.0134,5,8.1299,0.1692,8.3796,0.2236,9.8497
8RLU,131,9.38004,5,7.6190,0.1288,7.8913,0.1644,9.3606
8RLU,132,8.78137,5,7.2360,0.0866,7.5101,0.0963,8.7183
8RLU,133,8.21574,5,6.7026,0.1624,7.0372,0.1642,8.2169
8RLU,134,7.68164,5,6.2194,0.1024,6.6124,0.1678,7.6308
8RLU,135,7.17757,5,5.8574,0.0544,6.2500,0.1348,7.1327
8RLU,136,6.70213,5,5.5205,0.1626,5.8626,0.1335,6.6934
8RLU,137,6.25395,5,5.1364,0.0842,5.5701,0.1445,6.1828
8RLU,138,5.8317,5,4.7839,0.0923,5.2511,0.1867,5.7835
8RLU,139,5.43412,5,4.6043,0.1449,5.0957,0.2189,5.4943
8RLU,140,5.06001,5,4.1942,0.1346,4.7251,0.1636,5.1255
8RLU,141,4.7082,5,3.8717,0.0516,4.4360,0.1614,4.6297
8RLU,142,4.37757,5,3.6306,0.0604,4.2482,0.1396,4.3517
8RLU,143,4.06704,5,3.4349,0.0332,4.0759,0.1470,4.0676
8RLU,144,3.77558,5,3.1202,0.0495,3.8700,0.0795,3.8458
8RLU,145,3.50222,5,2.8919,0.0392,3.6687,0.0714,3.4609
8RLU,146,3.246,5,2.6913,0.0486,3.5418,0.1179,3.2510
8RLU,147,3.00601,5,2.4750,0.0387,3.4081,0.0825,3.0182
8RLU,148,2.7814,5,2.2973,0.0712,3.2536,0.1494,2.7795
8RLU,149,2.57133,5,2.0874,0.0291,3.0729,0.1634,2.5619
8RLU,150,2.37501,5,1.9379,0.0416,2.9763,0.1400,2.3419
8RLU,151,2.19168,5,1.7843,0.0401,2.8883,0.0870,2.1746
8RLU,152,2.02061,5,1.6444,0.0377,2.8066,0.1203,1.9593
8RLU,153,1.86112,5,1.5307,0.0145,2.7366,0.1408,1.8594
8RLU,154,1.71255,5,1.4000,0.0201,2.7089,0.1217,1.6971
8RLU,155,1.57426,5,1.2903,0.0257,2.6377,0.1576,1.5428
8RLU,156,1.44565,5,1.1773,0.0170,2.6226,0.2084,1.4377
8RLU,157,1.32616,5,1.0960,0.0265,2.5602,0.1693,1.3171
8RLU,158,1.21523,5,0.9854,0.0349,2.5384,0.1895,1.2178
8RLU,159,1.11236,5,0.8813,0.0143,2.4979,0.1897,1.1006
8RLU,160,1.01704,5,0.7966,0.0160,2.4920,0.1542,1.0070
8RLU,161,0.928804,5,0.6931,0.0141,2.4603,0.1571,0.1038
8RLU,162,0.847218,5,0.6019,0.0123,2.4357,0.1594,0.0915
8RLU,163,0.771854,5,0.5216,0.0107,2.4167,0.1612,0.0806
8RLU,164,0.702309,5,0.4511,0.0093,2.4021,0.1627,0.0708
8RLU,165,0.638207,5,0.3893,0.0081,2.3909,0.1638,0.0621
8RLU,166,0.579186,5,0.3352,0.0071,2.3825,0.1646,0.0543
8RLU,167,0.524908,5,0.2880,0.0061,2.3760,0.1653,0.0475
8RLU,168,0.475048,5,0.2470,0.0052,2.3713,0.1659,0.0413
8RLU,169,0.429305,5,0.2112,0.0044,2.3677,0.1662,0.0360
8RLU,170,0.38739,5,0.1803,0.0038,2.3651,0.1665,0.0312
8RLU,171,0.349033,5,0.1535,0.0033,2.3631,0.1668,0.0270
8RLU,172,0.313979,5,0.1304,0.0028,2.3616,0.1669,0.0234
8RLU,173,0.281986,5,0.1106,0.0024,2.3606,0.1671,0.0201
8RLU,174,0.252829,5,0.0934,0.0020,2.3598,0.1672,0.0174
8RLU,175,0.226295,5,0.0789,0.0016,2.3593,0.1673,0.0149
8RLU,176,0.202186,5,0.0664,0.0013,2.3588,0.1674,0.0128
8RLU,177,0.180312,5,0.0557,0.0011,2.3586,0.1674,0.0110
8RLU,178,0.160499,5,0.0467,0.0009,2.3585,0.1675,0.0094
8RLU,179,0.142582,5,0.0391,0.0007,2.3583,0.1675,0.0080
8RLU,180,0.126407,5,0.0326,0.0006,2.3582,0.1675,0.0068
8RLU,181,0.111832,5,0.0273,0.0005,2.3582,0.1676,0.0057
8RLU,182,0.0987208,5,0.0227,0.0004,2.3582,0.1676,0.0049
8RLU,183,0.0869503,5,0.0189,0.0003,2.3581,0.1676,0.0042
8RLU,184,0.0764038,5,0.0158,0.0003,2.3581,0.1676,0.0036
8RLU,185,0.0669735,5,0.0132,0.0002,2.3582,0.1676,0.0030
8RLU,186,0.0585587,5,0.0110,0.0002,2.3582,0.1676,0.0026
8RLU,187,0.0510671,5,0.0092,0.0002,2.3582,0.1676,0.0023
8RLU,188,0.0444124,5,0.0077,0.0001,2.3582,0.1676,0.0020
8RLU,189,0.0385154,5,0.0064,0.0001,2.3583,0.1676,0.0017
8RLU,190,0.0333026,5,0.0054,0.0001,2.3582,0.1676,0.0016
8RLU,191,0.0287066,5,0.0046,0.0001,2.3583,0.1676,0.0014
8RLU,192,0.0246654,5,0.0039,0.0001,2.3583,0.1676,0.0013
8RLU,193,0.021122,5,0.0033,0.0001,2.3583,0.1676,0.0012
8RLU,194,0.0180242,5,0.0028,0.0001,2.3583,0.1676,0.0011
8RLU,195,0.0153242,5,0.0022,0.0001,2.3583,0.1676,0.0010
8RLU,196,0.0129786,5,0.0018,0.0000,2.3583,0.1676,0.0009
8RLU,197,0.0109477,5,0.0014,0.0001,2.3583,0.1676,0.0008
8RLU,198,0.00919558,5,0.0011,0.0001,2.3583,0.1676,0.0008
8RLU,199,0.00768951,5,0.0007,0.0000,2.3583,0.1676,0.0007
8RLU,200,0.00640001,5,0.0000,0.0000,2.3583,0.1676,0.0007
8RLV,1,2485.54,5,2476.1557,27.9962,2476.1395,27.9985,
8RLV,2,2412.94,5,2134.9921,49.5047,2134.9977,49.5159,2586.0625
8RLV,3,2342.16,5,2041.1503,28.9753,2041.1470,28.9766,2467.2801
8RLV,4,2273.18,5,2005.4143,26.3425,2005.4075,26.3487,2369.3441
8RLV,5,2205.94,5,1941.8626,22.1711,1941.8727,22.1920,2323.9669
8RLV,6,2140.41,5,1871.0796,27.1171,1871.0757,27.1287,2215.9691
8RLV,7,2076.56,5,1830.2409,31.0298,1830.2244,31.0441,2139.6601
8RLV,8,2014.35,5,1766.3497,45.1558,1766.3488,45.1629,2100.6350
8RLV,9,1953.74,5,1680.5430,23.9098,1680.5406,23.8960,1981.9256
8RLV,10,1894.71,5,1659.3486,21.8906,1659.3372,21.8847,1989.3264
8RLV,11,1837.2,5,1607.6281,42.9949,1607.6208,42.9985,1905.6152
8RLV,12,1781.21,5,1547.8888,25.6726,1547.8868,25.6682,1818.1208
8RLV,13,1726.68,5,1490.8553,2.2693,1490.8603,2.2612,1769.5474
8RLV,14,1673.58,5,1455.4843,44.0004,1455.4809,43.9945,1695.4058
8RLV,15,1621.9,5,1392.5843,20.6034,1392.5802,20.6106,1684.8452
8RLV,16,1571.58,5,1362.5110,30.4123,1362.5077,30.4101,1601.5460
8RLV,17,1522.62,5,1316.0402,16.6505,1316.0265,16.6539,1560.0141
8RLV,18,1474.96,5,1291.1443,17.3149,1291.1269,17.3154,1514.7927
8RLV,19,1428.59,5,1248.2843,26.3745,1248.2771,26.3802,1475.2772
8RLV,20,1383.47,5,1210.2250,15.8065,1210.2266,15.8072,1448.2122
8RLV,21,1339.59,5,1154.0788,20.3701,1154.0647,20.3787,1377.3541
8RLV,22,1296.9,5,1117.5833,28.0861,1117.5699,28.0868,1320.5010
8RLV,23,1255.38,5,1075.8149,20.8063,1075.8048,20.7970,1284.4363
8RLV,24,1215,5,1036.2713,21.1884,1036.2671,21.1926,1242.0422
8RLV,25,1175.75,5,1022.6228,6.8319,1022.6144,6.8377,1207.7201
8RLV,26,1137.58,5,979.4963,13.6389,979.5038,13.6480,1157.7247
8RLV,27,1100.49,5,962.7985,10.1375,962.8015,10.1389,1144.0840
8RLV,28,1064.43,5,932.2663,17.4895,932.2707,17.4865,1093.4797
8RLV,29,1029.39,5,896.0606,13.0693,896.0565,13.0667,1073.4234
8RLV,30,995.349,5,862.9216,14.4723,862.9258,14.4784,1019.9279
8RLV,31,962.275,5,823.2131,11.7060,823.2193,11.6952,984.7716
8RLV,32,930.147,5,794.0342,19.6763,794.0455,19.6709,939.3130
8RLV,33,898.942,5,786.7967,15.2550,786.7968,15.2513,919.2936
8RLV,34,868.639,5,757.3035,20.8201,757.3171,20.8052,886.6929
8RLV,35,839.216,5,729.2355,4.3983,729.2610,4.4000,866.8005
8RLV,36,810.652,5,691.7042,10.3820,691.7088,10.3796,825.4364
8RLV,37,782.924,5,673.9003,18.8501,673.8997,18.8581,800.5903
8RLV,38,756.014,5,661.4493,13.1292,661.4673,13.1347,786.9870
8RLV,39,729.901,5,631.1246,10.8986,631.1397,10.9212,747.2197
8RLV,40,704.564,5,605.4949,11.0081,605.5066,11.0275,728.1322
8RLV,41,679.985,5,593.0692,9.3562,593.0658,9.3613,700.5550
8RLV,42,656.145,5,563.2117,7.1574,563.2150,7.1560,669.5336
8RLV,43,633.025,5,549.5695,16.6465,549.5673,16.6665,652.2001
8RLV,44,610.606,5,526.7538,8.9220,526.7631,8.9418,630.3920
8RLV,45,588.872,5,504.8024,12.2547,504.8005,12.2568,613.2259
8RLV,46,567.804,5,489.3489,7.0436,489.3449,7.0519,575.3563
8RLV,47,547.386,5,469.8425,6.9583,469.8322,6.9455,564.1762
8RLV,48,527.6,5,456.6551,6.8762,456.6512,6.8761,542.4037
8RLV,49,508.43,5,435.6261,5.4186,435.6187,5.4118,524.3295
8RLV,50,489.861,5,415.2049,8.3136,415.2008,8.3275,501.7684
8RLV,51,471.875,5,400.9019,11.4552,400.9014,11.4574,473.6793
8RLV,52,454.46,5,396.1469,3.0587,396.1472,3.0689,470.3236
8RLV,53,437.597,5,375.2135,5.7329,375.2025,5.7344,449.0378
8RLV,54,421.274,5,357.2010,6.4814,357.2094,6.5056,424.0238
8RLV,55,405.476,5,349.7113,6.1175,349.7200,6.1129,412.2375
8RLV,56,390.188,5,332.7562,6.2156,332.7589,6.2225,399.4988
8RLV,57,375.397,5,323.0648,5.3054,323.0760,5.2998,383.2653
8RLV,58,361.089,5,312.8112,3.2514,312.8146,3.2478,370.3336
8RLV,59,347.251,5,296.2348,3.4470,296.2379,3.4541,357.6457
8RLV,60,333.87,5,282.7370,2.8316,282.7426,2.8439,337.6661
8RLV,61,320.934,5,271.7172,1.6473,271.7295,1.6416,327.8741
8RLV,62,308.43,5,265.3607,4.5755,265.3571,4.5847,315.9539
8RLV,63,296.345,5,251.5130,6.7946,251.5195,6.8008,305.7330
8RLV,64,284.669,5,246.8603,2.9453,246.8680,2.9620,293.9007
8RLV,65,273.389,5,233.2577,1.5148,233.2637,1.5078,278.8098
8RLV,66,262.495,5,222.8681,2.4406,222.8831,2.4438,267.5558
8RLV,67,251.974,5,215.9711,4.8360,215.9774,4.8366,258.7759
8RLV,68,241.818,5,204.1943,3.6626,204.1936,3.6531,248.1137
8RLV,69,232.014,5,195.5603,3.8181,195.5599,3.8035,236.0277
8RLV,70,222.553,5,191.3192,2.7922,191.3349,2.7972,226.7600
8RLV,71,213.425,5,184.5144,2.3955,184.5255,2.4042,222.7585
8RLV,72,204.619,5,174.1590,1.9622,174.1644,1.9586,211.2744
8RLV,73,196.127,5,167.2794,3.4299,167.2748,3.4415,199.7691
8RLV,74,187.938,5,160.1522,1.4893,160.1372,1.4894,192.4850
8RLV,75,180.045,5,154.3212,3.3511,154.3170,3.3528,184.7362
8RLV,76,172.437,5,146.0091,2.2691,145.9984,2.2590,177.7260
8RLV,77,165.106,5,138.2838,2.3907,138.2799,2.3835,167.9863
8RLV,78,158.045,5,134.0689,2.3288,134.0742,2.3406,159.2755
8RLV,79,151.243,5,129.6973,1.4115,129.6839,1.4029,155.6695
8RLV,80,144.695,5,122.5025,1.0141,122.4999,1.0119,148.2709
8RLV,81,138.39,5,116.4181,2.6532,116.4087,2.6410,140.8767
8RLV,82,132.323,5,112.8011,1.1542,112.7884,1.1510,138.3046
8RLV,83,126.485,5,108.2291,2.1282,108.2348,2.1329,127.7591
8RLV,84,120.869,5,103.0502,2.2235,103.0458,2.2189,124.1336
8RLV,85,115.469,5,96.3301,1.4095,96.3418,1.4110,117.5654
8RLV,86,110.276,5,92.0705,1.0206,92.0655,1.0133,110.6342
8RLV,87,105.285,5,89.1741,1.4480,89.1720,1.4534,106.9656
8RLV,88,100.489,5,85.6129,2.0714,85.6146,2.0556,101.8977
8RLV,89,95.8813,5,80.4431,1.8603,80.4526,1.8522,97.8422
8RLV,90,91.4559,5,77.4296,0.9249,77.4260,0.9310,93.6542
8RLV,91,87.2068,5,73.1676,1.1703,73.1796,1.1520,89.1175
8RLV,92,83.1281,5,70.2743,0.6320,70.2896,0.6522,83.1613
8RLV,93,79.2139,5,65.8398,1.3980,65.8390,1.3942,80.3473
8RLV,94,75.4588,5,63.3030,1.0399,63.3054,1.0260,75.7094
8RLV,95,71.8574,5,59.8394,0.5182,59.8431,0.5213,73.3012
8RLV,96,68.4042,5,58.1988,0.6357,58.1959,0.6425,69.2064
8RLV,97,65.0944,5,54.4858,1.1117,54.4866,1.1063,66.3070
8RLV,98,61.9226,5,52.2661,1.0613,52.2658,1.0691,62.0764
8RLV,99,58.8844,5,49.8587,0.6239,49.8637,0.6289,60.0031
8RLV,100,55.9748,5,46.2621,0.9266,46.2850,0.9249,56.5129
8RLV,101,53.1893,5,44.3055,0.5271,44.3241,0.5137,52.6660
8RLV,102,50.5235,5,42.4859,0.6882,42.4955,0.6825,51.8611
8RLV,103,47.9731,5,39.7618,0.9188,39.7639,0.9050,48.5101
8RLV,104,45.5338,5,38.2927,0.5314,38.3098,0.5289,45.6224
8RLV,105,43.2016,5,36.0472,1.0039,36.0453,0.9892,43.7718
8RLV,106,40.9725,5,34.7981,0.5934,34.8245,0.5776,41.1462
8RLV,107,38.8428,5,32.4669,0.7711,32.4869,0.7759,39.6023
8RLV,108,36.8086,5,31.0259,0.2173,31.0546,0.2035,37.4225
8RLV,109,34.8665,5,29.2386,0.2838,29.2573,0.2885,35.5037
8RLV,110,33.0129,5,27.3988,0.1897,27.4106,0.1916,33.2610
8RLV,111,31.2443,5,26.0943,0.4881,26.0854,0.4908,31.2497
8RLV,112,29.5577,5,24.8732,0.7429,24.8840,0.7253,29.8060
8RLV,113,27.9497,5,23.1770,0.5848,23.1711,0.5989,28.0197
8RLV,114,26.4172,5,21.5275,0.5072,21.5346,0.5035,26.4091
8RLV,115,24.9573,5,20.5615,0.3208,20.5476,0.3129,24.5906
8RLV,116,23.5672,5,19.2057,0.5063,19.2164,0.5153,23.5366
8RLV,117,22.2439,5,18.2007,0.4314,18.2073,0.4355,22.1624
8RLV,118,20.9849,5,17.5190,0.1602,17.5139,0.1546,21.0164
8RLV,119,19.7874,5,16.3497,0.2224,16.3607,0.1978,19.8310
8RLV,120,18.649,5,15.4195,0.4855,15.4099,0.4714,18.7452
8RLV,121,17.5672,5,14.5219,0.2422,14.5109,0.2416,17.7228
8RLV,122,16.5396,5,13.5674,0.2529,13.5640,0.2626,16.6036
8RLV,123,15.564,5,12.8039,0.2985,12.7993,0.2950,15.6473
8RLV,124,14.6382,5,11.8282,0.1678,11.8674,0.1513,14.7710
8RLV,125,13.7599,5,11.3712,0.2685,11.3936,0.2674,13.8357
8RLV,126,12.9272,5,10.7213,0.2092,10.7276,0.2035,12.9024
8RLV,127,12.1381,5,10.0472,0.1859,10.0674,0.1915,12.1840
8RLV,128,11.3907,5,9.1120,0.2151,9.1352,0.2090,11.3874
8RLV,129,10.683,5,8.7633,0.1431,8.7894,0.1418,10.5283
8RLV,130,10.0134,5,8.2302,0.1581,8.2529,0.1456,10.0044
8RLV,131,9.38004,5,7.5574,0.1338,7.5799,0.1244,9.3447
8RLV,132,8.78137,5,7.0200,0.1611,7.0611,0.1676,8.7515
8RLV,133,8.21574,5,6.7531,0.0894,6.7890,0.0958,8.2078
8RLV,134,7.68164,5,6.2563,0.0736,6.2817,0.0692,7.6663
8RLV,135,7.17757,5,5.8322,0.0912,5.8736,0.0995,7.0771
8RLV,136,6.70213,5,5.3920,0.0405,5.4207,0.0398,6.6902
8RLV,137,6.25395,5,5.0991,0.0650,5.1374,0.0688,6.1232
8RLV,138,5.8317,5,4.7276,0.0942,4.7658,0.0919,5.8060
8RLV,139,5.43412,5,4.3871,0.0534,4.4324,0.0467,5.4192
8RLV,140,5.06001,5,4.0690,0.0686,4.1259,0.0871,5.0028
8RLV,141,4.7082,5,3.8089,0.0451,3.8705,0.0556,4.6156
8RLV,142,4.37757,5,3.5481,0.0655,3.6011,0.0726,4.4068
8RLV,143,4.06704,5,3.2439,0.0580,3.3282,0.0622,4.0327
8RLV,144,3.77558,5,3.0485,0.0641,3.1261,0.0705,3.7475
8RLV,145,3.50222,5,2.8085,0.0684,2.8802,0.0722,3.4278
8RLV,146,3.246,5,2.6487,0.0188,2.7367,0.0131,3.1993
8RLV,147,3.00601,5,2.4852,0.0444,2.5578,0.0413,3.0227
8RLV,148,2.7814,5,2.2378,0.0198,2.3246,0.0284,2.7609
8RLV,149,2.57133,5,2.0872,0.0364,2.1899,0.0438,2.5084
8RLV,150,2.37501,5,1.8717,0.0286,1.9924,0.0327,2.3287
8RLV,151,2.19168,5,1.7936,0.0331,1.9114,0.0214,2.1441
8RLV,152,2.02061,5,1.6266,0.0156,1.7556,0.0228,2.0252
8RLV,153,1.86112,5,1.5137,0.0287,1.6412,0.0372,1.8488
8RLV,154,1.71255,5,1.3897,0.0126,1.5434,0.0136,1.6979
8RLV,155,1.57426,5,1.2650,0.0233,1.4344,0.0353,1.5638
8RLV,156,1.44565,5,1.1808,0.0278,1.3686,0.0315,1.4155
8RLV,157,1.32616,5,1.0847,0.0140,1.2723,0.0247,1.3256
8RLV,158,1.21523,5,0.9728,0.0142,1.1852,0.0436,1.1970
8RLV,159,1.11236,5,0.8611,0.0129,1.1086,0.0264,1.0761
8RLV,160,1.01704,5,0.7866,0.0118,1.0648,0.0251,0.9893
8RLV,161,0.928804,5,0.6844,0.0104,0.9905,0.0253,0.1024
8RLV,162,0.847218,5,0.5945,0.0091,0.9295,0.0258,0.0902
8RLV,163,0.771854,5,0.5151,0.0081,0.8800,0.0262,0.0796
8RLV,164,0.702309,5,0.4456,0.0070,0.8403,0.0266,0.0698
8RLV,165,0.638207,5,0.3846,0.0061,0.8089,0.0270,0.0612
8RLV,166,0.579186,5,0.3313,0.0054,0.7843,0.0273,0.0536
8RLV,167,0.524908,5,0.2846,0.0047,0.7651,0.0275,0.0469
8RLV,168,0.475048,5,0.2440,0.0042,0.7504,0.0276,0.0408
8RLV,169,0.429305,5,0.2087,0.0037,0.7392,0.0276,0.0356
8RLV,170,0.38739,5,0.1781,0.0032,0.7306,0.0276,0.0309
8RLV,171,0.349033,5,0.1516,0.0027,0.7242,0.0276,0.0267
8RLV,172,0.313979,5,0.1288,0.0024,0.7196,0.0275,0.0231
8RLV,173,0.281986,5,0.1091,0.0020,0.7160,0.0274,0.0199
8RLV,174,0.252829,5,0.0923,0.0017,0.7135,0.0273,0.0172
8RLV,175,0.226295,5,0.0778,0.0014,0.7116,0.0272,0.0147
8RLV,176,0.202186,5,0.0655,0.0012,0.7102,0.0271,0.0126
8RLV,177,0.180312,5,0.0549,0.0010,0.7092,0.0270,0.0108
8RLV,178,0.160499,5,0.0460,0.0008,0.7084,0.0270,0.0092
8RLV,179,0.142582,5,0.0385,0.0007,0.7078,0.0269,0.0079
8RLV,180,0.126407,5,0.0321,0.0006,0.7075,0.0268,0.0067
8RLV,181,0.111832,5,0.0268,0.0005,0.7072,0.0268,0.0057
8RLV,182,0.0987208,5,0.0223,0.0004,0.7071,0.0268,0.0049
8RLV,183,0.0869503,5,0.0186,0.0003,0.7070,0.0267,0.0041
8RLV,184,0.0764038,5,0.0155,0.0003,0.7069,0.0267,0.0035
8RLV,185,0.0669735,5,0.0129,0.0002,0.7069,0.0267,0.0030
8RLV,186,0.0585587,5,0.0108,0.0002,0.7069,0.0266,0.0026
8RLV,187,0.0510671,5,0.0091,0.0002,0.7069,0.0266,0.0022
8RLV,188,0.0444124,5,0.0076,0.0002,0.7069,0.0266,0.0019
8RLV,189,0.0385154,5,0.0064,0.0002,0.7069,0.0266,0.0017
8RLV,190,0.0333026,5,0.0054,0.0001,0.7069,0.0266,0.0015
8RLV,191,0.0287066,5,0.0045,0.0001,0.7069,0.0266,0.0014
8RLV,192,0.0246654,5,0.0039,0.0000,0.7069,0.0266,0.0012
8RLV,193,0.021122,5,0.0033,0.0001,0.7069,0.0266,0.0011
8RLV,194,0.0180242,5,0.0027,0.0001,0.7069,0.0265,0.0011
8RLV,195,0.0153242,5,0.0023,0.0001,0.7069,0.0265,0.0010
8RLV,196,0.0129786,5,0.0019,0.0001,0.7069,0.0265,0.0009
8RLV,197,0.0109477,5,0.0014,0.0001,0.7069,0.0265,0.0009
8RLV,198,0.00919558,5,0.0011,0.0001,0.7069,0.0265,0.0008
8RLV,199,0.00768951,5,0.0007,0.0000,0.7069,0.0265,0.0007
8RLV,200,0.00640001,5,0.0000,0.0000,0.7069,0.0265,0.0007
8V50,1,2485.54,5,2514.7944,48.1382,2514.7905,48.1330,
8V50,2,2412.94,5,2130.6072,32.9863,2130.6086,32.9926,2656.7938
8V50,3,2342.16,5,2017.8980,29.9596,2017.9005,29.9659,2391.2741
8V50,4,2273.18,5,1983.7971,43.3323,1983.8094,43.3302,2343.7454
8V50,5,2205.94,5,1928.6184,11.5408,1928.6027,11.5589,2286.6844
8V50,6,2140.41,5,1850.4393,38.7245,1850.4338,38.7232,2217.4024
8V50,7,2076.56,5,1811.3611,36.0646,1811.3556,36.0698,2131.8353
8V50,8,2014.35,5,1759.6337,42.9489,1759.6218,42.9362,2076.9439
8V50,9,1953.74,5,1692.5250,14.6708,1692.5390,14.7070,2010.4393
8V50,10,1894.71,5,1648.1076,38.8084,1648.1330,38.8010,1965.8572
8V50,11,1837.2,5,1590.3897,20.2459,1590.4077,20.2506,1893.1566
8V50,12,1781.21,5,1548.3116,12.2255,1548.3144,12.2385,1823.7254
8V50,13,1726.68,5,1511.4961,18.0627,1511.4934,18.0641,1799.0896
8V50,14,1673.58,5,1442.5340,39.2111,1442.5329,39.1924,1726.7202
8V50,15,1621.9,5,1401.3978,21.2013,1401.3668,21.2056,1652.4147
8V50,16,1571.58,5,1354.2707,34.8092,1354.2856,34.8065,1640.0942
8V50,17,1522.62,5,1307.7128,25.5066,1307.7202,25.4996,1558.3970
8V50,18,1474.96,5,1282.0341,18.3876,1282.0386,18.3802,1490.1538
8V50,19,1428.59,5,1236.5860,8.0420,1236.5636,8.0318,1454.9349
8V50,20,1383.47,5,1203.0250,4.8665,1203.0352,4.8739,1423.8747
8V50,21,1339.59,5,1145.4768,22.1936,1145.4850,22.2253,1341.3571
8V50,22,1296.9,5,1114.1654,9.9909,1114.1803,9.9959,1338.1409
8V50,23,1255.38,5,1079.9815,24.4899,1079.9710,24.4702,1290.5435
8V50,24,1215,5,1060.6697,16.7237,1060.6513,16.7239,1259.8519
8V50,25,1175.75,5,1035.0617,10.3318,1035.0543,10.3510,1213.6381
8V50,26,1137.58,5,976.8651,12.8609,976.8614,12.8710,1165.5399
8V50,27,1100.49,5,958.5826,25.0688,958.5874,25.0576,1130.0982
8V50,28,1064.43,5,915.3380,20.8825,915.3338,20.8828,1101.2396
8V50,29,1029.39,5,884.1817,21.6437,884.1815,21.6376,1054.9564
8V50,30,995.349,5,847.3092,28.8847,847.3394,28.8697,1008.4476
8V50,31,962.275,5,836.2638,12.2264,836.3022,12.2216,985.3561
8V50,32,930.147,5,814.4150,5.8940,814.4059,5.8907,953.1445
8V50,33,898.942,5,779.8644,9.9846,779.8714,9.9721,920.9168
8V50,34,868.639,5,748.6758,7.2518,748.6584,7.2549,886.4455
8V50,35,839.216,5,717.8862,10.9538,717.8693,10.9450,864.5364
8V50,36,810.652,5,693.7718,6.9752,693.7798,6.9616,835.4977
8V50,37,782.924,5,672.1806,8.6118,672.1729,8.6134,800.7016
8V50,38,756.014,5,640.6989,10.2757,640.7170,10.3014,773.2754
8V50,39,729.901,5,627.9264,17.5703,627.9169,17.5688,747.5879
8V50,40,704.564,5,608.5908,7.7976,608.5726,7.7787,729.6902
8V50,41,679.985,5,586.7736,2.9152,586.7767,2.9249,699.8265
8V50,42,656.145,5,568.2313,12.7705,568.2293,12.7769,662.9687
8V50,43,633.025,5,542.2052,11.5698,542.2040,11.5773,657.0272
8V50,44,610.606,5,526.2086,4.5028,526.2066,4.5005,633.5793
8V50,45,588.872,5,507.8394,4.2342,507.8236,4.2316,609.0700
8V50,46,567.804,5,483.8745,7.9662,483.8680,7.9645,593.8137
8V50,47,547.386,5,475.5162,7.1093,475.5160,7.1324,563.0295
8V50,48,527.6,5,455.2177,3.3424,455.2308,3.3510,540.6617
8V50,49,508.43,5,440.3953,12.0881,440.4139,12.0621,521.5799
8V50,50,489.861,5,424.6390,3.7016,424.6419,3.7079,505.6100
8V50,51,471.875,5,408.0509,9.5702,408.0508,9.5657,483.6143
8V50,52,454.46,5,388.9057,6.3623,388.8978,6.3742,464.5180
8V50,53,437.597,5,380.2091,6.5667,380.2202,6.5406,447.2859
8V50,54,421.274,5,366.1058,6.2599,366.0961,6.2595,438.6054
8V50,55,405.476,5,345.8563,6.6211,345.8563,6.6172,410.6928
8V50,56,390.188,5,335.3248,5.2838,335.3306,5.3022,401.7238
8V50,57,375.397,5,320.5149,4.4907,320.5065,4.4829,387.2777
8V50,58,361.089,5,305.2819,8.0689,305.2975,8.0920,363.3015
8V50,59,347.251,5,298.6748,4.4390,298.6777,4.4330,351.4710
8V50,60,333.87,5,285.3236,5.5987,285.2937,5.5912,341.9861
8V50,61,320.934,5,275.9451,3.1618,275.9305,3.1776,326.0072
8V50,62,308.43,5,260.0886,2.0651,260.0822,2.0833,317.2952
8V50,63,296.345,5,253.4806,5.5828,253.4920,5.5770,303.7827
8V50,64,284.669,5,243.1391,6.3358,243.1509,6.3328,293.1118
8V50,65,273.389,5,235.0328,6.2546,235.0149,6.2592,274.2531
8V50,66,262.495,5,226.1532,1.9181,226.1618,1.9405,271.1680
8V50,67,251.974,5,215.2180,5.4720,215.2309,5.4767,261.3705
8V50,68,241.818,5,207.7253,4.1516,207.7433,4.1441,252.5627
8V50,69,232.014,5,197.5869,2.3666,197.6092,2.3824,237.1422
8V50,70,222.553,5,189.6241,4.1794,189.6284,4.2024,227.0039
8V50,71,213.425,5,181.6505,4.4869,181.6361,4.4737,215.4387
8V50,72,204.619,5,174.4164,3.8166,174.4375,3.8242,207.5749
8V50,73,196.127,5,167.5787,3.3863,167.5837,3.4253,201.6321
8V50,74,187.938,5,160.8923,1.8566,160.8797,1.8575,190.7993
8V50,75,180.045,5,152.9866,2.1366,152.9778,2.1535,184.4023
8V50,76,172.437,5,149.1422,2.9092,149.1498,2.9098,176.4030
8V50,77,165.106,5,142.0798,1.7744,142.0817,1.7402,170.8885
8V50,78,158.045,5,134.9001,1.7207,134.9195,1.7242,161.8849
8V50,79,151.243,5,127.3526,1.6266,127.3682,1.6455,156.3446
8V50,80,144.695,5,122.2609,1.5025,122.2589,1.5127,147.1859
8V50,81,138.39,5,116.6477,2.9427,116.6616,2.9343,140.2822
8V50,82,132.323,5,112.1867,1.6716,112.1810,1.6543,136.2163
8V50,83,126.485,5,105.0308,1.7386,105.0102,1.7273,125.9930
8V50,84,120.869,5,101.1140,1.1677,101.1269,1.1553,123.2576
8V50,85,115.469,5,97.5572,1.5542,97.5726,1.5740,116.0207
8V50,86,110.276,5,93.6978,1.8433,93.7046,1.8587,112.5086
8V50,87,105.285,5,88.9410,2.6174,88.9290,2.6324,108.0458
8V50,88,100.489,5,85.7079,1.1173,85.7043,1.1529,100.8669
8V50,89,95.8813,5,81.6252,0.5575,81.6185,0.5595,96.2327
8V50,90,91.4559,5,77.4499,1.8475,77.4627,1.8494,92.7401
8V50,91,87.2068,5,73.7022,1.6393,73.6948,1.6370,88.4362
8V50,92,83.1281,5,70.9650,2.6587,70.9696,2.6679,85.7328
8V50,93,79.2139,5,67.3917,1.0582,67.3990,1.0709,81.2260
8V50,94,75.4588,5,64.4018,0.6778,64.4117,0.6818,76.9846
8V50,95,71.8574,5,61.0667,1.4581,61.0845,1.4776,73.5209
8V50,96,68.4042,5,57.9522,0.9374,57.9363,0.9312,69.1965
8V50,97,65.0944,5,54.3920,2.0548,54.3965,2.0615,66.6996
8V50,98,61.9226,5,52.5594,0.8000,52.5726,0.7756,63.1562
8V50,99,58.8844,5,48.4232,0.7251,48.3990,0.7393,59.8390
8V50,100,55.9748,5,47.0189,1.1730,47.0294,1.1849,56.4360
8V50,101,53.1893,5,45.1604,1.4573,45.1730,1.4415,54.4401
8V50,102,50.5235,5,43.3873,0.6863,43.3979,0.6782,51.8224
8V50,103,47.9731,5,40.5070,0.7827,40.5260,0.7985,48.7111
8V50,104,45.5338,5,37.8315,0.8146,37.8418,0.8087,46.3047
8V50,105,43.2016,5,36.1863,0.7069,36.1787,0.6830,43.1892
8V50,106,40.9725,5,34.4902,0.4471,34.5023,0.4611,41.8817
8V50,107,38.8428,5,32.1438,0.4624,32.1606,0.4569,39.8951
8V50,108,36.8086,5,30.5400,0.7066,30.5630,0.6867,36.9885
8V50,109,34.8665,5,28.9532,0.7096,28.9729,0.7106,35.4101
8V50,110,33.0129,5,27.3756,0.5834,27.3790,0.5814,33.4336
8V50,111,31.2443,5,26.2290,0.3621,26.2252,0.3762,31.4075
8V50,112,29.5577,5,24.7974,0.4112,24.8145,0.4021,30.0156
8V50,113,27.9497,5,23.1525,0.3831,23.1801,0.4007,28.1000
8V50,114,26.4172,5,22.1766,0.8053,22.1855,0.8282,26.7943
8V50,115,24.9573,5,20.6555,0.4320,20.6616,0.4489,24.9856
8V50,116,23.5672,5,19.4957,0.3307,19.5389,0.3070,23.8290
8V50,117,22.2439,5,18.3751,0.2123,18.4194,0.2231,22.1992
8V50,118,20.9849,5,17.0866,0.2506,17.1461,0.2503,21.1821
8V50,119,19.7874,5,16.4054,0.2624,16.4309,0.2715,19.8429
8V50,120,18.649,5,15.2046,0.3318,15.2271,0.3114,18.9436
8V50,121,17.5672,5,14.9797,0.3915,15.0142,0.3783,17.5369
8V50,122,16.5396,5,13.7137,0.2821,13.7412,0.2797,16.8040
8V50,123,15.564,5,12.9209,0.1866,12.9683,0.2005,15.6053
8V50,124,14.6382,5,12.1358,0.3231,12.1900,0.2958,14.7196
8V50,125,13.7599,5,11.5074,0.1245,11.5564,0.1021,14.0763
8V50,126,12.9272,5,10.5342,0.0981,10.5951,0.0820,12.8625
8V50,127,12.1381,5,9.9280,0.2092,9.9963,0.2219,12.0667
8V50,128,11.3907,5,9.3034,0.2068,9.3533,0.2058,11.4772
8V50,129,10.683,5,8.6865,0.1894,8.7496,0.1925,10.5437
8V50,130,10.0134,5,8.2157,0.2113,8.2798,0.2133,10.0678
8V50,131,9.38004,5,7.6688,0.1088,7.7407,0.1090,9.4246
8V50,132,8.78137,5,7.1346,0.1178,7.2188,0.0996,8.8115
8V50,133,8.21574,5,6.5439,0.1505,6.6173,0.1300,8.1326
8V50,134,7.68164,5,6.1879,0.1191,6.2459,0.0996,7.6680
8V50,135,7.17757,5,5.9007,0.1790,5.9746,0.1591,7.1709
8V50,136,6.70213,5,5.4757,0.0748,5.5567,0.0753,6.6740
8V50,137,6.25395,5,5.1307,0.1150,5.2239,0.1182,6.2830
8V50,138,5.8317,5,4.7627,0.0844,4.8770,0.0478,5.7860
8V50,139,5.43412,5,4.3870,0.0721,4.5406,0.0833,5.3982
8V50,140,5.06001,5,4.1319,0.0797,4.2800,0.0675,4.9572
8V50,141,4.7082,5,3.8549,0.0531,4.0377,0.0395,4.7320
8V50,142,4.37757,5,3.5101,0.0849,3.7029,0.1221,4.2444
8V50,143,4.06704,5,3.3177,0.1059,3.4922,0.1439,4.0257
8V50,144,3.77558,5,3.0820,0.0609,3.2605,0.0849,3.8155
8V50,145,3.50222,5,2.8870,0.0627,3.0570,0.0906,3.5346
8V50,146,3.246,5,2.6771,0.0477,2.8992,0.0704,3.2499
8V50,147,3.00601,5,2.4551,0.0311,2.7181,0.0421,2.9878
8V50,148,2.7814,5,2.2621,0.0408,2.5297,0.0912,2.7916
8V50,149,2.57133,5,2.0784,0.0533,2.3526,0.1035,2.5439
8V50,150,2.37501,5,1.9192,0.0403,2.2215,0.0938,2.3161
8V50,151,2.19168,5,1.7685,0.0376,2.1061,0.0483,2.1684
8V50,152,2.02061,5,1.6161,0.0330,1.9625,0.1095,2.0048
8V50,153,1.86112,5,1.5072,0.0282,1.8724,0.1164,1.8319
8V50,154,1.71255,5,1.3978,0.0135,1.7851,0.1141,1.7021
8V50,155,1.57426,5,1.2884,0.0295,1.6986,0.1021,1.5644
8V50,156,1.44565,5,1.1584,0.0250,1.6141,0.1056,1.4498
8V50,157,1.32616,5,1.0602,0.0223,1.5565,0.1084,1.2925
8V50,158,1.21523,5,0.9711,0.0226,1.5046,0.1262,1.1944
8V50,159,1.11236,5,0.8689,0.0070,1.4686,0.1192,1.0904
8V50,160,1.01704,5,0.7824,0.0110,1.4125,0.1168,0.9852
8V50,161,0.928804,5,0.6808,0.0098,1.3579,0.1220,0.1019
8V50,162,0.847218,5,0.5912,0.0088,1.3143,0.1264,0.0899
8V50,163,0.771854,5,0.5125,0.0078,1.2799,0.1302,0.0790
8V50,164,0.702309,5,0.4434,0.0070,1.2533,0.1333,0.0694
8V50,165,0.638207,5,0.3827,0.0063,1.2326,0.1358,0.0609
8V50,166,0.579186,5,0.3296,0.0056,1.2167,0.1380,0.0534
8V50,167,0.524908,5,0.2833,0.0050,1.2045,0.1397,0.0466
8V50,168,0.475048,5,0.2430,0.0045,1.1954,0.1410,0.0406
8V50,169,0.429305,5,0.2080,0.0040,1.1885,0.1421,0.0353
8V50,170,0.38739,5,0.1776,0.0036,1.1834,0.1430,0.0307
8V50,171,0.349033,5,0.1514,0.0032,1.1795,0.1437,0.0265
8V50,172,0.313979,5,0.1287,0.0029,1.1767,0.1444,0.0230
8V50,173,0.281986,5,0.1093,0.0026,1.1745,0.1449,0.0198
8V50,174,0.252829,5,0.0926,0.0022,1.1730,0.1453,0.0171
8V50,175,0.226295,5,0.0782,0.0020,1.1718,0.1457,0.0147
8V50,176,0.202186,5,0.0661,0.0018,1.1710,0.1459,0.0126
8V50,177,0.180312,5,0.0557,0.0015,1.1704,0.1461,0.0107
8V50,178,0.160499,5,0.0469,0.0013,1.1700,0.1464,0.0092
8V50,179,0.142582,5,0.0395,0.0012,1.1697,0.1465,0.0079
8V50,180,0.126407,5,0.0331,0.0011,1.1694,0.1466,0.0067
8V50,181,0.111832,5,0.0278,0.0009,1.1692,0.1467,0.0058
8V50,182,0.0987208,5,0.0234,0.0008,1.1691,0.1468,0.0049
8V50,183,0.0869503,5,0.0196,0.0007,1.1691,0.1469,0.0042
8V50,184,0.0764038,5,0.0165,0.0006,1.1690,0.1469,0.0036
8V50,185,0.0669735,5,0.0138,0.0006,1.1689,0.1470,0.0031
8V50,186,0.0585587,5,0.0116,0.0005,1.1689,0.1470,0.0027
8V50,187,0.0510671,5,0.0097,0.0004,1.1689,0.1470,0.0023
8V50,188,0.0444124,5,0.0082,0.0004,1.1689,0.1470,0.0020
8V50,189,0.0385154,5,0.0069,0.0003,1.1689,0.1471,0.0018
8V50,190,0.0333026,5,0.0058,0.0003,1.1689,0.1471,0.0016
8V50,191,0.0287066,5,0.0049,0.0002,1.1690,0.1471,0.0014
8V50,192,0.0246654,5,0.0041,0.0002,1.1690,0.1471,0.0013
8V50,193,0.021122,5,0.0034,0.0001,1.1690,0.1471,0.0012
8V50,194,0.0180242,5,0.0029,0.0001,1.1690,0.1471,0.0011
8V50,195,0.0153242,5,0.0023,0.0001,1.1690,0.1471,0.0011
8V50,196,0.0129786,5,0.0019,0.0001,1.1690,0.1471,0.0010
8V50,197,0.0109477,5,0.0015,0.0001,1.1690,0.1471,0.0009
8V50,198,0.00919558,5,0.0011,0.0001,1.1690,0.1471,0.0008
8V50,199,0.00768951,5,0.0007,0.0000,1.1689,0.1471,0.0008
8V50,200,0.00640001,5,0.0000,0.0000,1.1689,0.1471,0.0007
9EJG,1,2485.54,5,2467.3144,36.1777,2467.3017,36.3092,
9EJG,2,2412.94,5,2137.2116,35.7186,2137.3843,35.8978,2652.0269
9EJG,3,2342.16,5,2021.1477,32.2369,2021.3175,32.1994,2457.3774
9EJG,4,2273.18,5,1969.9894,23.4224,1969.9487,23.5242,2315.1340
9EJG,5,2205.94,5,1893.2718,52.3803,1893.2264,52.1097,2270.2478
9EJG,6,2140.41,5,1867.8538,23.9722,1867.7715,24.4036,2194.9604
9EJG,7,2076.56,5,1820.0206,38.5729,1820.0471,38.6081,2148.6014
9EJG,8,2014.35,5,1748.6940,36.6247,1748.3392,36.6854,2048.4061
9EJG,9,1953.74,5,1699.8177,32.6501,1699.8806,32.5681,2023.2153
9EJG,10,1894.71,5,1654.9086,21.7848,1654.5491,21.7736,1967.7712
9EJG,11,1837.2,5,1605.2012,26.3422,1605.1691,26.2270,1901.0237
9EJG,12,1781.21,5,1550.4059,34.8233,1550.1710,34.9296,1837.0185
9EJG,13,1726.68,5,1508.5957,25.9387,1508.9914,26.0415,1775.8765
9EJG,14,1673.58,5,1442.5546,16.0657,1442.6025,16.3234,1727.3092
9EJG,15,1621.9,5,1415.3344,31.5635,1415.3893,31.7818,1674.1840
9EJG,16,1571.58,5,1361.4671,21.5574,1361.4083,21.2433,1593.5990
9EJG,17,1522.62,5,1307.4217,23.4714,1307.6810,23.3715,1538.1325
9EJG,18,1474.96,5,1291.1602,19.5698,1291.3323,19.6908,1513.9257
9EJG,19,1428.59,5,1236.0609,19.6694,1236.4414,19.6982,1474.5184
9EJG,20,1383.47,5,1189.9034,23.3916,1189.9538,23.3082,1422.9193
9EJG,21,1339.59,5,1171.8527,17.2175,1172.0609,17.3417,1378.2730
9EJG,22,1296.9,5,1125.0951,12.1329,1125.5153,12.3210,1335.2082
9EJG,23,1255.38,5,1104.2885,15.5626,1104.5736,15.7936,1297.1124
9EJG,24,1215,5,1048.3327,4.7150,1048.3405,4.6959,1270.7239
9EJG,25,1175.75,5,998.8002,17.6978,998.5362,17.6775,1211.3637
9EJG,26,1137.58,5,982.1465,17.1929,982.3035,17.1569,1147.6785
9EJG,27,1100.49,5,953.8831,26.9067,954.1268,26.8391,1141.5161
9EJG,28,1064.43,5,908.2668,27.1792,908.3388,27.1949,1112.5595
9EJG,29,1029.39,5,881.0157,10.2541,880.9870,9.8003,1062.1795
9EJG,30,995.349,5,851.5151,11.1784,851.4325,10.9855,1018.4009
9EJG,31,962.275,5,833.9102,12.4204,834.0170,12.5026,994.8542
9EJG,32,930.147,5,811.3182,7.5588,811.5179,7.4105,949.1283
9EJG,33,898.942,5,771.4308,10.6069,771.4472,10.4147,916.1583
9EJG,34,868.639,5,745.1363,15.7771,745.3136,15.9610,906.7269
9EJG,35,839.216,5,724.1400,17.6935,724.1453,17.5279,856.8407
9EJG,36,810.652,5,695.5917,14.2969,695.9350,14.5901,838.2867
9EJG,37,782.924,5,670.9388,13.4186,671.0314,13.6839,800.2997
9EJG,38,756.014,5,651.9029,16.4915,651.9406,16.5641,783.7507
9EJG,39,729.901,5,620.5797,14.1008,620.8213,13.9898,749.6409
9EJG,40,704.564,5,606.3745,9.6018,606.9405,9.6462,719.4465
9EJG,41,679.985,5,591.8737,10.7550,592.2264,10.8573,696.9553
9EJG,42,656.145,5,564.7855,12.0570,564.9603,12.1271,679.7843
9EJG,43,633.025,5,549.6559,13.1977,549.7340,13.3320,661.0892
9EJG,44,610.606,5,520.3413,6.9701,520.2990,7.2588,623.4253
9EJG,45,588.872,5,505.4434,8.6825,505.8009,8.8396,604.8364
9EJG,46,567.804,5,481.4119,12.4785,482.0074,12.3178,585.0606
9EJG,47,547.386,5,472.1392,11.2081,472.4886,10.9154,565.2562
9EJG,48,527.6,5,456.0680,8.6161,456.1033,8.6561,546.9546
9EJG,49,508.43,5,436.4090,7.5324,436.3316,7.6904,514.7653
9EJG,50,489.861,5,418.0572,7.2037,418.0730,7.0215,500.8980
9EJG,51,471.875,5,405.4036,6.9547,405.8689,6.8732,482.7974
9EJG,52,454.46,5,390.5214,6.4389,390.9734,6.5496,469.5742
9EJG,53,437.597,5,379.5161,6.6685,379.7196,6.6189,445.0476
9EJG,54,421.274,5,360.5504,5.8091,361.2217,5.7181,436.0983
9EJG,55,405.476,5,347.5332,4.7749,347.5960,4.6167,413.0204
9EJG,56,390.188,5,330.9824,2.8882,331.5786,3.0529,402.2506
9EJG,57,375.397,5,324.8466,2.7424,325.3655,2.8627,385.8141
9EJG,58,361.089,5,310.8815,4.5973,311.6987,4.2702,367.3899
9EJG,59,347.251,5,297.2686,5.5157,297.7052,5.5147,358.5296
9EJG,60,333.87,5,283.0967,3.2850,283.5584,3.0405,337.1180
9EJG,61,320.934,5,270.5879,2.8815,270.9864,3.0433,329.4798
9EJG,62,308.43,5,260.4849,4.3600,261.0674,4.5228,314.2588
9EJG,63,296.345,5,256.3899,6.7832,256.1552,6.5435,301.2247
9EJG,64,284.669,5,242.9693,4.3470,243.2375,4.3661,289.3604
9EJG,65,273.389,5,233.1919,4.0967,233.3742,4.3685,283.0586
9EJG,66,262.495,5,225.0754,3.0956,225.5729,2.9626,273.6891
9EJG,67,251.974,5,213.8883,3.7525,214.7943,3.8459,257.7851
9EJG,68,241.818,5,209.1926,3.1023,209.8372,3.2947,248.4728
9EJG,69,232.014,5,197.6380,1.4532,198.2408,1.3082,235.7147
9EJG,70,222.553,5,191.7806,2.0040,192.4463,2.0231,227.1091
9EJG,71,213.425,5,180.2496,2.8439,180.6689,3.1136,217.4775
9EJG,72,204.619,5,176.5515,3.8713,177.4837,3.7544,209.0544
9EJG,73,196.127,5,166.4639,1.8670,167.4914,1.7764,202.0318
9EJG,74,187.938,5,159.6873,3.1482,160.5681,2.7804,192.9819
9EJG,75,180.045,5,152.8858,2.6861,154.2798,2.3197,182.8645
9EJG,76,172.437,5,147.6508,1.6728,148.9907,1.9077,174.1560
9EJG,77,165.106,5,140.8373,0.9886,141.8470,1.4193,170.9725
9EJG,78,158.045,5,133.0984,4.0434,134.3351,3.9825,159.2665
9EJG,79,151.243,5,127.6094,2.3197,129.1368,2.1778,155.4768
9EJG,80,144.695,5,123.7204,3.2928,125.3225,3.2527,146.9608
9EJG,81,138.39,5,118.9728,1.8564,120.4115,1.9745,140.9794
9EJG,82,132.323,5,109.6529,1.4823,111.1649,1.2742,133.7746
9EJG,83,126.485,5,107.3766,2.3620,108.8033,2.0666,127.5601
9EJG,84,120.869,5,101.9645,2.0122,103.5934,1.8581,123.3987
9EJG,85,115.469,5,98.1100,2.2486,99.7741,2.4606,117.4458
9EJG,86,110.276,5,92.6231,1.8089,94.7384,1.7072,112.0476
9EJG,87,105.285,5,88.4414,1.4738,90.4189,2.0105,105.9248
9EJG,88,100.489,5,84.6390,1.9318,87.1265,1.7240,101.9970
9EJG,89,95.8813,5,80.0550,1.2928,82.2380,0.9093,97.6707
9EJG,90,91.4559,5,76.3226,1.4168,78.8092,1.1221,92.2009
9EJG,91,87.2068,5,72.9298,0.9005,74.7438,0.8466,87.5390
9EJG,92,83.1281,5,69.6817,1.3882,72.1427,1.2232,84.2544
9EJG,93,79.2139,5,65.9243,1.4131,68.5717,1.5986,79.3230
9EJG,94,75.4588,5,63.2891,1.1499,65.8108,1.2883,76.2727
9EJG,95,71.8574,5,60.3867,1.4568,63.7141,1.2727,72.4280
9EJG,96,68.4042,5,57.2251,1.3614,60.1367,1.3185,68.7477
9EJG,97,65.0944,5,54.5315,1.1603,58.0055,1.2508,66.4272
9EJG,98,61.9226,5,52.5262,0.7577,56.1113,0.4523,62.5885
9EJG,99,58.8844,5,48.5269,0.9384,51.9831,0.9937,59.6743
9EJG,100,55.9748,5,46.8211,0.8427,50.3369,0.7414,56.5864
9EJG,101,53.1893,5,44.6905,0.8046,48.1907,0.7159,53.6214
9EJG,102,50.5235,5,42.1785,1.1181,46.1785,0.9166,51.0777
9EJG,103,47.9731,5,39.7812,0.8015,43.9184,0.5064,48.2413
9EJG,104,45.5338,5,38.0722,0.3614,42.5737,0.8322,45.3185
9EJG,105,43.2016,5,35.6039,1.0637,40.3744,1.1144,43.2217
9EJG,106,40.9725,5,34.4700,0.4925,39.0006,0.3924,40.8414
9EJG,107,38.8428,5,32.1180,0.5747,36.9912,0.7820,38.8817
9EJG,108,36.8086,5,30.9896,0.6247,35.9419,0.7872,37.5336
9EJG,109,34.8665,5,29.3527,0.7802,34.5791,0.8457,35.4543
9EJG,110,33.0129,5,26.8667,0.5329,32.9187,0.4221,32.7006
9EJG,111,31.2443,5,25.5923,0.4164,32.1236,0.2823,31.4852
9EJG,112,29.5577,5,24.4103,0.4703,30.8276,0.4837,29.2150
9EJG,113,27.9497,5,23.1759,0.3212,29.9712,0.2828,28.2136
9EJG,114,26.4172,5,21.6209,0.2201,28.2774,0.3388,26.5265
9EJG,115,24.9573,5,20.5395,0.3847,27.9021,0.4791,24.7290
9EJG,116,23.5672,5,19.4963,0.8713,26.9888,0.6937,24.0158
9EJG,117,22.2439,5,18.2305,0.3351,26.5518,0.5440,22.1552
9EJG,118,20.9849,5,17.4769,0.3870,25.8136,0.3065,20.9342
9EJG,119,19.7874,5,16.0242,0.2207,25.0433,0.3757,19.7783
9EJG,120,18.649,5,15.3163,0.3527,24.4031,0.3856,18.5345
9EJG,121,17.5672,5,14.5584,0.2724,23.9074,0.3414,17.5243
9EJG,122,16.5396,5,13.3349,0.1858,23.1450,0.2175,16.5294
9EJG,123,15.564,5,12.5468,0.2670,23.0058,0.3543,15.3747
9EJG,124,14.6382,5,12.0296,0.1890,22.8115,0.1354,14.4550
9EJG,125,13.7599,5,11.1017,0.3074,22.2114,0.2649,13.7773
9EJG,126,12.9272,5,10.7128,0.2123,22.0110,0.2547,12.8610
9EJG,127,12.1381,5,9.9682,0.2971,21.5865,0.4094,12.1969
9EJG,128,11.3907,5,9.3633,0.0945,21.4400,0.2477,11.4611
9EJG,129,10.683,5,8.4823,0.1302,20.8647,0.1913,10.7191
9EJG,130,10.0134,5,8.0583,0.0402,20.8803,0.2590,9.8629
9EJG,131,9.38004,5,7.6196,0.2744,20.6891,0.2465,9.3621
9EJG,132,8.78137,5,7.1773,0.1483,20.4916,0.2012,8.7895
9EJG,133,8.21574,5,6.6909,0.0877,20.3620,0.0582,8.1462
9EJG,134,7.68164,5,6.3009,0.0931,20.2661,0.2450,7.6719
9EJG,135,7.17757,5,5.9211,0.0985,20.0898,0.0705,7.0542
9EJG,136,6.70213,5,5.5179,0.1097,19.9884,0.1909,6.7326
9EJG,137,6.25395,5,5.1301,0.1109,19.8350,0.2056,6.2508
9EJG,138,5.8317,5,4.7352,0.1286,19.7430,0.1662,5.7719
9EJG,139,5.43412,5,4.5041,0.0804,19.7062,0.1739,5.3858
9EJG,140,5.06001,5,4.1746,0.1039,19.6208,0.0798,5.0794
9EJG,141,4.7082,5,3.8324,0.1266,19.5538,0.1013,4.5959
9EJG,142,4.37757,5,3.5909,0.0942,19.5179,0.0749,4.3581
9EJG,143,4.06704,5,3.3410,0.0613,19.3874,0.1482,4.0501
9EJG,144,3.77558,5,3.0593,0.0385,19.4136,0.1040,3.7380
9EJG,145,3.50222,5,2.8522,0.0767,19.4051,0.0741,3.3908
9EJG,146,3.246,5,2.6966,0.0648,19.3895,0.0908,3.2141
9EJG,147,3.00601,5,2.4276,0.0381,19.3849,0.0648,3.0167
9EJG,148,2.7814,5,2.2655,0.0495,19.3509,0.0418,2.7849
9EJG,149,2.57133,5,2.1164,0.0383,19.3235,0.0877,2.5419
9EJG,150,2.37501,5,1.9198,0.0274,19.2783,0.1003,2.3450
9EJG,151,2.19168,5,1.7791,0.0532,19.2564,0.0483,2.1637
9EJG,152,2.02061,5,1.6108,0.0156,19.2529,0.0953,1.9845
9EJG,153,1.86112,5,1.5138,0.0329,19.2460,0.0712,1.8249
9EJG,154,1.71255,5,1.3805,0.0150,19.2313,0.0489,1.6970
9EJG,155,1.57426,5,1.2780,0.0364,19.1881,0.0629,1.5627
9EJG,156,1.44565,5,1.1680,0.0077,19.2369,0.0479,1.4413
9EJG,157,1.32616,5,1.0691,0.0183,19.2368,0.0651,1.3037
9EJG,158,1.21523,5,0.9764,0.0196,19.2040,0.0617,1.1889
9EJG,159,1.11236,5,0.8769,0.0081,19.2044,0.0546,1.0968
9EJG,160,1.01704,5,0.8019,0.0127,19.2033,0.0595,1.0061
9EJG,161,0.928804,5,0.6974,0.0111,19.2010,0.0573,0.1047
9EJG,162,0.847218,5,0.6054,0.0097,19.1993,0.0552,0.0922
9EJG,163,0.771854,5,0.5246,0.0084,19.1982,0.0534,0.0811
9EJG,164,0.702309,5,0.4535,0.0074,19.1977,0.0520,0.0713
9EJG,165,0.638207,5,0.3914,0.0063,19.1975,0.0508,0.0624
9EJG,166,0.579186,5,0.3371,0.0054,19.1975,0.0497,0.0545
9EJG,167,0.524908,5,0.2896,0.0047,19.1975,0.0489,0.0477
9EJG,168,0.475048,5,0.2483,0.0040,19.1978,0.0482,0.0415
9EJG,169,0.429305,5,0.2124,0.0035,19.1981,0.0477,0.0361
9EJG,170,0.38739,5,0.1813,0.0030,19.1984,0.0473,0.0314
9EJG,171,0.349033,5,0.1544,0.0026,19.1987,0.0468,0.0271
9EJG,172,0.313979,5,0.1311,0.0022,19.1990,0.0465,0.0234
9EJG,173,0.281986,5,0.1111,0.0018,19.1993,0.0462,0.0203
9EJG,174,0.252829,5,0.0939,0.0015,19.1995,0.0461,0.0174
9EJG,175,0.226295,5,0.0792,0.0013,19.1997,0.0459,0.0150
9EJG,176,0.202186,5,0.0666,0.0011,19.1999,0.0458,0.0128
9EJG,177,0.180312,5,0.0560,0.0009,19.2002,0.0456,0.0109
9EJG,178,0.160499,5,0.0469,0.0007,19.2003,0.0456,0.0094
9EJG,179,0.142582,5,0.0392,0.0006,19.2005,0.0455,0.0080
9EJG,180,0.126407,5,0.0328,0.0005,19.2006,0.0454,0.0068
9EJG,181,0.111832,5,0.0273,0.0004,19.2007,0.0453,0.0058
9EJG,182,0.0987208,5,0.0228,0.0003,19.2009,0.0452,0.0049
9EJG,183,0.0869503,5,0.0189,0.0002,19.2009,0.0452,0.0042
9EJG,184,0.0764038,5,0.0157,0.0001,19.2010,0.0451,0.0036
9EJG,185,0.0669735,5,0.0131,0.0001,19.2011,0.0451,0.0030
9EJG,186,0.0585587,5,0.0109,0.0001,19.2011,0.0451,0.0027
9EJG,187,0.0510671,5,0.0091,0.0001,19.2011,0.0451,0.0023
9EJG,188,0.0444124,5,0.0075,0.0001,19.2011,0.0451,0.0020
9EJG,189,0.0385154,5,0.0063,0.0001,19.2011,0.0450,0.0017
9EJG,190,0.0333026,5,0.0052,0.0001,19.2011,0.0450,0.0015
9EJG,191,0.0287066,5,0.0043,0.0001,19.2011,0.0450,0.0013
9EJG,192,0.0246654,5,0.0036,0.0001,19.2011,0.0450,0.0012
9EJG,193,0.021122,5,0.0029,0.0000,19.2011,0.0450,0.0011
9EJG,194,0.0180242,5,0.0025,0.0000,19.2011,0.0450,0.0010
9EJG,195,0.0153242,5,0.0020,0.0001,19.2011,0.0450,0.0009
9EJG,196,0.0129786,5,0.0016,0.0001,19.2010,0.0450,0.0009
9EJG,197,0.0109477,5,0.0013,0.0001,19.2010,0.0450,0.0008
9EJG,198,0.00919558,5,0.0009,0.0000,19.2010,0.0450,0.0007
9EJG,199,0.00768951,5,0.0006,0.0000,19.2010,0.0450,0.0007
9EJG,200,0.00640001,5,0.0000,0.0000,19.2010,0.0450,0.0006
9J4T,1,2485.54,5,2475.6057,44.3653,2475.2353,45.6915,
9J4T,2,2412.94,5,2144.8033,27.4697,2144.5596,26.0536,2615.2802
9J4T,3,2342.16,5,2049.9628,28.6757,2046.4160,26.3135,2447.5563
9J4T,4,2273.18,5,1998.0090,67.7763,1998.9922,69.6851,2357.9009
9J4T,5,2205.94,5,1921.2460,44.1405,1921.7241,44.1942,2304.9975
9J4T,6,2140.41,5,1885.2297,27.5236,1886.4153,27.9585,2198.4487
9J4T,7,2076.56,5,1793.3927,41.6543,1794.6647,42.4142,2122.8860
9J4T,8,2014.35,5,1775.9793,30.9112,1777.6228,31.1828,2082.7544
9J4T,9,1953.74,5,1722.7578,41.2245,1720.4479,41.9724,2023.9644
9J4T,10,1894.71,5,1639.1315,31.7054,1639.8807,32.6386,1947.3673
9J4T,11,1837.2,5,1573.7218,25.3448,1573.7540,25.1028,1894.6230
9J4T,12,1781.21,5,1557.3065,21.7851,1555.9828,20.9686,1849.3327
9J4T,13,1726.68,5,1507.4049,43.7958,1507.8184,44.4979,1769.1369
9J4T,14,1673.58,5,1434.2261,19.6771,1434.6213,20.3749,1718.7576
9J4T,15,1621.9,5,1405.2706,25.1192,1404.4694,24.9308,1666.8017
9J4T,16,1571.58,5,1361.8121,9.6947,1361.7735,10.1505,1617.5141
9J4T,17,1522.62,5,1321.6782,27.3151,1321.1153,27.4194,1560.9671
9J4T,18,1474.96,5,1275.5467,37.8226,1275.5244,37.7237,1533.7263
9J4T,19,1428.59,5,1233.2450,13.8409,1233.2661,12.9558,1469.4932
9J4T,20,1383.47,5,1200.3838,23.7493,1201.1193,23.0039,1420.1393
9J4T,21,1339.59,5,1150.2433,20.1118,1149.6367,21.7848,1346.1342
9J4T,22,1296.9,5,1130.2327,25.7335,1129.7607,26.5728,1323.4942
9J4T,23,1255.38,5,1091.7697,16.8826,1091.7756,18.0168,1308.7341
9J4T,24,1215,5,1060.8005,35.3083,1060.5946,35.0688,1254.0248
9J4T,25,1175.75,5,998.0363,31.0928,998.2056,31.8549,1202.2091
9J4T,26,1137.58,5,978.3120,23.6098,978.3050,24.0195,1166.0138
9J4T,27,1100.49,5,953.9701,18.4224,954.8403,18.2172,1140.2595
9J4T,28,1064.43,5,923.0752,7.4191,922.6138,6.5768,1079.9322
9J4T,29,1029.39,5,898.9462,5.5141,899.3675,6.7079,1072.4535
9J4T,30,995.349,5,871.9042,10.5927,872.6439,10.7519,1043.1131
9J4T,31,962.275,5,843.3025,12.1811,843.6125,11.4244,1010.7547
9J4T,32,930.147,5,818.1645,11.5933,818.1682,11.5709,969.7540
9J4T,33,898.942,5,778.5884,13.0581,778.2923,14.1096,930.3742
9J4T,34,868.639,5,747.1024,15.7434,746.6151,15.3513,891.5061
9J4T,35,839.216,5,712.9949,11.1978,713.3107,11.7007,859.4919
9J4T,36,810.652,5,695.3085,11.2493,694.7318,11.0544,832.0913
9J4T,37,782.924,5,669.4319,8.6208,669.1411,7.8952,795.9506
9J4T,38,756.014,5,665.0479,13.0949,665.0749,12.5856,778.4110
9J4T,39,729.901,5,628.6428,16.5682,628.9574,16.6758,746.5388
9J4T,40,704.564,5,603.0188,9.5776,603.1688,9.6659,728.6577
9J4T,41,679.985,5,585.8743,11.2150,586.2373,11.1956,695.0665
9J4T,42,656.145,5,566.3174,12.1326,566.1501,12.4068,680.3783
9J4T,43,633.025,5,542.9442,11.3429,543.4716,11.4870,655.0864
9J4T,44,610.606,5,525.8669,7.9744,525.8125,8.1551,633.2112
9J4T,45,588.872,5,503.6964,11.3524,503.9013,11.6250,602.0770
9J4T,46,567.804,5,482.8811,1.9355,482.9652,1.3426,589.1405
9J4T,47,547.386,5,467.8233,8.3427,467.5041,7.8663,556.0896
9J4T,48,527.6,5,452.6441,9.6079,452.3162,10.3519,540.7493
9J4T,49,508.43,5,438.7105,10.4589,438.9815,10.3533,527.8138
9J4T,50,489.861,5,423.2668,5.7119,423.6137,5.9501,497.8325
9J4T,51,471.875,5,409.7740,7.1214,409.4443,7.0030,490.6474
9J4T,52,454.46,5,392.8865,6.6288,392.7527,5.8860,469.1781
9J4T,53,437.597,5,377.9331,11.5362,378.0734,11.3228,449.3612
9J4T,54,421.274,5,364.4054,8.7789,364.6810,8.9141,433.4186
9J4T,55,405.476,5,347.9832,2.6579,348.1464,2.8060,419.2934
9J4T,56,390.188,5,334.1369,7.2360,333.8321,7.1646,394.3477
9J4T,57,375.397,5,319.7436,3.3450,319.5902,3.5262,381.6587
9J4T,58,361.089,5,305.4386,6.0764,305.3870,5.9074,368.4738
9J4T,59,347.251,5,297.6308,5.3621,297.7179,5.6061,350.9604
9J4T,60,333.87,5,283.2498,3.6330,283.5070,3.7169,338.1902
9J4T,61,320.934,5,270.5055,4.1731,270.6047,4.3198,328.5784
9J4T,62,308.43,5,262.7305,4.2803,262.7549,4.4074,311.8091
9J4T,63,296.345,5,256.0602,5.4638,255.9929,5.3925,306.8995
9J4T,64,284.669,5,245.6515,5.4533,245.8237,5.4109,293.3256
9J4T,65,273.389,5,233.3186,2.8459,233.3955,2.8007,284.6676
9J4T,66,262.495,5,221.1846,2.8622,221.3468,2.9898,267.5192
9J4T,67,251.974,5,216.2159,4.7324,216.3051,4.8893,258.4346
9J4T,68,241.818,5,206.7925,2.6766,206.8646,2.9189,248.5066
9J4T,69,232.014,5,195.6123,2.9321,195.7275,2.9338,236.6756
9J4T,70,222.553,5,189.3231,3.5889,189.2983,3.6314,223.3441
9J4T,71,213.425,5,183.6550,4.1979,183.5830,4.3099,218.1614
9J4T,72,204.619,5,172.0464,4.4107,171.9171,4.2520,208.3851
9J4T,73,196.127,5,167.4368,4.2349,167.4135,4.5431,201.8507
9J4T,74,187.938,5,158.3881,3.7092,158.4937,3.7289,190.5351
9J4T,75,180.045,5,154.3893,4.7231,154.4799,4.7045,181.0484
9J4T,76,172.437,5,146.9222,1.9313,147.0837,1.9516,175.5254
9J4T,77,165.106,5,140.8914,1.4163,140.9434,1.5094,168.2951
9J4T,78,158.045,5,133.3134,2.1462,133.4541,2.1424,163.0497
9J4T,79,151.243,5,128.7266,1.5799,128.6787,1.5523,154.4237
9J4T,80,144.695,5,123.5157,1.8958,123.3219,2.1072,148.6404
9J4T,81,138.39,5,116.9317,1.7355,116.9902,1.9340,143.7091
9J4T,82,132.323,5,112.3819,2.6276,112.4291,2.6289,134.0785
9J4T,83,126.485,5,108.1538,1.3045,108.0416,1.3894,129.6273
9J4T,84,120.869,5,102.1671,2.6359,102.0168,2.5598,123.6941
9J4T,85,115.469,5,96.2462,0.7128,96.2628,0.6487,116.7194
9J4T,86,110.276,5,93.9311,1.8193,93.9551,1.8835,112.1738
9J4T,87,105.285,5,90.0804,0.9873,90.0868,0.9569,108.2852
9J4T,88,100.489,5,86.3077,0.5900,86.3256,0.5758,103.1147
9J4T,89,95.8813,5,81.0397,1.0695,81.1145,1.1579,95.9040
9J4T,90,91.4559,5,76.9030,1.1689,76.9196,1.2398,92.9379
9J4T,91,87.2068,5,74.0859,1.8315,74.1954,1.9147,88.5147
9J4T,92,83.1281,5,70.2489,0.4545,70.3743,0.6367,84.2542
9J4T,93,79.2139,5,66.0542,0.7659,66.2425,0.9093,80.5548
9J4T,94,75.4588,5,63.9908,1.4734,64.0109,1.4288,76.6273
9J4T,95,71.8574,5,61.1820,1.1589,61.3099,1.2163,72.7657
9J4T,96,68.4042,5,57.9617,0.6471,58.0771,0.5091,69.4378
9J4T,97,65.0944,5,54.3953,1.6146,54.4416,1.6799,66.0635
9J4T,98,61.9226,5,52.8700,1.1463,52.9898,1.2203,62.6760
9J4T,99,58.8844,5,49.6761,0.4593,49.7713,0.4599,59.6734
9J4T,100,55.9748,5,46.3060,0.8685,46.3135,0.8344,56.6199
9J4T,101,53.1893,5,43.6493,0.6321,43.7375,0.5564,53.0474
9J4T,102,50.5235,5,42.3008,0.9124,42.3564,0.9612,51.1734
9J4T,103,47.9731,5,40.3745,0.4948,40.3886,0.4156,48.4331
9J4T,104,45.5338,5,38.2068,0.4880,38.3274,0.4884,46.1593
9J4T,105,43.2016,5,36.1864,0.7606,36.3129,0.7053,43.7151
9J4T,106,40.9725,5,33.9128,0.4046,34.0701,0.5226,41.4903
9J4T,107,38.8428,5,32.4841,0.4245,32.5698,0.4250,39.5166
9J4T,108,36.8086,5,31.5661,0.1743,31.6588,0.1621,37.4809
9J4T,109,34.8665,5,28.5458,0.6064,28.6757,0.6501,35.2981
9J4T,110,33.0129,5,27.1565,0.8520,27.2611,0.8135,33.4318
9J4T,111,31.2443,5,25.9745,0.4415,26.1472,0.4074,31.5726
9J4T,112,29.5577,5,24.4450,0.6291,24.5986,0.5950,30.0167
9J4T,113,27.9497,5,22.9773,0.5150,23.1206,0.4650,27.8361
9J4T,114,26.4172,5,21.8652,0.3227,22.0752,0.3059,26.4478
9J4T,115,24.9573,5,20.3896,0.3081,20.5855,0.3680,24.8144
9J4T,116,23.5672,5,19.3326,0.4216,19.5152,0.4985,23.7292
9J4T,117,22.2439,5,18.5668,0.3743,18.6547,0.3233,22.0988
9J4T,118,20.9849,5,17.3862,0.4224,17.4854,0.3662,21.3537
9J4T,119,19.7874,5,16.2112,0.2794,16.4453,0.4185,19.9466
9J4T,120,18.649,5,15.4441,0.1378,15.6987,0.1316,18.6764
9J4T,121,17.5672,5,14.5408,0.2837,14.8176,0.2452,17.6715
9J4T,122,16.5396,5,13.7690,0.3351,14.0207,0.3478,16.7973
9J4T,123,15.564,5,13.0284,0.2054,13.3877,0.2173,15.5969
9J4T,124,14.6382,5,12.0805,0.1920,12.4113,0.2360,14.8916
9J4T,125,13.7599,5,11.4076,0.2327,11.7259,0.3199,13.8084
9J4T,126,12.9272,5,10.4812,0.1594,10.8811,0.1491,13.0312
9J4T,127,12.1381,5,10.0160,0.2310,10.5132,0.2878,12.0603
9J4T,128,11.3907,5,9.3786,0.1782,9.9492,0.1992,11.3632
9J4T,129,10.683,5,8.7128,0.2035,9.2252,0.1849,10.7721
9J4T,130,10.0134,5,8.3260,0.1716,8.9053,0.2064,9.9503
9J4T,131,9.38004,5,7.6379,0.2037,8.2262,0.0913,9.4666
9J4T,132,8.78137,5,7.2813,0.1192,7.8832,0.2042,8.6784
9J4T,133,8.21574,5,6.8278,0.1214,7.4530,0.2526,8.2200
9J4T,134,7.68164,5,6.3583,0.0829,7.0556,0.0825,7.5508
9J4T,135,7.17757,5,5.9909,0.1329,6.7627,0.1626,7.2537
9J4T,136,6.70213,5,5.5396,0.1344,6.3512,0.2671,6.7132
9J4T,137,6.25395,5,5.1021,0.1115,6.0088,0.1034,6.2583
9J4T,138,5.8317,5,4.8422,0.1113,5.7692,0.2657,5.8170
9J4T,139,5.43412,5,4.4888,0.1363,5.4959,0.1546,5.4099
9J4T,140,5.06001,5,4.1708,0.0601,5.1820,0.1928,5.0835
9J4T,141,4.7082,5,3.8925,0.0704,4.8701,0.1682,4.7361
9J4T,142,4.37757,5,3.6287,0.1246,4.7499,0.2093,4.3665
9J4T,143,4.06704,5,3.3826,0.1047,4.6560,0.1290,4.0740
9J4T,144,3.77558,5,3.0503,0.0487,4.4300,0.1112,3.7496
9J4T,145,3.50222,5,2.8270,0.0469,4.2335,0.1727,3.4592
9J4T,146,3.246,5,2.6783,0.0461,4.1424,0.1618,3.1835
9J4T,147,3.00601,5,2.4780,0.0511,3.9793,0.1839,3.0220
9J4T,148,2.7814,5,2.2851,0.0274,3.8871,0.1643,2.7723
9J4T,149,2.57133,5,2.0805,0.0404,3.8026,0.2067,2.5469
9J4T,150,2.37501,5,1.9348,0.0491,3.6898,0.2390,2.3798
9J4T,151,2.19168,5,1.7706,0.0235,3.6390,0.2675,2.1778
9J4T,152,2.02061,5,1.6205,0.0306,3.6048,0.2599,1.9816
9J4T,153,1.86112,5,1.5309,0.0274,3.5744,0.2082,1.8215
9J4T,154,1.71255,5,1.4146,0.0209,3.5500,0.1719,1.7084
9J4T,155,1.57426,5,1.2824,0.0320,3.4798,0.2032,1.5697
9J4T,156,1.44565,5,1.1682,0.0181,3.4493,0.2078,1.4087
9J4T,157,1.32616,5,1.0593,0.0287,3.4301,0.2171,1.3077
9J4T,158,1.21523,5,0.9642,0.0291,3.4103,0.2111,1.2066
9J4T,159,1.11236,5,0.9036,0.0164,3.3686,0.1940,1.0970
9J4T,160,1.01704,5,0.7987,0.0093,3.3190,0.2192,1.0331
9J4T,161,0.928804,5,0.6948,0.0080,3.2947,0.2196,0.1042
9J4T,162,0.847218,5,0.6033,0.0069,3.2759,0.2199,0.0917
9J4T,163,0.771854,5,0.5229,0.0059,3.2614,0.2199,0.0807
9J4T,164,0.702309,5,0.4522,0.0051,3.2504,0.2200,0.0709
9J4T,165,0.638207,5,0.3902,0.0044,3.2420,0.2199,0.0622
9J4T,166,0.579186,5,0.3360,0.0038,3.2356,0.2199,0.0545
9J4T,167,0.524908,5,0.2888,0.0032,3.2308,0.2198,0.0475
9J4T,168,0.475048,5,0.2476,0.0027,3.2273,0.2197,0.0414
9J4T,169,0.429305,5,0.2118,0.0023,3.2245,0.2195,0.0361
9J4T,170,0.38739,5,0.1808,0.0020,3.2225,0.2194,0.0313
9J4T,171,0.349033,5,0.1540,0.0017,3.2209,0.2192,0.0271
9J4T,172,0.313979,5,0.1309,0.0015,3.2198,0.2191,0.0235
9J4T,173,0.281986,5,0.1110,0.0013,3.2189,0.2190,0.0202
9J4T,174,0.252829,5,0.0940,0.0011,3.2183,0.2189,0.0174
9J4T,175,0.226295,5,0.0794,0.0009,3.2177,0.2188,0.0149
9J4T,176,0.202186,5,0.0670,0.0008,3.2174,0.2187,0.0128
9J4T,177,0.180312,5,0.0564,0.0008,3.2171,0.2187,0.0109
9J4T,178,0.160499,5,0.0475,0.0008,3.2168,0.2186,0.0094
9J4T,179,0.142582,5,0.0400,0.0009,3.2167,0.2186,0.0080
9J4T,180,0.126407,5,0.0337,0.0011,3.2165,0.2186,0.0068
9J4T,181,0.111832,5,0.0283,0.0010,3.2164,0.2185,0.0058
9J4T,182,0.0987208,5,0.0238,0.0012,3.2163,0.2185,0.0049
9J4T,183,0.0869503,5,0.0201,0.0013,3.2163,0.2184,0.0042
9J4T,184,0.0764038,5,0.0170,0.0014,3.2162,0.2184,0.0036
9J4T,185,0.0669735,5,0.0144,0.0014,3.2162,0.2184,0.0031
9J4T,186,0.0585587,5,0.0123,0.0016,3.2161,0.2183,0.0026
9J4T,187,0.0510671,5,0.0105,0.0017,3.2161,0.2183,0.0023
9J4T,188,0.0444124,5,0.0088,0.0015,3.2161,0.2183,0.0021
9J4T,189,0.0385154,5,0.0076,0.0015,3.2161,0.2183,0.0017
9J4T,190,0.0333026,5,0.0064,0.0013,3.2161,0.2183,0.0016
9J4T,191,0.0287066,5,0.0054,0.0010,3.2161,0.2183,0.0015
9J4T,192,0.0246654,5,0.0045,0.0008,3.2161,0.2182,0.0013
9J4T,193,0.021122,5,0.0038,0.0006,3.2161,0.2182,0.0012
9J4T,194,0.0180242,5,0.0031,0.0004,3.2160,0.2182,0.0011
9J4T,195,0.0153242,5,0.0025,0.0003,3.2161,0.2182,0.0010
9J4T,196,0.0129786,5,0.0020,0.0002,3.2161,0.2182,0.0010
9J4T,197,0.0109477,5,0.0015,0.0001,3.2161,0.2181,0.0009
9J4T,198,0.00919558,5,0.0011,0.0001,3.2161,0.2181,0.0008
9J4T,199,0.00768951,5,0.0007,0.0000,3.2161,0.2181,0.0007
9J4T,200,0.00640001,5,0.0000,0.0000,3.2161,0.2181,0.0007
9RXM,1,2485.54,5,2485.9992,48.2304,2486.0838,48.2997,
9RXM,2,2412.94,5,2147.1363,28.2563,2147.1267,28.1965,2611.6890
9RXM,3,2342.16,5,2039.5261,18.5755,2039.6901,18.5934,2451.6636
9RXM,4,2273.18,5,1985.4384,53.3172,1985.3359,53.1943,2293.8775
9RXM,5,2205.94,5,1914.8985,52.8999,1915.0206,52.7982,2306.0552
9RXM,6,2140.41,5,1868.3536,42.3717,1868.3857,42.3527,2156.6963
9RXM,7,2076.56,5,1806.0034,37.1318,1806.0751,37.0810,2147.7439
9RXM,8,2014.35,5,1781.0631,29.9199,1781.1679,29.9223,2083.6876
9RXM,9,1953.74,5,1685.9240,26.1437,1685.9185,26.1999,2023.9862
9RXM,10,1894.71,5,1646.3165,37.8232,1646.3629,37.8180,1975.7998
9RXM,11,1837.2,5,1606.9202,29.1422,1607.0114,29.0005,1882.3572
9RXM,12,1781.21,5,1547.2625,26.5935,1547.3791,26.5667,1838.5917
9RXM,13,1726.68,5,1500.8299,18.4231,1500.8512,18.4523,1786.5344
9RXM,14,1673.58,5,1461.1449,18.0503,1461.1530,17.9508,1707.7450
9RXM,15,1621.9,5,1393.9322,24.3192,1393.9302,24.1664,1663.1664
9RXM,16,1571.58,5,1386.6740,18.2477,1386.6553,18.2843,1618.3293
9RXM,17,1522.62,5,1317.5048,34.9935,1317.6857,34.7485,1581.9068
9RXM,18,1474.96,5,1287.6844,18.0814,1287.7678,18.1370,1535.3493
9RXM,19,1428.59,5,1244.5273,25.2465,1244.4955,25.1507,1474.1122
9RXM,20,1383.47,5,1214.5053,10.9468,1214.5148,10.9138,1414.1245
9RXM,21,1339.59,5,1162.9269,17.9329,1162.8993,18.0655,1384.3328
9RXM,22,1296.9,5,1111.3192,25.3816,1111.3436,25.3859,1322.8864
9RXM,23,1255.38,5,1092.1565,24.1779,1092.2338,24.1381,1289.1966
9RXM,24,1215,5,1055.8815,23.3536,1056.0831,23.5412,1256.3661
9RXM,25,1175.75,5,1013.6409,22.2774,1013.7529,22.3112,1220.9369
9RXM,26,1137.58,5,990.0062,24.7464,990.2370,24.7480,1169.6779
9RXM,27,1100.49,5,949.7735,21.9807,949.8011,21.9596,1134.9561
9RXM,28,1064.43,5,914.1310,17.6838,914.3969,17.6835,1098.6171
9RXM,29,1029.39,5,886.7715,8.0585,886.6793,8.2122,1051.5250
9RXM,30,995.349,5,859.0569,16.1969,859.0772,16.1704,1016.2103
9RXM,31,962.275,5,838.2895,8.9630,838.2571,9.0227,986.2898
9RXM,32,930.147,5,806.6554,22.2546,806.7386,22.1909,962.2619
9RXM,33,898.942,5,776.4809,14.3343,776.6495,14.2315,930.0129
9RXM,34,868.639,5,754.0052,12.3037,754.0229,12.3532,892.5795
9RXM,35,839.216,5,721.3153,20.0958,721.3070,20.0747,861.2656
9RXM,36,810.652,5,691.1280,13.3220,691.2897,13.4081,825.6168
9RXM,37,782.924,5,676.1327,12.9336,676.2082,12.8170,806.5645
9RXM,38,756.014,5,655.0669,9.9961,655.1230,10.0094,775.4600
9RXM,39,729.901,5,634.8475,9.3354,634.8185,9.3987,758.1964
9RXM,40,704.564,5,600.8252,11.5190,600.7901,11.4888,713.5289
9RXM,41,679.985,5,589.0026,12.1965,588.9592,12.1177,697.8760
9RXM,42,656.145,5,565.6153,10.3738,565.7692,10.1512,670.3086
9RXM,43,633.025,5,543.8829,3.9803,543.9106,3.9562,648.5547
9RXM,44,610.606,5,524.3536,12.7938,524.3055,12.8406,627.3272
9RXM,45,588.872,5,511.8915,5.0402,511.8267,4.9002,604.0708
9RXM,46,567.804,5,486.4085,6.9682,486.3643,6.9968,582.4434
9RXM,47,547.386,5,475.9401,8.9419,475.9344,8.9562,570.9076
9RXM,48,527.6,5,455.6793,8.0317,455.5679,8.2268,545.7074
9RXM,49,508.43,5,431.9389,10.1415,431.8813,10.2270,518.6435
9RXM,50,489.861,5,425.8924,5.7136,425.8849,5.7042,498.1173
9RXM,51,471.875,5,406.2926,7.0006,406.2497,6.9017,491.6009
9RXM,52,454.46,5,389.7372,9.4836,389.7594,9.4870,469.4700
9RXM,53,437.597,5,375.0422,9.6968,375.0141,9.7258,444.6645
9RXM,54,421.274,5,360.1691,6.4083,360.2281,6.3578,422.7106
9RXM,55,405.476,5,348.6480,3.8286,348.6921,3.8870,411.2717
9RXM,56,390.188,5,335.3863,5.1356,335.3050,5.2717,397.1391
9RXM,57,375.397,5,318.8683,7.1068,318.9172,7.0287,376.8013
9RXM,58,361.089,5,304.3276,7.5609,304.2801,7.5714,367.5603
9RXM,59,347.251,5,300.0607,12.0455,300.0765,12.0956,349.4367
9RXM,60,333.87,5,279.1561,2.4095,278.9570,2.3377,338.9940
9RXM,61,320.934,5,272.4571,3.9684,272.2644,4.1687,327.2267
9RXM,62,308.43,5,264.9143,5.6740,264.7266,5.7257,312.0134
9RXM,63,296.345,5,252.8585,4.7770,252.6980,4.9914,302.7536
9RXM,64,284.669,5,246.0532,2.2426,245.8160,2.0698,293.7911
9RXM,65,273.389,5,234.7708,3.0991,234.7442,3.0663,279.1547
9RXM,66,262.495,5,228.3083,3.9434,228.2673,3.8897,267.7461
9RXM,67,251.974,5,217.0332,3.7719,216.9719,3.7710,261.0378
9RXM,68,241.818,5,204.6990,2.9783,204.4978,3.0423,246.6257
9RXM,69,232.014,5,199.1344,3.8724,198.8555,3.8526,235.3550
9RXM,70,222.553,5,190.7805,4.9275,190.7656,4.9439,224.5904
9RXM,71,213.425,5,179.7255,8.0714,179.5422,7.8167,213.9262
9RXM,72,204.619,5,173.7414,4.1896,173.6143,3.9123,208.0103
9RXM,73,196.127,5,168.5972,1.8146,168.1726,1.3702,199.9622
9RXM,74,187.938,5,161.9612,4.1325,161.5978,4.3788,193.4826
9RXM,75,180.045,5,155.6646,1.4740,155.5178,1.4408,188.4485
9RXM,76,172.437,5,147.2423,2.3043,147.0767,2.0377,176.7930
9RXM,77,165.106,5,141.3143,1.6109,141.1195,1.3734,167.5136
9RXM,78,158.045,5,136.1321,1.8062,135.9777,1.8097,162.3004
9RXM,79,151.243,5,128.1754,2.0869,128.1374,2.1070,152.4984
9RXM,80,144.695,5,121.7059,1.4695,121.4940,1.2038,149.0003
9RXM,81,138.39,5,117.8519,3.4620,117.3880,2.8686,140.8476
9RXM,82,132.323,5,111.3036,2.3348,111.0216,2.0592,135.0192
9RXM,83,126.485,5,107.2180,1.4844,107.3804,1.7928,127.0910
9RXM,84,120.869,5,101.4054,1.2370,101.7763,1.6914,122.9233
9RXM,85,115.469,5,98.5456,1.1749,98.7763,1.2788,118.1815
9RXM,86,110.276,5,92.7360,2.7094,93.0462,2.7386,113.7564
9RXM,87,105.285,5,87.3325,1.4515,87.8220,1.3676,106.9991
9RXM,88,100.489,5,84.7792,1.1258,85.0650,1.4384,100.6734
9RXM,89,95.8813,5,79.8508,1.0758,80.4043,1.5890,96.9957
9RXM,90,91.4559,5,76.5793,1.3141,77.0698,1.7632,91.0402
9RXM,91,87.2068,5,72.9613,1.6146,73.6030,1.3118,88.3629
9RXM,92,83.1281,5,70.9699,1.1636,71.5047,1.6328,83.3370
9RXM,93,79.2139,5,67.2194,1.1366,67.7437,1.6243,80.2068
9RXM,94,75.4588,5,63.2710,1.2820,63.7374,0.7369,75.9733
9RXM,95,71.8574,5,60.2354,1.1840,60.8378,1.3076,72.6233
9RXM,96,68.4042,5,57.1317,0.6112,57.7342,1.0440,70.0463
9RXM,97,65.0944,5,55.2868,1.0881,55.9121,1.3255,66.8457
9RXM,98,61.9226,5,51.9505,1.0769,52.7173,1.7260,62.6031
9RXM,99,58.8844,5,49.2667,1.0552,50.0548,2.0156,59.3671
9RXM,100,55.9748,5,46.8817,0.8496,47.3312,1.1168,56.5252
9RXM,101,53.1893,5,44.8994,0.6367,45.4953,1.4910,54.2548
9RXM,102,50.5235,5,42.3561,0.8818,43.0859,1.2253,51.1074
9RXM,103,47.9731,5,40.6274,0.9069,41.4459,1.5736,48.7996
9RXM,104,45.5338,5,37.8377,0.6361,38.8776,2.4734,46.3796
9RXM,105,43.2016,5,35.9127,0.9028,36.9542,2.0432,42.9923
9RXM,106,40.9725,5,33.7789,0.5770,34.8935,2.2272,41.5937
9RXM,107,38.8428,5,32.4198,0.6207,33.3131,1.6770,38.6892
9RXM,108,36.8086,5,30.9329,0.5821,31.8835,1.9445,36.9054
9RXM,109,34.8665,5,29.0290,0.4372,30.1561,2.2951,35.5348
9RXM,110,33.0129,5,27.8736,0.4806,28.8899,1.4490,33.4790
9RXM,111,31.2443,5,26.3746,0.7412,27.5574,2.5167,31.1715
9RXM,112,29.5577,5,24.6041,0.5102,25.8675,2.6511,29.6555
9RXM,113,27.9497,5,23.3479,0.3615,24.6903,2.5690,28.1795
9RXM,114,26.4172,5,22.2558,0.2229,23.6388,2.8962,26.9536
9RXM,115,24.9573,5,20.5326,0.2274,22.2081,3.1857,25.2745
9RXM,116,23.5672,5,19.5616,0.4293,21.2795,3.0297,23.8905
9RXM,117,22.2439,5,18.0905,0.2847,19.6997,3.2813,22.2541
9RXM,118,20.9849,5,17.6405,0.4530,19.3326,3.4730,21.0327
9RXM,119,19.7874,5,16.4113,0.3741,18.2521,3.3934,20.1730
9RXM,120,18.649,5,15.2794,0.1815,17.2629,3.9079,18.4375
9RXM,121,17.5672,5,14.4430,0.3345,16.5134,3.7957,17.3669
9RXM,122,16.5396,5,13.4516,0.2487,15.6094,4.1438,16.4525
9RXM,123,15.564,5,12.7722,0.1347,14.9515,4.2020,15.4723
9RXM,124,14.6382,5,12.0042,0.0811,14.2277,4.2223,14.4165
9RXM,125,13.7599,5,11.2813,0.1681,13.6205,4.3453,13.8218
9RXM,126,12.9272,5,10.7418,0.1433,13.1786,4.7755,12.7928
9RXM,127,12.1381,5,10.1170,0.1891,12.5524,4.7358,12.2395
9RXM,128,11.3907,5,9.3556,0.1215,11.9135,4.9021,11.4580
9RXM,129,10.683,5,8.8439,0.1421,11.4397,4.8619,10.7605
9RXM,130,10.0134,5,8.2491,0.1890,10.9283,5.0576,9.9260
9RXM,131,9.38004,5,7.7596,0.0953,10.4221,5.0919,9.3406
9RXM,132,8.78137,5,7.2742,0.2082,10.0310,5.1768,8.7350
9RXM,133,8.21574,5,6.7089,0.1099,9.5984,5.3724,8.1960
9RXM,134,7.68164,5,6.3754,0.0869,9.2736,5.3881,7.6938
9RXM,135,7.17757,5,5.9317,0.1093,8.9306,5.5790,7.1639
9RXM,136,6.70213,5,5.5083,0.1059,8.5730,5.6962,6.6295
9RXM,137,6.25395,5,5.1480,0.1295,8.2595,5.8491,6.2788
9RXM,138,5.8317,5,4.7739,0.1256,7.9311,5.9366,5.8528
9RXM,139,5.43412,5,4.4289,0.1259,7.6696,6.0589,5.2917
9RXM,140,5.06001,5,4.2309,0.0775,7.5609,6.1128,5.0472
9RXM,141,4.7082,5,3.9306,0.0754,7.3405,6.1629,4.7364
9RXM,142,4.37757,5,3.6406,0.0535,7.1044,6.3281,4.3309
9RXM,143,4.06704,5,3.3860,0.0552,6.9518,6.4050,4.0779
9RXM,144,3.77558,5,3.1422,0.0561,6.7166,6.4716,3.7577
9RXM,145,3.50222,5,2.9457,0.1190,6.5074,6.5739,3.4549
9RXM,146,3.246,5,2.6735,0.0539,6.3717,6.6396,3.2047
9RXM,147,3.00601,5,2.4542,0.0767,6.2075,6.6708,2.9542
9RXM,148,2.7814,5,2.3331,0.0724,6.1305,6.6892,2.7787
9RXM,149,2.57133,5,2.1397,0.0734,5.9802,6.7322,2.5253
9RXM,150,2.37501,5,1.9758,0.0289,5.8925,6.7693,2.3278
9RXM,151,2.19168,5,1.8253,0.0412,5.8303,6.8262,2.1731
9RXM,152,2.02061,5,1.6442,0.0365,5.7236,6.8326,1.9838
9RXM,153,1.86112,5,1.5321,0.0238,5.6312,6.8701,1.8442
9RXM,154,1.71255,5,1.4052,0.0220,5.5991,6.8870,1.7178
9RXM,155,1.57426,5,1.2917,0.0386,5.5782,6.9541,1.5635
9RXM,156,1.44565,5,1.1773,0.0351,5.5340,6.9937,1.4435
9RXM,157,1.32616,5,1.0749,0.0227,5.4739,6.9790,1.3183
9RXM,158,1.21523,5,0.9752,0.0104,5.4348,6.9899,1.2160
9RXM,159,1.11236,5,0.8868,0.0132,5.4171,7.0324,1.0948
9RXM,160,1.01704,5,0.7855,0.0259,5.3898,7.0689,0.9993
9RXM,161,0.928804,5,0.6833,0.0226,5.3571,7.0795,0.1024
9RXM,162,0.847218,5,0.5933,0.0195,5.3317,7.0873,0.0903
9RXM,163,0.771854,5,0.5141,0.0169,5.3120,7.0929,0.0795
9RXM,164,0.702309,5,0.4446,0.0146,5.2970,7.0970,0.0698
9RXM,165,0.638207,5,0.3837,0.0125,5.2857,7.0996,0.0612
9RXM,166,0.579186,5,0.3305,0.0107,5.2771,7.1015,0.0535
9RXM,167,0.524908,5,0.2841,0.0092,5.2708,7.1025,0.0468
9RXM,168,0.475048,5,0.2436,0.0079,5.2661,7.1030,0.0408
9RXM,169,0.429305,5,0.2086,0.0067,5.2626,7.1032,0.0354
9RXM,170,0.38739,5,0.1782,0.0058,5.2602,7.1031,0.0307
9RXM,171,0.349033,5,0.1519,0.0049,5.2583,7.1029,0.0266
9RXM,172,0.313979,5,0.1293,0.0041,5.2571,7.1026,0.0230
9RXM,173,0.281986,5,0.1098,0.0034,5.2561,7.1023,0.0198
9RXM,174,0.252829,5,0.0931,0.0029,5.2555,7.1019,0.0171
9RXM,175,0.226295,5,0.0788,0.0025,5.2551,7.1015,0.0147
9RXM,176,0.202186,5,0.0665,0.0021,5.2548,7.1011,0.0126
9RXM,177,0.180312,5,0.0562,0.0018,5.2546,7.1009,0.0108
9RXM,178,0.160499,5,0.0474,0.0016,5.2546,7.1006,0.0092
9RXM,179,0.142582,5,0.0398,0.0013,5.2546,7.1003,0.0079
9RXM,180,0.126407,5,0.0335,0.0012,5.2546,7.1000,0.0067
9RXM,181,0.111832,5,0.0282,0.0010,5.2546,7.0998,0.0058
9RXM,182,0.0987208,5,0.0236,0.0009,5.2546,7.0997,0.0050
9RXM,183,0.0869503,5,0.0199,0.0007,5.2547,7.0995,0.0042
9RXM,184,0.0764038,5,0.0167,0.0007,5.2547,7.0993,0.0036
9RXM,185,0.0669735,5,0.0140,0.0006,5.2548,7.0992,0.0031
9RXM,186,0.0585587,5,0.0117,0.0005,5.2548,7.0992,0.0027
9RXM,187,0.0510671,5,0.0099,0.0004,5.2548,7.0991,0.0023
9RXM,188,0.0444124,5,0.0083,0.0004,5.2548,7.0990,0.0020
9RXM,189,0.0385154,5,0.0070,0.0003,5.2548,7.0990,0.0018
9RXM,190,0.0333026,5,0.0059,0.0003,5.2548,7.0989,0.0016
9RXM,191,0.0287066,5,0.0049,0.0002,5.2549,7.0989,0.0015
9RXM,192,0.0246654,5,0.0041,0.0001,5.2549,7.0988,0.0013
9RXM,193,0.021122,5,0.0034,0.0002,5.2549,7.0988,0.0012
9RXM,194,0.0180242,5,0.0029,0.0001,5.2549,7.0988,0.0011
9RXM,195,0.0153242,5,0.0023,0.0001,5.2550,7.0988,0.0010
9RXM,196,0.0129786,5,0.0019,0.0001,5.2550,7.0987,0.0009
9RXM,197,0.0109477,5,0.0014,0.0000,5.2550,7.0987,0.0009
9RXM,198,0.00919558,5,0.0011,0.0000,5.2550,7.0987,0.0008
9RXM,199,0.00768951,5,0.0007,0.0000,5.2550,7.0987,0.0008
9RXM,200,0.00640001,5,0.0000,0.0000,5.2550,7.0987,0.0007
24ST,1,2485.54,5,2457.6371,17.0437,2457.6622,17.0045,
24ST,2,2412.94,5,2125.2833,46.8968,2125.3160,46.9038,2617.2557
24ST,3,2342.16,5,2052.3538,21.1117,2052.3227,21.0895,2436.6105
24ST,4,2273.18,5,1986.7462,50.7066,1986.7074,50.6729,2365.8282
24ST,5,2205.94,5,1938.5671,30.7015,1938.5283,30.6942,2305.7762
24ST,6,2140.41,5,1870.8750,27.1083,1870.8140,27.0934,2212.3395
24ST,7,2076.56,5,1801.8383,40.4334,1801.8162,40.3870,2139.1480
24ST,8,2014.35,5,1774.1204,31.2463,1774.1651,31.2777,2058.4903
24ST,9,1953.74,5,1718.5593,20.9980,1718.5124,20.9846,2028.5586
24ST,10,1894.71,5,1668.3503,41.9138,1668.3656,41.9180,1956.4781
24ST,11,1837.2,5,1600.6476,14.7128,1600.6619,14.7167,1886.0599
24ST,12,1781.21,5,1542.1439,17.8397,1542.0723,17.8252,1847.2462
24ST,13,1726.68,5,1514.6379,21.3569,1514.5705,21.3525,1793.6386
24ST,14,1673.58,5,1455.7877,20.2606,1455.7690,20.2221,1729.6553
24ST,15,1621.9,5,1395.4271,13.4012,1395.3927,13.3386,1666.3180
24ST,16,1571.58,5,1355.7241,19.3795,1355.7465,19.4387,1614.0010
24ST,17,1522.62,5,1307.7671,29.8855,1307.7646,29.8390,1542.1006
24ST,18,1474.96,5,1282.3727,12.3458,1282.4188,12.3819,1545.9876
24ST,19,1428.59,5,1220.9684,23.0334,1220.9746,22.9751,1461.4957
24ST,20,1383.47,5,1204.8560,15.0788,1204.8240,15.0754,1413.6245
24ST,21,1339.59,5,1159.2506,34.1518,1159.2267,34.1090,1377.1000
24ST,22,1296.9,5,1122.9319,19.4094,1122.9217,19.4368,1330.3110
24ST,23,1255.38,5,1090.0624,23.0769,1090.0654,23.0554,1293.2128
24ST,24,1215,5,1065.0225,26.1434,1065.0494,26.1502,1251.7810
24ST,25,1175.75,5,1005.1791,10.3364,1005.2331,10.3740,1202.1020
24ST,26,1137.58,5,994.1948,6.7004,994.1769,6.6534,1174.7117
24ST,27,1100.49,5,955.0180,9.8908,954.9630,9.9212,1144.7245
24ST,28,1064.43,5,916.4604,6.0316,916.5048,6.0824,1089.4668
24ST,29,1029.39,5,878.1610,20.1393,878.1577,20.1495,1044.2899
24ST,30,995.349,5,855.9744,13.6711,855.9582,13.7477,1018.9618
24ST,31,962.275,5,834.5651,12.6032,834.5901,12.6063,997.5721
24ST,32,930.147,5,806.4691,7.9648,806.4425,7.9414,965.5586
24ST,33,898.942,5,785.7991,13.4114,785.8728,13.3883,933.6972
24ST,34,868.639,5,744.0783,13.7384,744.1748,13.8002,899.4897
24ST,35,839.216,5,722.2541,4.4159,722.2275,4.4215,861.3204
24ST,36,810.652,5,710.7996,10.3210,710.7791,10.2867,841.9955
24ST,37,782.924,5,674.9228,10.8474,674.9525,10.8175,792.1131
24ST,38,756.014,5,646.6566,7.2927,646.7103,7.3328,767.3770
24ST,39,729.901,5,632.3075,14.6359,632.3555,14.6329,737.8783
24ST,40,704.564,5,605.7382,11.4422,605.7403,11.4930,730.4620
24ST,41,679.985,5,587.7802,9.7978,587.7670,9.7712,707.9369
24ST,42,656.145,5,567.5832,11.2528,567.5823,11.2739,681.9617
24ST,43,633.025,5,540.7498,5.1288,540.7410,5.1093,653.9905
24ST,44,610.606,5,522.3910,5.3776,522.3343,5.3607,630.7296
24ST,45,588.872,5,515.1953,10.6415,515.2073,10.6554,602.1260
24ST,46,567.804,5,483.3756,5.5592,483.4114,5.5892,583.1355
24ST,47,547.386,5,462.4529,7.6225,462.4891,7.6343,555.4327
24ST,48,527.6,5,456.2968,5.8055,456.2683,5.7851,544.1409
24ST,49,508.43,5,433.7379,12.7321,433.7144,12.7704,518.1041
24ST,50,489.861,5,421.0510,6.5207,421.0440,6.5058,496.9339
24ST,51,471.875,5,401.1726,5.8825,401.1719,5.9386,482.3583
24ST,52,454.46,5,391.6643,8.7853,391.6617,8.8291,467.5424
24ST,53,437.597,5,376.3027,4.5919,376.2553,4.5595,451.8932
24ST,54,421.274,5,360.4144,7.1755,360.3980,7.1564,432.2625
24ST,55,405.476,5,344.6052,4.4381,344.5344,4.4746,409.5818
24ST,56,390.188,5,332.0308,3.8655,332.0729,3.8448,399.2244
24ST,57,375.397,5,323.7292,4.7695,323.7385,4.7970,384.1101
24ST,58,361.089,5,302.8509,5.9150,302.8869,5.9000,365.7410
24ST,59,347.251,5,300.1473,3.0622,300.1606,2.9885,351.4594
24ST,60,333.87,5,286.1164,9.2234,286.1592,9.2533,343.7928
24ST,61,320.934,5,273.1377,8.2279,273.2094,8.1976,331.1981
24ST,62,308.43,5,264.6008,4.8557,264.6113,4.7838,319.4479
24ST,63,296.345,5,252.9544,4.8524,253.0187,4.8475,304.1153
24ST,64,284.669,5,240.6384,5.6059,240.6503,5.5592,290.6169
24ST,65,273.389,5,236.7451,3.6634,236.7620,3.6325,280.0848
24ST,66,262.495,5,225.7417,3.3682,225.7659,3.3690,267.1951
24ST,67,251.974,5,212.1943,4.4108,212.2053,4.4660,256.7909
24ST,68,241.818,5,204.5054,2.6749,204.4954,2.6423,241.3346
24ST,69,232.014,5,196.6712,4.8838,196.6179,4.8414,236.6349
24ST,70,222.553,5,190.8977,1.4674,190.8931,1.5103,226.3187
24ST,71,213.425,5,182.6673,4.4059,182.6544,4.3709,220.0973
24ST,72,204.619,5,175.7984,4.5817,175.7970,4.5668,207.2701
24ST,73,196.127,5,166.3922,1.0194,166.4117,0.9860,200.4072
24ST,74,187.938,5,161.2435,2.1875,161.1951,2.1886,191.9765
24ST,75,180.045,5,153.7229,3.4152,153.7346,3.4524,185.5960
24ST,76,172.437,5,147.9680,1.0243,148.0063,1.0711,178.1153
24ST,77,165.106,5,138.0252,2.2364,138.0751,2.2286,168.2081
24ST,78,158.045,5,135.5749,4.6479,135.4835,4.6250,162.7254
24ST,79,151.243,5,128.6131,1.6495,128.5641,1.6594,155.7873
24ST,80,144.695,5,121.8669,1.8412,121.8349,1.8696,145.9987
24ST,81,138.39,5,119.0122,3.0940,119.0421,3.1169,143.5028
24ST,82,132.323,5,114.3489,2.5997,114.3427,2.5988,136.6099
24ST,83,126.485,5,106.0003,2.4404,105.9604,2.4078,127.0250
24ST,84,120.869,5,103.3149,0.7850,103.2643,0.7429,123.2238
24ST,85,115.469,5,98.1515,0.9115,98.1713,0.9083,116.8664
24ST,86,110.276,5,93.0007,0.3879,92.9632,0.3846,111.7780
24ST,87,105.285,5,89.7901,2.0286,89.8297,1.9875,106.7682
24ST,88,100.489,5,85.2628,0.9423,85.3095,0.9279,103.5880
24ST,89,95.8813,5,80.2448,1.9502,80.2506,1.9064,97.9698
24ST,90,91.4559,5,76.7280,1.4166,76.7487,1.3982,92.1846
24ST,91,87.2068,5,73.6019,0.8018,73.5920,0.8289,87.8050
24ST,92,83.1281,5,70.4539,1.0642,70.4649,1.0393,85.6342
24ST,93,79.2139,5,65.9492,0.7910,66.0063,0.8593,80.1292
24ST,94,75.4588,5,62.5568,0.5698,62.6178,0.6263,75.3482
24ST,95,71.8574,5,60.8588,0.8787,60.9220,0.9004,73.5162
24ST,96,68.4042,5,56.9207,1.0424,56.9077,1.0372,69.6898
24ST,97,65.0944,5,53.9375,1.0124,53.9344,0.9689,65.9464
24ST,98,61.9226,5,51.7459,0.5864,51.8464,0.6125,61.6500
24ST,99,58.8844,5,48.7716,1.1569,48.8712,1.1600,58.9613
24ST,100,55.9748,5,47.0456,1.0252,47.1751,1.0376,56.5890
24ST,101,53.1893,5,44.8360,0.5515,44.8797,0.5145,53.7047
24ST,102,50.5235,5,42.1108,0.6364,42.1902,0.6422,51.0849
24ST,103,47.9731,5,40.4512,0.5544,40.5964,0.5734,49.4467
24ST,104,45.5338,5,37.9223,0.8472,38.0183,0.8683,45.9107
24ST,105,43.2016,5,36.2382,0.5569,36.3649,0.4858,44.1520
24ST,106,40.9725,5,33.7810,0.5542,33.9126,0.5848,41.5267
24ST,107,38.8428,5,32.4523,0.4043,32.6293,0.3906,38.5193
24ST,108,36.8086,5,30.8079,0.3550,30.9987,0.3447,37.2407
24ST,109,34.8665,5,28.7721,0.4060,28.9346,0.4079,35.4017
24ST,110,33.0129,5,27.1094,0.3021,27.2132,0.2341,33.3167
24ST,111,31.2443,5,25.9129,0.3230,26.0712,0.2435,31.6045
24ST,112,29.5577,5,24.5053,0.3164,24.6613,0.3237,29.7160
24ST,113,27.9497,5,23.4497,0.4686,23.5945,0.4350,28.3999
24ST,114,26.4172,5,22.0151,0.3187,22.2259,0.3558,26.4117
24ST,115,24.9573,5,20.4756,0.3285,20.7427,0.3513,25.0076
24ST,116,23.5672,5,19.7165,0.2950,19.9558,0.2495,23.9170
24ST,117,22.2439,5,18.3027,0.2983,18.5781,0.2894,22.5153
24ST,118,20.9849,5,17.6110,0.4530,17.8380,0.5335,21.4516
24ST,119,19.7874,5,16.2735,0.2782,16.5408,0.2853,20.0951
24ST,120,18.649,5,15.4752,0.3971,15.7790,0.3710,18.9177
24ST,121,17.5672,5,14.4712,0.3028,14.8031,0.2915,17.6975
24ST,122,16.5396,5,13.1679,0.3319,13.4825,0.2857,16.2224
24ST,123,15.564,5,13.0058,0.2224,13.3116,0.2916,15.4544
24ST,124,14.6382,5,12.0276,0.1325,12.3465,0.1059,14.6679
24ST,125,13.7599,5,11.3160,0.1597,11.6877,0.1865,13.7411
24ST,126,12.9272,5,10.7733,0.1708,11.2335,0.1856,13.0349
24ST,127,12.1381,5,9.9814,0.1516,10.4362,0.1259,12.0090
24ST,128,11.3907,5,9.2668,0.1139,9.6868,0.1424,11.1990
24ST,129,10.683,5,8.6985,0.0965,9.1052,0.1245,10.5599
24ST,130,10.0134,5,8.1428,0.1872,8.6026,0.1930,9.8736
24ST,131,9.38004,5,7.5940,0.1456,8.0883,0.1738,9.4034
24ST,132,8.78137,5,7.1507,0.1503,7.7095,0.1704,8.7636
24ST,133,8.21574,5,6.6517,0.0969,7.2883,0.1010,8.1798
24ST,134,7.68164,5,6.1512,0.0561,6.8315,0.0837,7.5556
24ST,135,7.17757,5,5.6722,0.1287,6.4283,0.1160,7.0497
24ST,136,6.70213,5,5.4536,0.0517,6.1504,0.1043,6.6352
24ST,137,6.25395,5,5.0697,0.0988,5.8096,0.0788,6.2446
24ST,138,5.8317,5,4.7391,0.0897,5.6165,0.0728,5.7799
24ST,139,5.43412,5,4.4041,0.0575,5.2694,0.0751,5.4459
24ST,140,5.06001,5,4.0834,0.0616,5.0415,0.0871,5.0223
24ST,141,4.7082,5,3.7719,0.0935,4.8033,0.0993,4.6767
24ST,142,4.37757,5,3.5952,0.0732,4.6651,0.0801,4.3723
24ST,143,4.06704,5,3.3049,0.0504,4.4694,0.0531,4.0665
24ST,144,3.77558,5,3.0817,0.0685,4.3043,0.0744,3.7882
24ST,145,3.50222,5,2.8884,0.0145,4.1917,0.0374,3.5549
24ST,146,3.246,5,2.6785,0.0386,4.1368,0.0709,3.2209
24ST,147,3.00601,5,2.4618,0.0605,3.9682,0.0732,2.9751
24ST,148,2.7814,5,2.2723,0.0276,3.8422,0.1031,2.7757
24ST,149,2.57133,5,2.1218,0.0516,3.6896,0.1530,2.5780
24ST,150,2.37501,5,1.9480,0.0217,3.6016,0.1038,2.3866
24ST,151,2.19168,5,1.7925,0.0383,3.5040,0.0418,2.1903
24ST,152,2.02061,5,1.6457,0.0218,3.4215,0.0749,2.0158
24ST,153,1.86112,5,1.5120,0.0061,3.3342,0.0575,1.8669
24ST,154,1.71255,5,1.4011,0.0280,3.2923,0.0334,1.6864
24ST,155,1.57426,5,1.2754,0.0217,3.2646,0.0517,1.5604
24ST,156,1.44565,5,1.1599,0.0206,3.2327,0.0696,1.4271
24ST,157,1.32616,5,1.0794,0.0213,3.2216,0.0797,1.3127
24ST,158,1.21523,5,0.9672,0.0121,3.1637,0.0793,1.2089
24ST,159,1.11236,5,0.8797,0.0184,3.1456,0.0934,1.0902
24ST,160,1.01704,5,0.7967,0.0080,3.1272,0.0879,1.0004
24ST,161,0.928804,5,0.6933,0.0068,3.1018,0.0878,0.1037
24ST,162,0.847218,5,0.6021,0.0058,3.0821,0.0876,0.0915
24ST,163,0.771854,5,0.5219,0.0049,3.0668,0.0875,0.0805
24ST,164,0.702309,5,0.4515,0.0041,3.0552,0.0875,0.0706
24ST,165,0.638207,5,0.3898,0.0035,3.0463,0.0874,0.0620
24ST,166,0.579186,5,0.3358,0.0030,3.0394,0.0874,0.0542
24ST,167,0.524908,5,0.2887,0.0025,3.0342,0.0874,0.0474
24ST,168,0.475048,5,0.2476,0.0021,3.0303,0.0874,0.0413
24ST,169,0.429305,5,0.2119,0.0019,3.0273,0.0874,0.0359
24ST,170,0.38739,5,0.1810,0.0016,3.0251,0.0874,0.0313
24ST,171,0.349033,5,0.1542,0.0014,3.0234,0.0874,0.0270
24ST,172,0.313979,5,0.1312,0.0013,3.0222,0.0874,0.0234
24ST,173,0.281986,5,0.1114,0.0011,3.0212,0.0874,0.0202
24ST,174,0.252829,5,0.0944,0.0010,3.0205,0.0874,0.0174
24ST,175,0.226295,5,0.0798,0.0009,3.0200,0.0873,0.0149
24ST,176,0.202186,5,0.0675,0.0008,3.0196,0.0873,0.0128
24ST,177,0.180312,5,0.0570,0.0008,3.0193,0.0873,0.0109
24ST,178,0.160499,5,0.0482,0.0008,3.0191,0.0873,0.0093
24ST,179,0.142582,5,0.0407,0.0008,3.0189,0.0872,0.0079
24ST,180,0.126407,5,0.0345,0.0008,3.0188,0.0872,0.0068
24ST,181,0.111832,5,0.0291,0.0008,3.0188,0.0872,0.0058
24ST,182,0.0987208,5,0.0246,0.0007,3.0187,0.0872,0.0050
24ST,183,0.0869503,5,0.0209,0.0007,3.0187,0.0872,0.0042
24ST,184,0.0764038,5,0.0177,0.0007,3.0187,0.0871,0.0036
24ST,185,0.0669735,5,0.0151,0.0007,3.0187,0.0871,0.0031
24ST,186,0.0585587,5,0.0129,0.0007,3.0187,0.0871,0.0027
24ST,187,0.0510671,5,0.0109,0.0006,3.0187,0.0871,0.0024
24ST,188,0.0444124,5,0.0093,0.0005,3.0187,0.0871,0.0020
24ST,189,0.0385154,5,0.0079,0.0006,3.0187,0.0871,0.0018
24ST,190,0.0333026,5,0.0066,0.0005,3.0187,0.0871,0.0017
24ST,191,0.0287066,5,0.0055,0.0004,3.0187,0.0870,0.0015
24ST,192,0.0246654,5,0.0046,0.0004,3.0188,0.0870,0.0014
24ST,193,0.021122,5,0.0038,0.0004,3.0188,0.0871,0.0012
24ST,194,0.0180242,5,0.0031,0.0002,3.0188,0.0870,0.0011
24ST,195,0.0153242,5,0.0025,0.0002,3.0188,0.0870,0.0010
24ST,196,0.0129786,5,0.0020,0.0002,3.0188,0.0870,0.0010
24ST,197,0.0109477,5,0.0015,0.0001,3.0189,0.0870,0.0009
24ST,198,0.00919558,5,0.0011,0.0001,3.0189,0.0870,0.0008
24ST,199,0.00768951,5,0.0007,0.0000,3.0189,0.0870,0.0007
24ST,200,0.00640001,5,0.0000,0.0000,3.0189,0.0870,0.0007
9WC2,1,2485.54,5,2473.3153,48.7488,2473.3417,48.7520,
9WC2,2,2412.94,5,2104.2471,14.3778,2104.2653,14.3872,2635.5760
9WC2,3,2342.16,5,2061.2464,38.8873,2061.2416,38.8860,2415.2874
9WC2,4,2273.18,5,1979.5725,13.8296,1979.5831,13.8115,2352.9802
9WC2,5,2205.94,5,1929.2958,30.2701,1929.3048,30.2588,2277.9869
9WC2,6,2140.41,5,1849.2699,21.8356,1849.2734,21.8239,2185.3292
9WC2,7,2076.56,5,1817.3448,23.5409,1817.3444,23.5364,2125.2996
9WC2,8,2014.35,5,1738.1923,20.2233,1738.1911,20.2320,2062.3544
9WC2,9,1953.74,5,1714.2022,27.7208,1714.2458,27.7331,2037.1608
9WC2,10,1894.71,5,1637.1072,25.0754,1637.1216,25.0814,1949.8390
9WC2,11,1837.2,5,1616.7578,10.0105,1616.7552,10.0319,1933.1844
9WC2,12,1781.21,5,1540.6892,30.9025,1540.7061,30.9138,1841.7224
9WC2,13,1726.68,5,1514.8223,25.1840,1514.8049,25.1873,1798.9269
9WC2,14,1673.58,5,1430.5967,33.2471,1430.5790,33.2208,1712.5865
9WC2,15,1621.9,5,1420.3728,18.1393,1420.4034,18.1502,1659.4731
9WC2,16,1571.58,5,1368.9381,22.2178,1368.9430,22.2346,1619.9466
9WC2,17,1522.62,5,1313.2491,15.8108,1313.2992,15.8001,1581.1623
9WC2,18,1474.96,5,1285.2254,37.7361,1285.2137,37.7546,1511.8563
9WC2,19,1428.59,5,1223.2398,19.2072,1223.2436,19.2165,1459.7017
9WC2,20,1383.47,5,1187.4618,16.1815,1187.4916,16.1480,1399.6463
9WC2,21,1339.59,5,1154.1271,20.0473,1154.1358,20.0391,1403.3277
9WC2,22,1296.9,5,1117.5781,29.3107,1117.5694,29.2893,1333.2259
9WC2,23,1255.38,5,1097.8804,28.8284,1097.8926,28.8582,1288.2497
9WC2,24,1215,5,1039.9568,29.0163,1039.9544,28.9966,1243.1782
9WC2,25,1175.75,5,1011.1542,20.0949,1011.1546,20.0882,1198.5414
9WC2,26,1137.58,5,981.9589,23.0832,981.9556,23.0651,1146.2067
9WC2,27,1100.49,5,963.2532,25.0333,963.2629,25.0200,1132.9906
9WC2,28,1064.43,5,929.6936,8.5227,929.7174,8.5189,1103.0341
9WC2,29,1029.39,5,889.6043,17.7685,889.6528,17.7555,1055.2498
9WC2,30,995.349,5,846.9168,10.8280,846.9560,10.8558,1001.0503
9WC2,31,962.275,5,835.3178,11.8280,835.3361,11.8285,993.2451
9WC2,32,930.147,5,815.2990,13.9980,815.2809,13.9906,957.8873
9WC2,33,898.942,5,773.7239,11.0455,773.7179,11.0479,921.3342
9WC2,34,868.639,5,748.0861,8.9681,748.0773,8.9632,878.2001
9WC2,35,839.216,5,733.4159,8.7873,733.4265,8.7986,866.8739
9WC2,36,810.652,5,698.4335,11.5648,698.4396,11.5225,837.7599
9WC2,37,782.924,5,668.3971,8.7161,668.3997,8.7071,799.2179
9WC2,38,756.014,5,641.8720,18.0040,641.8893,18.0049,773.0157
9WC2,39,729.901,5,633.2016,14.1834,633.2406,14.1605,744.9319
9WC2,40,704.564,5,604.7716,18.3584,604.7830,18.3559,723.1337
9WC2,41,679.985,5,586.5727,6.1867,586.5898,6.1592,699.0670
9WC2,42,656.145,5,561.1402,15.1863,561.1531,15.2001,675.2317
9WC2,43,633.025,5,533.8015,11.2611,533.8578,11.2783,643.3218
9WC2,44,610.606,5,524.9846,3.3545,524.9811,3.3711,618.3503
9WC2,45,588.872,5,494.8710,11.8618,494.8753,11.8582,600.7045
9WC2,46,567.804,5,493.5601,6.1027,493.5467,6.0989,579.6326
9WC2,47,547.386,5,462.9160,3.6575,462.9311,3.6585,555.7404
9WC2,48,527.6,5,452.1211,10.1403,452.1516,10.1485,529.7756
9WC2,49,508.43,5,436.7771,6.0733,436.7933,6.0960,518.0846
9WC2,50,489.861,5,422.3903,8.8157,422.3849,8.8148,498.1929
9WC2,51,471.875,5,406.5702,9.8615,406.5828,9.8571,479.2256
9WC2,52,454.46,5,383.8650,6.4001,383.8739,6.4243,464.9666
9WC2,53,437.597,5,371.3411,6.0183,371.3737,6.0260,442.2418
9WC2,54,421.274,5,357.3794,4.6644,357.3808,4.6696,437.3558
9WC2,55,405.476,5,349.0581,4.3182,349.0662,4.3161,420.2982
9WC2,56,390.188,5,333.7037,6.6511,333.7328,6.6597,390.4492
9WC2,57,375.397,5,324.4304,4.7411,324.4203,4.7497,385.7141
9WC2,58,361.089,5,308.4369,5.8969,308.4393,5.8931,369.9097
9WC2,59,347.251,5,295.4413,4.1456,295.4375,4.1488,352.8675
9WC2,60,333.87,5,288.4680,4.2492,288.4938,4.2296,343.5345
9WC2,61,320.934,5,275.1678,3.0422,275.1717,3.0368,329.5056
9WC2,62,308.43,5,264.7429,5.9923,264.7471,5.9670,316.4212
9WC2,63,296.345,5,250.0293,7.8297,250.0504,7.8374,304.0777
9WC2,64,284.669,5,243.2126,4.2481,243.2309,4.2084,290.9187
9WC2,65,273.389,5,233.4137,4.9793,233.4575,4.9481,284.2154
9WC2,66,262.495,5,223.1745,1.8020,223.1811,1.7870,269.2663
9WC2,67,251.974,5,213.6490,5.8769,213.6521,5.9010,255.3842
9WC2,68,241.818,5,205.7246,2.7337,205.7131,2.7215,245.3702
9WC2,69,232.014,5,197.7715,3.9627,197.7814,3.9753,237.4074
9WC2,70,222.553,5,190.9986,2.3462,191.0167,2.3507,226.5317
9WC2,71,213.425,5,184.9492,3.6451,184.9733,3.6373,221.3599
9WC2,72,204.619,5,173.8780,1.4971,173.8930,1.4758,209.1370
9WC2,73,196.127,5,165.1152,2.7312,165.1288,2.7323,199.4769
9WC2,74,187.938,5,162.5119,3.8619,162.4954,3.8874,190.9485
9WC2,75,180.045,5,154.0933,2.7735,154.0985,2.8037,184.7830
9WC2,76,172.437,5,147.3170,2.7500,147.3231,2.7293,176.5276
9WC2,77,165.106,5,141.2008,2.1988,141.2123,2.2139,169.4451
9WC2,78,158.045,5,134.1998,2.6674,134.1981,2.6627,160.4279
9WC2,79,151.243,5,127.3771,2.2740,127.3863,2.3015,155.2700
9WC2,80,144.695,5,121.1287,2.2322,121.1090,2.2400,145.6988
9WC2,81,138.39,5,116.1462,1.4364,116.1563,1.4060,138.8661
9WC2,82,132.323,5,110.6568,0.8697,110.6851,0.8977,134.4111
9WC2,83,126.485,5,106.5360,1.5061,106.5678,1.4967,126.2379
9WC2,84,120.869,5,102.0481,1.4218,102.0625,1.4138,122.2242
9WC2,85,115.469,5,98.4652,1.4456,98.4632,1.4200,118.3503
9WC2,86,110.276,5,93.1045,1.4833,93.0926,1.4905,112.1537
9WC2,87,105.285,5,89.0847,0.8043,89.0663,0.7980,106.0717
9WC2,88,100.489,5,85.8065,0.9283,85.8137,0.9175,104.2159
9WC2,89,95.8813,5,80.6433,1.5803,80.6486,1.5767,97.0936
9WC2,90,91.4559,5,76.0243,1.9374,76.0173,1.9710,92.1429
9WC2,91,87.2068,5,73.9569,0.7442,73.9628,0.7855,89.1179
9WC2,92,83.1281,5,69.6832,1.7239,69.7005,1.7107,84.3078
9WC2,93,79.2139,5,66.1250,1.5608,66.1561,1.5873,79.2590
9WC2,94,75.4588,5,62.5656,0.7425,62.5827,0.7490,76.6229
9WC2,95,71.8574,5,60.2687,1.2055,60.2886,1.2221,73.9530
9WC2,96,68.4042,5,56.8490,0.9797,56.8572,0.9523,69.3173
9WC2,97,65.0944,5,54.8713,1.3038,54.8719,1.2936,66.4569
9WC2,98,61.9226,5,52.0925,0.8084,52.0854,0.8152,62.8184
9WC2,99,58.8844,5,49.8186,1.5718,49.8466,1.5911,59.9629
9WC2,100,55.9748,5,46.2922,0.8083,46.3037,0.8314,56.9980
9WC2,101,53.1893,5,44.6076,0.8856,44.6548,0.8666,53.5904
9WC2,102,50.5235,5,42.2257,1.1580,42.2426,1.1156,51.4685
9WC2,103,47.9731,5,40.3450,0.5186,40.3707,0.5014,49.0745
9WC2,104,45.5338,5,37.9625,0.4875,38.0151,0.4390,45.7293
9WC2,105,43.2016,5,35.5992,0.3397,35.6291,0.3221,43.1083
9WC2,106,40.9725,5,33.4055,0.7110,33.4277,0.7024,40.7482
9WC2,107,38.8428,5,32.0642,0.5053,32.1132,0.5210,38.3190
9WC2,108,36.8086,5,30.4814,0.2973,30.5376,0.2857,37.1500
9WC2,109,34.8665,5,28.6967,0.3354,28.7517,0.3348,34.8603
9WC2,110,33.0129,5,27.1986,0.4758,27.2492,0.4496,32.9824
9WC2,111,31.2443,5,25.8495,0.4774,25.9037,0.4565,31.2971
9WC2,112,29.5577,5,24.7571,0.4614,24.7986,0.4769,29.8120
9WC2,113,27.9497,5,23.6500,0.1946,23.7197,0.1791,28.2245
9WC2,114,26.4172,5,21.9475,0.3932,22.0531,0.3376,26.9878
9WC2,115,24.9573,5,20.9282,0.2331,21.0029,0.2101,25.3160
9WC2,116,23.5672,5,19.5538,0.4038,19.6473,0.3676,23.6999
9WC2,117,22.2439,5,18.4695,0.3119,18.5722,0.3518,22.6347
9WC2,118,20.9849,5,17.5982,0.1441,17.6919,0.1463,21.2950
9WC2,119,19.7874,5,16.2034,0.1890,16.2713,0.2024,20.3524
9WC2,120,18.649,5,15.3817,0.1041,15.4796,0.0965,18.7268
9WC2,121,17.5672,5,14.3751,0.1715,14.4532,0.2189,17.5314
9WC2,122,16.5396,5,13.4588,0.2676,13.5444,0.3161,16.5913
9WC2,123,15.564,5,12.7547,0.2364,12.8341,0.2546,15.2858
9WC2,124,14.6382,5,11.9522,0.3430,12.0223,0.3815,14.7980
9WC2,125,13.7599,5,11.2697,0.0433,11.3220,0.0498,13.7886
9WC2,126,12.9272,5,10.8135,0.2154,10.8885,0.2465,13.2411
9WC2,127,12.1381,5,9.9613,0.1355,10.0581,0.1599,12.3915
9WC2,128,11.3907,5,9.2537,0.1977,9.3600,0.2097,11.2119
9WC2,129,10.683,5,8.6188,0.1816,8.7279,0.2210,10.4800
9WC2,130,10.0134,5,8.0785,0.1270,8.2201,0.1554,9.8519
9WC2,131,9.38004,5,7.6111,0.0669,7.6877,0.0674,9.2913
9WC2,132,8.78137,5,7.2469,0.0947,7.3716,0.0828,8.7466
9WC2,133,8.21574,5,6.6732,0.1013,6.8061,0.1094,8.1936
9WC2,134,7.68164,5,6.2471,0.0727,6.3980,0.1173,7.5361
9WC2,135,7.17757,5,5.9024,0.0975,6.0467,0.1378,7.1843
9WC2,136,6.70213,5,5.4933,0.0914,5.6630,0.1483,6.6270
9WC2,137,6.25395,5,5.0974,0.1174,5.2690,0.1046,6.3120
9WC2,138,5.8317,5,4.7656,0.0707,4.9581,0.1220,5.8650
9WC2,139,5.43412,5,4.4000,0.0605,4.6176,0.1346,5.3548
9WC2,140,5.06001,5,4.1908,0.1023,4.4057,0.1844,5.0158
9WC2,141,4.7082,5,3.7891,0.0477,4.0486,0.1603,4.6667
9WC2,142,4.37757,5,3.6100,0.0671,3.8803,0.1504,4.4030
9WC2,143,4.06704,5,3.3658,0.0505,3.6440,0.1117,4.0758
9WC2,144,3.77558,5,3.0972,0.0841,3.3548,0.1331,3.8268
9WC2,145,3.50222,5,2.8921,0.0368,3.1290,0.1094,3.5381
9WC2,146,3.246,5,2.6587,0.0873,2.9073,0.1203,3.2542
9WC2,147,3.00601,5,2.4651,0.0483,2.7488,0.1159,3.0258
9WC2,148,2.7814,5,2.2463,0.0380,2.5659,0.1505,2.7588
9WC2,149,2.57133,5,2.1030,0.0634,2.4614,0.1386,2.5816
9WC2,150,2.37501,5,1.9103,0.0353,2.3070,0.1252,2.3485
9WC2,151,2.19168,5,1.7912,0.0354,2.1982,0.1268,2.1368
9WC2,152,2.02061,5,1.6462,0.0085,2.0721,0.1247,2.0298
9WC2,153,1.86112,5,1.5245,0.0273,1.9852,0.1520,1.8488
9WC2,154,1.71255,5,1.3809,0.0167,1.8887,0.1701,1.6975
9WC2,155,1.57426,5,1.2750,0.0228,1.8145,0.1647,1.5646
9WC2,156,1.44565,5,1.1562,0.0194,1.7205,0.1543,1.4071
9WC2,157,1.32616,5,1.0576,0.0119,1.6599,0.1582,1.3083
9WC2,158,1.21523,5,0.9679,0.0231,1.5959,0.1506,1.2047
9WC2,159,1.11236,5,0.8741,0.0224,1.5445,0.1465,1.0923
9WC2,160,1.01704,5,0.8056,0.0144,1.5334,0.1638,1.0170
9WC2,161,0.928804,5,0.7009,0.0126,1.4791,0.1715,0.1050
9WC2,162,0.847218,5,0.6085,0.0110,1.4360,0.1784,0.0926
9WC2,163,0.771854,5,0.5273,0.0097,1.4020,0.1845,0.0815
9WC2,164,0.702309,5,0.4560,0.0084,1.3754,0.1896,0.0716
9WC2,165,0.638207,5,0.3934,0.0072,1.3549,0.1937,0.0628
9WC2,166,0.579186,5,0.3388,0.0063,1.3391,0.1972,0.0549
9WC2,167,0.524908,5,0.2911,0.0054,1.3271,0.1999,0.0479
9WC2,168,0.475048,5,0.2495,0.0046,1.3179,0.2022,0.0418
9WC2,169,0.429305,5,0.2134,0.0039,1.3111,0.2039,0.0364
9WC2,170,0.38739,5,0.1821,0.0033,1.3059,0.2053,0.0316
9WC2,171,0.349033,5,0.1551,0.0028,1.3020,0.2064,0.0273
9WC2,172,0.313979,5,0.1318,0.0023,1.2992,0.2073,0.0236
9WC2,173,0.281986,5,0.1119,0.0019,1.2970,0.2080,0.0203
9WC2,174,0.252829,5,0.0947,0.0016,1.2955,0.2085,0.0175
9WC2,175,0.226295,5,0.0800,0.0014,1.2943,0.2090,0.0151
9WC2,176,0.202186,5,0.0675,0.0012,1.2935,0.2093,0.0129
9WC2,177,0.180312,5,0.0569,0.0010,1.2929,0.2096,0.0110
9WC2,178,0.160499,5,0.0478,0.0009,1.2925,0.2098,0.0094
9WC2,179,0.142582,5,0.0402,0.0009,1.2922,0.2100,0.0080
9WC2,180,0.126407,5,0.0338,0.0008,1.2920,0.2101,0.0068
9WC2,181,0.111832,5,0.0284,0.0008,1.2919,0.2101,0.0058
9WC2,182,0.0987208,5,0.0239,0.0008,1.2918,0.2102,0.0050
9WC2,183,0.0869503,5,0.0200,0.0007,1.2918,0.2102,0.0043
9WC2,184,0.0764038,5,0.0168,0.0007,1.2918,0.2103,0.0036
9WC2,185,0.0669735,5,0.0141,0.0006,1.2918,0.2103,0.0031
9WC2,186,0.0585587,5,0.0119,0.0006,1.2919,0.2103,0.0027
9WC2,187,0.0510671,5,0.0100,0.0005,1.2919,0.2104,0.0023
9WC2,188,0.0444124,5,0.0085,0.0004,1.2919,0.2104,0.0020
9WC2,189,0.0385154,5,0.0071,0.0004,1.2919,0.2104,0.0018
9WC2,190,0.0333026,5,0.0060,0.0003,1.2919,0.2105,0.0016
9WC2,191,0.0287066,5,0.0050,0.0002,1.2920,0.2105,0.0015
9WC2,192,0.0246654,5,0.0041,0.0002,1.2920,0.2105,0.0013
9WC2,193,0.021122,5,0.0035,0.0001,1.2920,0.2105,0.0012
9WC2,194,0.0180242,5,0.0029,0.0001,1.2920,0.2105,0.0011
9WC2,195,0.0153242,5,0.0024,0.0001,1.2920,0.2105,0.0010
9WC2,196,0.0129786,5,0.0019,0.0001,1.2920,0.2105,0.0009
9WC2,197,0.0109477,5,0.0015,0.0001,1.2920,0.2105,0.0008
9WC2,198,0.00919558,5,0.0012,0.0001,1.2920,0.2105,0.0008
9WC2,199,0.00768951,5,0.0007,0.0000,1.2920,0.2105,0.0008
9WC2,200,0.00640001,5,0.0000,0.0000,1.2920,0.2105,0.0007
